row_id,order_id,order_date,ship_date,ship_mode,customer_id,customer_name,segment,country,city,state,postal_code,region,product_id,category,sub_category,product_name,sales,quantity,discount,profit
1,CA-2013-152156,2013-09-11,2013-12-11,Second Class,CG-12520,Claire Gute,Consumer,United States,Henderson,Kentucky,42420,South,FUR-BO-10001798,Furniture,Bookcases,Bush Somerset Collection Bookcase,261.96,2,0.0,41.9136
2,CA-2013-152156,2013-09-11,2013-12-11,Second Class,CG-12520,Claire Gute,Consumer,United States,Henderson,Kentucky,42420,South,FUR-CH-10000454,Furniture,Chairs,"Hon Deluxe Fabric Upholstered Stacking Chairs, Rounded Back",731.94,3,0.0,219.582
4,US-2012-108966,2012-11-10,,Standard Class,SO-20335,Sean O'Donnell,Consumer,United States,Fort Lauderdale,Florida,33311,South,FUR-TA-10000577,Furniture,Tables,Bretford CR4500 Series Slim Rectangular Table,957.5775,5,0.45,-383.031
5,US-2012-108966,2012-11-10,,Standard Class,SO-20335,Sean O'Donnell,Consumer,United States,Fort Lauderdale,Florida,33311,South,OFF-ST-10000760,Office Supplies,Storage,Eldon Fold 'N Roll Cart System,22.368,2,0.2,2.5164
6,CA-2011-115812,2011-09-06,,Standard Class,BH-11710,Brosina Hoffman,Consumer,United States,Los Angeles,California,90032,West,FUR-FU-10001487,Furniture,Furnishings,"Eldon Expressions Wood and Plastic Desk Accessories, Cherry Wood",48.86,7,0.0,14.1694
7,CA-2011-115812,2011-09-06,,Standard Class,BH-11710,Brosina Hoffman,Consumer,United States,Los Angeles,California,90032,West,OFF-AR-10002833,Office Supplies,Art,Newell 322,7.28,4,0.0,1.9656
8,CA-2011-115812,2011-09-06,,Standard Class,BH-11710,Brosina Hoffman,Consumer,United States,Los Angeles,California,90032,West,TEC-PH-10002275,Technology,Phones,Mitel 5320 IP Phone VoIP phone,907.152,6,0.2,90.7152
9,CA-2011-115812,2011-09-06,,Standard Class,BH-11710,Brosina Hoffman,Consumer,United States,Los Angeles,California,90032,West,OFF-BI-10003910,Office Supplies,Binders,DXL Angle-View Binders with Locking Rings by Samsill,18.504,3,0.2,5.7825
10,CA-2011-115812,2011-09-06,,Standard Class,BH-11710,Brosina Hoffman,Consumer,United States,Los Angeles,California,90032,West,OFF-AP-10002892,Office Supplies,Appliances,Belkin F5C206VTEL 6 Outlet Surge,114.9,5,0.0,34.47
11,CA-2011-115812,2011-09-06,,Standard Class,BH-11710,Brosina Hoffman,Consumer,United States,Los Angeles,California,90032,West,FUR-TA-10001539,Furniture,Tables,Chromcraft Rectangular Conference Tables,1706.184,9,0.2,85.3092
12,CA-2011-115812,2011-09-06,,Standard Class,BH-11710,Brosina Hoffman,Consumer,United States,Los Angeles,California,90032,West,TEC-PH-10002033,Technology,Phones,Konftel 250 Conference phone - Charcoal black,911.424,4,0.2,68.3568
14,CA-2013-161389,2013-06-12,2013-11-12,Standard Class,IM-15070,Irene Maddox,Consumer,United States,Seattle,Washington,98103,West,OFF-BI-10003656,Office Supplies,Binders,Fellowes PB200 Plastic Comb Binding Machine,407.976,3,0.2,132.5922
17,CA-2011-105893,2011-11-11,,Standard Class,PK-19075,Pete Kriz,Consumer,United States,Madison,Wisconsin,53711,Central,OFF-ST-10004186,Office Supplies,Storage,"Stur-D-Stor Shelving, Vertical 5-Shelf: 72""H x 36""W x 18 1/2""D",665.88,6,0.0,13.3176
22,CA-2013-137330,2013-10-12,,Standard Class,KB-16585,Ken Black,Corporate,United States,Fremont,Nebraska,68025,Central,OFF-AR-10000246,Office Supplies,Art,Newell 318,19.46,7,0.0,5.0596
23,CA-2013-137330,2013-10-12,,Standard Class,KB-16585,Ken Black,Corporate,United States,Fremont,Nebraska,68025,Central,OFF-AP-10001492,Office Supplies,Appliances,"Acco Six-Outlet Power Strip, 4' Cord Length",60.34,7,0.0,15.6884
36,CA-2013-117590,2013-09-12,2013-11-12,First Class,GH-14485,Gene Hale,Corporate,United States,Richardson,Texas,75080,Central,TEC-PH-10004977,Technology,Phones,GE 30524EE4,1097.544,7,0.2,123.4737
37,CA-2013-117590,2013-09-12,2013-11-12,First Class,GH-14485,Gene Hale,Corporate,United States,Richardson,Texas,75080,Central,FUR-FU-10003664,Furniture,Furnishings,"Electrix Architect's Clamp-On Swing Arm Lamp, Black",190.92,5,0.6,-147.963
42,CA-2014-120999,2014-11-09,,Standard Class,LC-16930,Linda Cazamias,Corporate,United States,Naperville,Illinois,60540,Central,TEC-PH-10004093,Technology,Phones,Panasonic Kx-TS550,147.168,4,0.2,16.5564
45,CA-2013-118255,2013-12-03,,First Class,ON-18715,Odella Nelson,Corporate,United States,Eagan,Minnesota,55122,Central,TEC-AC-10000171,Technology,Accessories,"Verbatim 25 GB 6x Blu-ray Single Layer Recordable Disc, 25/Pack",45.98,2,0.0,19.7714
46,CA-2013-118255,2013-12-03,,First Class,ON-18715,Odella Nelson,Corporate,United States,Eagan,Minnesota,55122,Central,OFF-BI-10003291,Office Supplies,Binders,Wilson Jones Leather-Like Binders with DublLock Round Rings,17.46,2,0.0,8.2062
54,CA-2013-105816,2013-12-12,,Standard Class,JM-15265,Janet Molinari,Corporate,United States,New York City,New York,10024,East,OFF-FA-10000304,Office Supplies,Fasteners,Advantus Push Pins,15.26,7,0.0,6.2566
55,CA-2013-105816,2013-12-12,,Standard Class,JM-15265,Janet Molinari,Corporate,United States,New York City,New York,10024,East,TEC-PH-10002447,Technology,Phones,AT&T CL83451 4-Handset Telephone,1029.95,5,0.0,298.6855
68,CA-2011-106376,2011-05-12,2011-10-12,Standard Class,BS-11590,Brendan Sweed,Corporate,United States,Gilbert,Arizona,85234,West,OFF-AR-10002671,Office Supplies,Art,"Hunt BOSTON Model 1606 High-Volume Electric Pencil Sharpener, Beige",1113.024,8,0.2,111.3024
69,CA-2011-106376,2011-05-12,2011-10-12,Standard Class,BS-11590,Brendan Sweed,Corporate,United States,Gilbert,Arizona,85234,West,TEC-PH-10002726,Technology,Phones,netTALK DUO VoIP Telephone Service,167.968,4,0.2,62.988
70,CA-2013-119823,2013-05-06,2013-07-06,First Class,KD-16270,Karen Daniels,Consumer,United States,Springfield,Virginia,22153,South,OFF-PA-10000482,Office Supplies,Paper,"Snap-A-Way Black Print Carbonless Ruled Speed Letter, Triplicate",75.88,2,0.0,35.6636
76,US-2014-118038,2014-10-12,2014-12-12,First Class,KB-16600,Ken Brennan,Corporate,United States,Houston,Texas,77041,Central,OFF-BI-10004182,Office Supplies,Binders,Economy Binders,1.248,3,0.8,-1.9344
77,US-2014-118038,2014-10-12,2014-12-12,First Class,KB-16600,Ken Brennan,Corporate,United States,Houston,Texas,77041,Central,FUR-FU-10000260,Furniture,Furnishings,"6"" Cubicle Wall Clock, Black",9.708,3,0.6,-5.8248
78,US-2014-118038,2014-10-12,2014-12-12,First Class,KB-16600,Ken Brennan,Corporate,United States,Houston,Texas,77041,Central,OFF-ST-10000615,Office Supplies,Storage,"SimpliFile Personal File, Black Granite, 15w x 6-15/16d x 11-1/4h",27.24,3,0.2,2.724
82,CA-2011-139451,2011-12-10,,Standard Class,DN-13690,Duane Noonan,Consumer,United States,San Francisco,California,94122,West,OFF-AR-10002053,Office Supplies,Art,"Premium Writing Pencils, Soft, #2 by Central Association for the Blind",14.9,5,0.0,4.172
83,CA-2011-139451,2011-12-10,,Standard Class,DN-13690,Duane Noonan,Consumer,United States,San Francisco,California,94122,West,OFF-ST-10002370,Office Supplies,Storage,"Sortfiler Multipurpose Personal File Organizer, Black",21.39,1,0.0,6.2031
84,CA-2012-149734,2012-03-09,2012-08-09,Standard Class,JC-16105,Julie Creighton,Corporate,United States,Durham,North Carolina,27707,South,OFF-EN-10000927,Office Supplies,Envelopes,Jet-Pak Recycled Peel 'N' Seal Padded Mailers,200.984,7,0.2,62.8075
89,CA-2013-159695,2013-06-04,2013-11-04,Second Class,GM-14455,Gary Mitchum,Home Office,United States,Houston,Texas,77095,Central,OFF-ST-10003442,Office Supplies,Storage,Eldon Portable Mobile Manager,158.368,7,0.2,13.8572
96,US-2014-109484,2014-07-11,,Standard Class,RB-19705,Roger Barcio,Home Office,United States,Portland,Oregon,97206,West,OFF-BI-10004738,Office Supplies,Binders,Flexible Leather- Look Classic Collection Ring Binder,5.682,1,0.7,-3.788
97,CA-2014-161018,2014-10-11,2014-12-11,Second Class,PN-18775,Parhena Norris,Home Office,United States,New York City,New York,10009,East,FUR-FU-10000629,Furniture,Furnishings,9-3/4 Diameter Round Wall Clock,96.53,7,0.0,40.5426
99,CA-2013-149223,2013-07-09,2013-12-09,Standard Class,ER-13855,Elpida Rittenbach,Corporate,United States,Saint Paul,Minnesota,55106,Central,OFF-AP-10000358,Office Supplies,Appliances,Fellowes Basic Home/Office Series Surge Protectors,77.88,6,0.0,22.5852
103,CA-2013-129903,2013-02-12,2013-05-12,Second Class,GZ-14470,Gary Zandusky,Consumer,United States,Rochester,Minnesota,55901,Central,OFF-PA-10004040,Office Supplies,Paper,Universal Premium White Copier/Laser Paper (20Lb. and 87 Bright),23.92,4,0.0,11.7208
112,CA-2013-128867,2013-04-11,2013-11-11,Standard Class,CL-12565,Clay Ludtke,Consumer,United States,Urbandale,Iowa,50322,Central,OFF-AR-10000380,Office Supplies,Art,"Hunt PowerHouse Electric Pencil Sharpener, Blue",75.96,2,0.0,22.788
113,CA-2013-128867,2013-04-11,2013-11-11,Standard Class,CL-12565,Clay Ludtke,Consumer,United States,Urbandale,Iowa,50322,Central,OFF-BI-10003981,Office Supplies,Binders,"Avery Durable Plastic 1"" Binders",27.24,6,0.0,13.3476
118,CA-2012-110457,2012-02-03,2012-06-03,Standard Class,DK-13090,Dave Kipp,Consumer,United States,Seattle,Washington,98103,West,FUR-TA-10001768,Furniture,Tables,Hon Racetrack Conference Tables,787.53,3,0.0,165.3813
119,US-2012-136476,2012-05-04,2012-10-04,Standard Class,GG-14650,Greg Guthrie,Corporate,United States,Bristol,Tennessee,37620,South,OFF-BI-10003650,Office Supplies,Binders,GBC DocuBind 300 Electric Binding Machine,157.794,1,0.7,-115.7156
127,US-2014-107272,2014-06-11,,Standard Class,TS-21610,Troy Staebel,Consumer,United States,Phoenix,Arizona,85023,West,OFF-BI-10003274,Office Supplies,Binders,"Avery Durable Slant Ring Binders, No Labels",2.388,2,0.7,-1.8308
128,US-2014-107272,2014-06-11,,Standard Class,TS-21610,Troy Staebel,Consumer,United States,Phoenix,Arizona,85023,West,OFF-ST-10002974,Office Supplies,Storage,"Trav-L-File Heavy-Duty Shuttle II, Black",243.992,7,0.2,30.499
129,US-2013-125969,2013-07-11,2013-11-11,Second Class,LS-16975,Lindsay Shagiari,Home Office,United States,Los Angeles,California,90004,West,FUR-CH-10001146,Furniture,Chairs,"Global Task Chair, Black",81.424,2,0.2,-9.1602
130,US-2013-125969,2013-07-11,2013-11-11,Second Class,LS-16975,Lindsay Shagiari,Home Office,United States,Los Angeles,California,90004,West,FUR-FU-10003773,Furniture,Furnishings,Eldon Cleatmat Plus Chair Mats for High Pile Carpets,238.56,3,0.0,26.2416
131,US-2014-164147,2014-03-02,2014-06-02,First Class,DW-13585,Dorothy Wardle,Corporate,United States,Columbus,Ohio,43229,East,TEC-PH-10002293,Technology,Phones,Anker 36W 4-Port USB Wall Charger Travel Power Adapter for iPhone 5s 5c 5,59.97,5,0.4,-11.994
132,US-2014-164147,2014-03-02,2014-06-02,First Class,DW-13585,Dorothy Wardle,Corporate,United States,Columbus,Ohio,43229,East,OFF-PA-10002377,Office Supplies,Paper,Xerox 1916,78.304,2,0.2,29.364
133,US-2014-164147,2014-03-02,2014-06-02,First Class,DW-13585,Dorothy Wardle,Corporate,United States,Columbus,Ohio,43229,East,OFF-FA-10002780,Office Supplies,Fasteners,Staples,21.456,9,0.2,6.9732
141,CA-2013-110366,2013-06-09,2013-08-09,Second Class,JD-15895,Jonathan Doherty,Corporate,United States,Philadelphia,Pennsylvania,19140,East,FUR-FU-10004848,Furniture,Furnishings,"Howard Miller 13-3/4"" Diameter Brushed Chrome Round Wall Clock",82.8,2,0.2,10.35
146,CA-2012-110744,2012-07-09,2012-12-09,Standard Class,HA-14920,Helen Andreada,Consumer,United States,Pasadena,California,91104,West,OFF-ST-10003656,Office Supplies,Storage,Safco Industrial Wire Shelving,671.93,7,0.0,20.1579
148,CA-2013-114489,2013-06-12,2013-10-12,Standard Class,JE-16165,Justin Ellison,Corporate,United States,Franklin,Wisconsin,53132,Central,TEC-PH-10000215,Technology,Phones,Plantronics Cordless Phone Headset with In-line Volume - M214C,384.45,11,0.0,103.8015
149,CA-2013-114489,2013-06-12,2013-10-12,Standard Class,JE-16165,Justin Ellison,Corporate,United States,Franklin,Wisconsin,53132,Central,TEC-PH-10001448,Technology,Phones,Anker Astro 15000mAh USB Portable Charger,149.97,3,0.0,5.9988
150,CA-2013-114489,2013-06-12,2013-10-12,Standard Class,JE-16165,Justin Ellison,Corporate,United States,Franklin,Wisconsin,53132,Central,FUR-CH-10000454,Furniture,Chairs,"Hon Deluxe Fabric Upholstered Stacking Chairs, Rounded Back",1951.84,8,0.0,585.552
151,CA-2013-114489,2013-06-12,2013-10-12,Standard Class,JE-16165,Justin Ellison,Corporate,United States,Franklin,Wisconsin,53132,Central,OFF-BI-10002735,Office Supplies,Binders,GBC Prestige Therm-A-Bind Covers,171.55,5,0.0,80.6285
158,CA-2011-104269,2011-01-03,2011-06-03,Second Class,DB-13060,Dave Brooks,Consumer,United States,Seattle,Washington,98115,West,FUR-CH-10004063,Furniture,Chairs,Global Deluxe High-Back Manager's Chair,457.568,2,0.2,51.4764
161,CA-2013-162733,2013-12-05,,First Class,TT-21070,Ted Trevino,Consumer,United States,Los Angeles,California,90045,West,OFF-PA-10002751,Office Supplies,Paper,Xerox 1920,5.98,1,0.0,2.691
164,CA-2013-113817,2013-08-11,2013-12-11,Standard Class,MJ-17740,Max Jones,Consumer,United States,Seattle,Washington,98115,West,OFF-BI-10004002,Office Supplies,Binders,Wilson Jones International Size A4 Ring Binders,27.68,2,0.2,9.688
165,CA-2011-139892,2011-08-09,2011-12-09,Standard Class,BM-11140,Becky Martin,Consumer,United States,San Antonio,Texas,78207,Central,OFF-AR-10004441,Office Supplies,Art,BIC Brite Liner Highlighters,9.936,3,0.2,2.7324
166,CA-2011-139892,2011-08-09,2011-12-09,Standard Class,BM-11140,Becky Martin,Consumer,United States,San Antonio,Texas,78207,Central,TEC-MA-10000822,Technology,Machines,Lexmark MX611dhe Monochrome Laser Printer,8159.952,8,0.4,-1359.992
167,CA-2011-139892,2011-08-09,2011-12-09,Standard Class,BM-11140,Becky Martin,Consumer,United States,San Antonio,Texas,78207,Central,OFF-ST-10000991,Office Supplies,Storage,Space Solutions HD Industrial Steel Shelving.,275.928,3,0.2,-58.6347
168,CA-2011-139892,2011-08-09,2011-12-09,Standard Class,BM-11140,Becky Martin,Consumer,United States,San Antonio,Texas,78207,Central,FUR-CH-10004287,Furniture,Chairs,SAFCO Arco Folding Chair,1740.06,9,0.3,-24.858
169,CA-2011-139892,2011-08-09,2011-12-09,Standard Class,BM-11140,Becky Martin,Consumer,United States,San Antonio,Texas,78207,Central,OFF-AR-10002656,Office Supplies,Art,Sanford Liquid Accent Highlighters,32.064,6,0.2,6.8136
170,CA-2011-139892,2011-08-09,2011-12-09,Standard Class,BM-11140,Becky Martin,Consumer,United States,San Antonio,Texas,78207,Central,OFF-AP-10002518,Office Supplies,Appliances,Kensington 7 Outlet MasterPiece Power Center,177.98,5,0.8,-453.849
171,CA-2011-139892,2011-08-09,2011-12-09,Standard Class,BM-11140,Becky Martin,Consumer,United States,San Antonio,Texas,78207,Central,TEC-PH-10003931,Technology,Phones,JBL Micro Wireless Portable Bluetooth Speaker,143.976,3,0.2,8.9985
172,CA-2011-118962,2011-05-08,2011-09-08,Standard Class,CS-12130,Chad Sievert,Consumer,United States,Los Angeles,California,90004,West,OFF-PA-10000659,Office Supplies,Paper,"Adams Phone Message Book, Professional, 400 Message Capacity, 5 3/6 x 11",20.94,3,0.0,9.8418
173,CA-2011-118962,2011-05-08,2011-09-08,Standard Class,CS-12130,Chad Sievert,Consumer,United States,Los Angeles,California,90004,West,OFF-PA-10001144,Office Supplies,Paper,Xerox 1913,110.96,2,0.0,53.2608
174,CA-2011-118962,2011-05-08,2011-09-08,Standard Class,CS-12130,Chad Sievert,Consumer,United States,Los Angeles,California,90004,West,FUR-CH-10003817,Furniture,Chairs,"Global Value Steno Chair, Gray",340.144,7,0.2,21.259
181,CA-2011-166191,2011-05-12,2011-09-12,Second Class,DK-13150,David Kendrick,Corporate,United States,Decatur,Illinois,62521,Central,OFF-ST-10003455,Office Supplies,Storage,"Tenex File Box, Personal Filing Tote with Lid, Black",24.816,2,0.2,1.8612
182,CA-2011-166191,2011-05-12,2011-09-12,Second Class,DK-13150,David Kendrick,Corporate,United States,Decatur,Illinois,62521,Central,TEC-AC-10004659,Technology,Accessories,Imation Secure+ Hardware Encrypted USB 2.0 Flash Drive; 16GB,408.744,7,0.2,76.6395
190,CA-2012-102281,2012-12-10,,First Class,MP-17470,Mark Packer,Home Office,United States,New York City,New York,10035,East,FUR-BO-10002613,Furniture,Bookcases,"Atlantic Metals Mobile 4-Shelf Bookcases, Custom Colors",899.136,4,0.2,112.392
191,CA-2012-102281,2012-12-10,,First Class,MP-17470,Mark Packer,Home Office,United States,New York City,New York,10035,East,TEC-PH-10001552,Technology,Phones,I Need's 3d Hello Kitty Hybrid Silicone Case Cover for HTC One X 4g with 3d Hello Kitty Stylus Pen Green/pink,71.76,6,0.0,20.0928
192,CA-2012-102281,2012-12-10,,First Class,MP-17470,Mark Packer,Home Office,United States,New York City,New York,10035,East,OFF-PA-10000061,Office Supplies,Paper,Xerox 205,51.84,8,0.0,24.8832
193,CA-2012-102281,2012-12-10,,First Class,MP-17470,Mark Packer,Home Office,United States,New York City,New York,10035,East,FUR-BO-10002545,Furniture,Bookcases,"Atlantic Metals Mobile 3-Shelf Bookcases, Custom Colors",626.352,3,0.2,46.9764
194,CA-2012-102281,2012-12-10,,First Class,MP-17470,Mark Packer,Home Office,United States,New York City,New York,10035,East,OFF-AR-10003514,Office Supplies,Art,4009 Highlighters by Sanford,19.9,5,0.0,6.567
198,CA-2014-107720,2014-07-11,,Standard Class,VM-21685,Valerie Mitchum,Home Office,United States,Westfield,New Jersey,7090,East,OFF-ST-10001414,Office Supplies,Storage,Decoflex Hanging Personal Folder File,46.26,3,0.0,12.0276
199,US-2014-124303,2014-07-07,,Standard Class,FH-14365,Fred Hopkins,Corporate,United States,Philadelphia,Pennsylvania,19120,East,OFF-BI-10000343,Office Supplies,Binders,"Pressboard Covers with Storage Hooks, 9 1/2"" x 11"", Light Blue",2.946,2,0.7,-2.2586
200,US-2014-124303,2014-07-07,,Standard Class,FH-14365,Fred Hopkins,Corporate,United States,Philadelphia,Pennsylvania,19120,East,OFF-PA-10002749,Office Supplies,Paper,"Wirebound Message Books, 5-1/2 x 4 Forms, 2 or 4 Forms per Page",16.056,3,0.2,5.8203
202,CA-2011-133690,2011-03-08,2011-05-08,First Class,BS-11755,Bruce Stewart,Consumer,United States,Denver,Colorado,80219,West,FUR-TA-10004289,Furniture,Tables,BoxOffice By Design Rectangular and Half-Moon Meeting Room Tables,218.75,2,0.5,-161.875
203,CA-2011-133690,2011-03-08,2011-05-08,First Class,BS-11755,Bruce Stewart,Consumer,United States,Denver,Colorado,80219,West,OFF-AP-10003622,Office Supplies,Appliances,"Bravo II Megaboss 12-Amp Hard Body Upright, Replacement Belts, 2 Belts per Pack",2.6,1,0.2,0.2925
205,CA-2014-126382,2014-04-06,2014-08-06,Standard Class,HK-14890,Heather Kirkland,Corporate,United States,Franklin,Tennessee,37064,South,FUR-FU-10002960,Furniture,Furnishings,"Eldon 200 Class Desk Accessories, Burgundy",35.168,7,0.2,9.6712
206,CA-2014-108329,2014-10-12,,Standard Class,LE-16810,Laurel Elliston,Consumer,United States,Whittier,California,90604,West,TEC-PH-10001918,Technology,Phones,Nortel Business Series Terminal T7208 Digital phone,444.768,4,0.2,44.4768
207,CA-2014-135860,2014-02-12,2014-08-12,Standard Class,JH-15985,Joseph Holt,Consumer,United States,Saginaw,Michigan,48601,Central,OFF-ST-10000642,Office Supplies,Storage,"Tennsco Lockers, Gray",83.92,4,0.0,5.8744
208,CA-2014-135860,2014-02-12,2014-08-12,Standard Class,JH-15985,Joseph Holt,Consumer,United States,Saginaw,Michigan,48601,Central,TEC-PH-10001700,Technology,Phones,Panasonic KX-TG6844B Expandable Digital Cordless Telephone,131.98,2,0.0,35.6346
209,CA-2014-135860,2014-02-12,2014-08-12,Standard Class,JH-15985,Joseph Holt,Consumer,United States,Saginaw,Michigan,48601,Central,OFF-BI-10003274,Office Supplies,Binders,"Avery Durable Slant Ring Binders, No Labels",15.92,4,0.0,7.4824
210,CA-2014-135860,2014-02-12,2014-08-12,Standard Class,JH-15985,Joseph Holt,Consumer,United States,Saginaw,Michigan,48601,Central,OFF-FA-10000134,Office Supplies,Fasteners,"Advantus Push Pins, Aluminum Head",52.29,9,0.0,16.2099
211,CA-2014-135860,2014-02-12,2014-08-12,Standard Class,JH-15985,Joseph Holt,Consumer,United States,Saginaw,Michigan,48601,Central,OFF-ST-10001522,Office Supplies,Storage,"Gould Plastics 18-Pocket Panel Bin, 34w x 5-1/4d x 20-1/2h",91.99,1,0.0,3.6796
212,CA-2012-101007,2012-09-02,,Second Class,MS-17980,Michael Stewart,Corporate,United States,Dallas,Texas,75220,Central,TEC-AC-10001266,Technology,Accessories,Memorex Micro Travel Drive 8 GB,20.8,2,0.2,6.5
213,CA-2012-146262,2012-02-01,2012-09-01,Standard Class,VW-21775,Victoria Wilson,Corporate,United States,Medina,Ohio,44256,East,OFF-LA-10004544,Office Supplies,Labels,Avery 505,23.68,2,0.2,8.88
214,CA-2012-146262,2012-02-01,2012-09-01,Standard Class,VW-21775,Victoria Wilson,Corporate,United States,Medina,Ohio,44256,East,FUR-BO-10004695,Furniture,Bookcases,O'Sullivan 2-Door Barrister Bookcase in Odessa Pine,452.45,5,0.5,-244.323
215,CA-2012-146262,2012-02-01,2012-09-01,Standard Class,VW-21775,Victoria Wilson,Corporate,United States,Medina,Ohio,44256,East,TEC-PH-10002844,Technology,Phones,Speck Products Candyshell Flip Case,62.982,3,0.4,-14.6958
216,CA-2012-146262,2012-02-01,2012-09-01,Standard Class,VW-21775,Victoria Wilson,Corporate,United States,Medina,Ohio,44256,East,TEC-MA-10000864,Technology,Machines,Cisco 9971 IP Video Phone Charcoal,1188.0,9,0.7,-950.4
217,CA-2012-146262,2012-02-01,2012-09-01,Standard Class,VW-21775,Victoria Wilson,Corporate,United States,Medina,Ohio,44256,East,TEC-AC-10000109,Technology,Accessories,Sony Micro Vault Click 16 GB USB 2.0 Flash Drive,89.584,2,0.2,4.4792
226,CA-2012-163055,2012-09-08,,Standard Class,DS-13180,David Smith,Corporate,United States,Detroit,Michigan,48227,Central,OFF-AR-10001026,Office Supplies,Art,"Sanford Uni-Blazer View Highlighters, Chisel Tip, Yellow",2.2,1,0.0,0.968
227,CA-2012-163055,2012-09-08,,Standard Class,DS-13180,David Smith,Corporate,United States,Detroit,Michigan,48227,Central,FUR-TA-10003748,Furniture,Tables,Bevis 36 x 72 Conference Tables,622.45,5,0.0,136.939
228,CA-2012-163055,2012-09-08,,Standard Class,DS-13180,David Smith,Corporate,United States,Detroit,Michigan,48227,Central,OFF-ST-10002485,Office Supplies,Storage,Rogers Deluxe File Chest,21.98,1,0.0,0.2198
232,US-2014-100930,2014-08-04,,Standard Class,CS-12400,Christopher Schild,Home Office,United States,Tampa,Florida,33614,South,FUR-TA-10001705,Furniture,Tables,Bush Advantage Collection Round Conference Table,233.86,2,0.45,-102.048
233,US-2014-100930,2014-08-04,,Standard Class,CS-12400,Christopher Schild,Home Office,United States,Tampa,Florida,33614,South,FUR-TA-10003473,Furniture,Tables,Bretford Rectangular Conference Table Tops,620.6145,3,0.45,-248.2458
234,US-2014-100930,2014-08-04,,Standard Class,CS-12400,Christopher Schild,Home Office,United States,Tampa,Florida,33614,South,OFF-BI-10001679,Office Supplies,Binders,GBC Instant Index System for Binding Systems,5.328,2,0.7,-3.552
235,US-2014-100930,2014-08-04,,Standard Class,CS-12400,Christopher Schild,Home Office,United States,Tampa,Florida,33614,South,FUR-FU-10004017,Furniture,Furnishings,"Tenex Contemporary Contur Chairmats for Low and Medium Pile Carpet, Computer, 39"" x 49""",258.072,3,0.2,0.0
236,US-2014-100930,2014-08-04,,Standard Class,CS-12400,Christopher Schild,Home Office,United States,Tampa,Florida,33614,South,TEC-AC-10003832,Technology,Accessories,Logitech P710e Mobile Speakerphone,617.976,3,0.2,-7.7247
238,CA-2013-157749,2013-05-06,2013-10-06,Second Class,KL-16645,Ken Lonsdale,Consumer,United States,Chicago,Illinois,60610,Central,OFF-PA-10003349,Office Supplies,Paper,Xerox 1957,25.92,5,0.2,9.396
239,CA-2013-157749,2013-05-06,2013-10-06,Second Class,KL-16645,Ken Lonsdale,Consumer,United States,Chicago,Illinois,60610,Central,FUR-FU-10000576,Furniture,Furnishings,Luxo Professional Fluorescent Magnifier Lamp with Clamp-Mount Base,419.68,5,0.6,-356.728
240,CA-2013-157749,2013-05-06,2013-10-06,Second Class,KL-16645,Ken Lonsdale,Consumer,United States,Chicago,Illinois,60610,Central,FUR-FU-10004351,Furniture,Furnishings,Staples,11.688,3,0.6,-4.6752
241,CA-2013-157749,2013-05-06,2013-10-06,Second Class,KL-16645,Ken Lonsdale,Consumer,United States,Chicago,Illinois,60610,Central,TEC-PH-10000011,Technology,Phones,PureGear Roll-On Screen Protector,31.984,2,0.2,11.1944
242,CA-2013-157749,2013-05-06,2013-10-06,Second Class,KL-16645,Ken Lonsdale,Consumer,United States,Chicago,Illinois,60610,Central,FUR-TA-10002607,Furniture,Tables,KI Conference Tables,177.225,5,0.5,-120.513
243,CA-2013-157749,2013-05-06,2013-10-06,Second Class,KL-16645,Ken Lonsdale,Consumer,United States,Chicago,Illinois,60610,Central,FUR-FU-10002505,Furniture,Furnishings,Eldon 100 Class Desk Accessories,4.044,3,0.6,-2.8308
244,CA-2013-157749,2013-05-06,2013-10-06,Second Class,KL-16645,Ken Lonsdale,Consumer,United States,Chicago,Illinois,60610,Central,OFF-AR-10004685,Office Supplies,Art,"Binney & Smith Crayola Metallic Colored Pencils, 8-Color Set",7.408,2,0.2,1.2038
245,CA-2011-131926,2011-01-06,2011-06-06,Second Class,DW-13480,Dianna Wilson,Home Office,United States,Lakeville,Minnesota,55044,Central,FUR-CH-10004063,Furniture,Chairs,Global Deluxe High-Back Manager's Chair,2001.86,7,0.0,580.5394
246,CA-2011-131926,2011-01-06,2011-06-06,Second Class,DW-13480,Dianna Wilson,Home Office,United States,Lakeville,Minnesota,55044,Central,OFF-ST-10002276,Office Supplies,Storage,Safco Steel Mobile File Cart,166.72,2,0.0,41.68
247,CA-2011-131926,2011-01-06,2011-06-06,Second Class,DW-13480,Dianna Wilson,Home Office,United States,Lakeville,Minnesota,55044,Central,OFF-PA-10004082,Office Supplies,Paper,"Adams Telephone Message Book w/Frequently-Called Numbers Space, 400 Messages per Book",47.88,6,0.0,23.94
248,CA-2011-131926,2011-01-06,2011-06-06,Second Class,DW-13480,Dianna Wilson,Home Office,United States,Lakeville,Minnesota,55044,Central,OFF-AP-10002945,Office Supplies,Appliances,Honeywell Enviracaire Portable HEPA Air Cleaner for 17' x 22' Room,1503.25,5,0.0,496.0725
249,CA-2011-131926,2011-01-06,2011-06-06,Second Class,DW-13480,Dianna Wilson,Home Office,United States,Lakeville,Minnesota,55044,Central,OFF-PA-10000061,Office Supplies,Paper,Xerox 205,25.92,4,0.0,12.4416
250,CA-2013-154739,2013-11-12,,Second Class,LH-17155,Logan Haushalter,Consumer,United States,San Francisco,California,94109,West,FUR-CH-10002965,Furniture,Chairs,"Global Leather Highback Executive Chair with Pneumatic Height Adjustment, Black",321.568,2,0.2,28.1372
251,CA-2013-145625,2013-12-09,,Standard Class,KC-16540,Kelly Collister,Consumer,United States,San Diego,California,92037,West,OFF-PA-10004569,Office Supplies,Paper,"Wirebound Message Books, Two 4 1/4"" x 5"" Forms per Page",7.61,1,0.0,3.5767
252,CA-2013-145625,2013-12-09,,Standard Class,KC-16540,Kelly Collister,Consumer,United States,San Diego,California,92037,West,TEC-AC-10003832,Technology,Accessories,Logitech P710e Mobile Speakerphone,3347.37,13,0.0,636.0003
253,CA-2013-146941,2013-11-12,,First Class,DL-13315,Delfina Latchford,Consumer,United States,New York City,New York,10024,East,OFF-ST-10001228,Office Supplies,Storage,"Fellowes Personal Hanging Folder Files, Navy",80.58,6,0.0,22.5624
254,CA-2013-146941,2013-11-12,,First Class,DL-13315,Delfina Latchford,Consumer,United States,New York City,New York,10024,East,OFF-EN-10003296,Office Supplies,Envelopes,Tyvek Side-Opening Peel & Seel Expanding Envelopes,361.92,4,0.0,162.864
259,CA-2014-163139,2014-02-12,2014-04-12,Second Class,CC-12670,Craig Carreira,Consumer,United States,New York City,New York,10009,East,TEC-AC-10000290,Technology,Accessories,Sabrent 4-Port USB 2.0 Hub,20.37,3,0.0,6.9258
260,CA-2014-163139,2014-02-12,2014-04-12,Second Class,CC-12670,Craig Carreira,Consumer,United States,New York City,New York,10009,East,OFF-ST-10002790,Office Supplies,Storage,Safco Industrial Shelving,221.55,3,0.0,6.6465
261,CA-2014-163139,2014-02-12,2014-04-12,Second Class,CC-12670,Craig Carreira,Consumer,United States,New York City,New York,10009,East,OFF-BI-10003460,Office Supplies,Binders,Acco 3-Hole Punch,17.52,5,0.2,6.132
262,US-2014-155299,2014-09-06,,Standard Class,Dl-13600,Dorris liebe,Corporate,United States,Pasadena,Texas,77506,Central,OFF-AP-10002203,Office Supplies,Appliances,Eureka Disposable Bags for Sanitaire Vibra Groomer I Upright Vac,1.624,2,0.8,-4.466
265,CA-2013-125318,2013-07-06,,Standard Class,RC-19825,Roy Collins,Consumer,United States,Chicago,Illinois,60610,Central,TEC-PH-10001433,Technology,Phones,Cisco Small Business SPA 502G VoIP phone,328.224,4,0.2,28.7196
266,CA-2012-155040,2012-10-11,,Standard Class,AH-10210,Alan Hwang,Consumer,United States,Brentwood,California,94513,West,TEC-AC-10004469,Technology,Accessories,Microsoft Sculpt Comfort Mouse,79.9,2,0.0,35.156
269,US-2014-145366,2014-10-12,,Standard Class,CA-12310,Christine Abelman,Corporate,United States,Cincinnati,Ohio,45231,East,OFF-ST-10004180,Office Supplies,Storage,Safco Commercial Shelving,37.208,1,0.2,-7.4416
270,US-2014-145366,2014-10-12,,Standard Class,CA-12310,Christine Abelman,Corporate,United States,Cincinnati,Ohio,45231,East,OFF-EN-10004386,Office Supplies,Envelopes,"Recycled Interoffice Envelopes with String and Button Closure, 10 x 13",57.576,3,0.2,21.591
283,CA-2012-130890,2012-02-11,2012-06-11,Standard Class,JO-15280,Jas O'Carroll,Consumer,United States,Los Angeles,California,90004,West,FUR-TA-10002903,Furniture,Tables,"Bevis Round Bullnose 29"" High Table Top",1038.84,5,0.2,51.942
305,CA-2012-144253,2012-04-05,2012-09-05,Second Class,AS-10225,Alan Schoenberger,Corporate,United States,New York City,New York,10024,East,FUR-FU-10002671,Furniture,Furnishings,Electrix 20W Halogen Replacement Bulb for Zoom-In Desk Lamp,26.8,2,0.0,12.864
307,CA-2011-111003,2011-01-06,2011-06-06,Standard Class,CR-12625,Corey Roper,Home Office,United States,Lakewood,New Jersey,8701,East,OFF-BI-10001072,Office Supplies,Binders,"GBC Clear Cover, 8-1/2 x 11, unpunched, 25 covers per pack",45.48,3,0.0,20.9208
308,CA-2011-111003,2011-01-06,2011-06-06,Standard Class,CR-12625,Corey Roper,Home Office,United States,Lakewood,New Jersey,8701,East,OFF-AR-10002135,Office Supplies,Art,Boston Heavy-Duty Trimline Electric Pencil Sharpeners,289.2,6,0.0,83.868
315,CA-2011-167850,2011-09-08,,Standard Class,AG-10525,Andy Gerbode,Corporate,United States,Saint Petersburg,Florida,33710,South,TEC-PH-10002398,Technology,Phones,AT&T 1070 Corded Phone,178.384,2,0.2,22.298
316,CA-2011-167850,2011-09-08,,Standard Class,AG-10525,Andy Gerbode,Corporate,United States,Saint Petersburg,Florida,33710,South,OFF-PA-10001937,Office Supplies,Paper,Xerox 21,15.552,3,0.2,5.4432
318,CA-2011-164973,2011-04-11,2011-09-11,Standard Class,NM-18445,Nathan Mautz,Home Office,United States,New York City,New York,10024,East,FUR-CH-10002602,Furniture,Chairs,DMI Arturo Collection Mission-style Design Wood Chair,135.882,1,0.1,24.1568
319,CA-2011-164973,2011-04-11,2011-09-11,Standard Class,NM-18445,Nathan Mautz,Home Office,United States,New York City,New York,10024,East,TEC-MA-10002927,Technology,Machines,Canon imageCLASS MF7460 Monochrome Digital Laser Multifunction Copier,3991.98,2,0.0,1995.99
320,CA-2011-164973,2011-04-11,2011-09-11,Standard Class,NM-18445,Nathan Mautz,Home Office,United States,New York City,New York,10024,East,TEC-PH-10004093,Technology,Phones,Panasonic Kx-TS550,275.94,6,0.0,80.0226
321,CA-2011-164973,2011-04-11,2011-09-11,Standard Class,NM-18445,Nathan Mautz,Home Office,United States,New York City,New York,10024,East,TEC-AC-10000892,Technology,Accessories,NETGEAR N750 Dual Band Wi-Fi Gigabit Router,360.0,4,0.0,129.6
322,CA-2011-164973,2011-04-11,2011-09-11,Standard Class,NM-18445,Nathan Mautz,Home Office,United States,New York City,New York,10024,East,OFF-ST-10002974,Office Supplies,Storage,"Trav-L-File Heavy-Duty Shuttle II, Black",43.57,1,0.0,13.071
326,CA-2014-153339,2014-04-11,2014-06-11,Second Class,DJ-13510,Don Jones,Corporate,United States,Murfreesboro,Tennessee,37130,South,FUR-FU-10001967,Furniture,Furnishings,Telescoping Adjustable Floor Lamp,15.992,1,0.2,0.9995
335,CA-2012-137946,2012-01-09,2012-04-09,Second Class,DB-13615,Doug Bickford,Consumer,United States,Los Angeles,California,90045,West,OFF-BI-10001922,Office Supplies,Binders,Storex Dura Pro Binders,4.752,1,0.2,1.6038
336,CA-2012-137946,2012-01-09,2012-04-09,Second Class,DB-13615,Doug Bickford,Consumer,United States,Los Angeles,California,90045,West,TEC-CO-10001449,Technology,Copiers,Hewlett Packard LaserJet 3310 Copier,959.984,2,0.2,335.9944
337,CA-2012-137946,2012-01-09,2012-04-09,Second Class,DB-13615,Doug Bickford,Consumer,United States,Los Angeles,California,90045,West,OFF-BI-10004140,Office Supplies,Binders,Avery Non-Stick Binders,14.368,4,0.2,4.49
338,CA-2011-129924,2011-12-07,,Standard Class,AC-10420,Alyssa Crouse,Corporate,United States,San Francisco,California,94122,West,OFF-BI-10003314,Office Supplies,Binders,Tuff Stuff Recycled Round Ring Binders,7.712,2,0.2,2.7956
339,CA-2011-129924,2011-12-07,,Standard Class,AC-10420,Alyssa Crouse,Corporate,United States,San Francisco,California,94122,West,FUR-TA-10004575,Furniture,Tables,Hon 5100 Series Wood Tables,698.352,3,0.2,-17.4588
347,CA-2014-134306,2014-09-07,,Standard Class,TD-20995,Tamara Dahlen,Consumer,United States,Lowell,Massachusetts,1852,East,OFF-AR-10004027,Office Supplies,Art,"Binney & Smith inkTank Erasable Desk Highlighter, Chisel Tip, Yellow, 12/Box",7.56,3,0.0,3.0996
348,CA-2014-134306,2014-09-07,,Standard Class,TD-20995,Tamara Dahlen,Consumer,United States,Lowell,Massachusetts,1852,East,OFF-PA-10000249,Office Supplies,Paper,Staples,24.56,2,0.0,11.5432
349,CA-2014-134306,2014-09-07,,Standard Class,TD-20995,Tamara Dahlen,Consumer,United States,Lowell,Massachusetts,1852,East,OFF-AR-10001374,Office Supplies,Art,"BIC Brite Liner Highlighters, Chisel Tip",12.96,2,0.0,4.1472
350,CA-2013-129714,2013-02-09,2013-04-09,First Class,AB-10060,Adam Bellavance,Home Office,United States,New York City,New York,10009,East,TEC-AC-10000290,Technology,Accessories,Sabrent 4-Port USB 2.0 Hub,6.79,1,0.0,2.3086
351,CA-2013-129714,2013-02-09,2013-04-09,First Class,AB-10060,Adam Bellavance,Home Office,United States,New York City,New York,10009,East,OFF-PA-10001970,Office Supplies,Paper,Xerox 1881,24.56,2,0.0,11.5432
352,CA-2013-129714,2013-02-09,2013-04-09,First Class,AB-10060,Adam Bellavance,Home Office,United States,New York City,New York,10009,East,OFF-BI-10002160,Office Supplies,Binders,Acco Hanging Data Binders,3.048,1,0.2,1.0668
353,CA-2013-129714,2013-02-09,2013-04-09,First Class,AB-10060,Adam Bellavance,Home Office,United States,New York City,New York,10009,East,OFF-PA-10001970,Office Supplies,Paper,Xerox 1881,49.12,4,0.0,23.0864
354,CA-2013-129714,2013-02-09,2013-04-09,First Class,AB-10060,Adam Bellavance,Home Office,United States,New York City,New York,10009,East,OFF-BI-10004995,Office Supplies,Binders,GBC DocuBind P400 Electric Binding System,4355.168,4,0.2,1415.4296
355,CA-2013-138520,2013-09-04,,Standard Class,JL-15505,Jeremy Lonsdale,Consumer,United States,New York City,New York,10035,East,FUR-BO-10002268,Furniture,Bookcases,Sauder Barrister Bookcases,388.704,6,0.2,-4.8588
356,CA-2013-138520,2013-09-04,,Standard Class,JL-15505,Jeremy Lonsdale,Consumer,United States,New York City,New York,10035,East,OFF-EN-10001137,Office Supplies,Envelopes,"#10 Gummed Flap White Envelopes, 100/Box",8.26,2,0.0,3.7996
357,CA-2013-138520,2013-09-04,,Standard Class,JL-15505,Jeremy Lonsdale,Consumer,United States,New York City,New York,10035,East,OFF-AR-10002399,Office Supplies,Art,"Dixon Prang Watercolor Pencils, 10-Color Set with Brush",17.04,4,0.0,6.9864
358,CA-2013-138520,2013-09-04,,Standard Class,JL-15505,Jeremy Lonsdale,Consumer,United States,New York City,New York,10035,East,OFF-PA-10002713,Office Supplies,Paper,"Adams Phone Message Book, 200 Message Capacity, 8 1/16 x 11",34.4,5,0.0,15.824
360,CA-2014-155698,2014-09-03,2014-12-03,First Class,VB-21745,Victoria Brennan,Corporate,United States,Columbus,Georgia,31907,South,OFF-AP-10001124,Office Supplies,Appliances,Belkin 8 Outlet SurgeMaster II Gold Surge Protector with Phone Protection,647.84,8,0.0,168.4384
361,CA-2014-155698,2014-09-03,2014-12-03,First Class,VB-21745,Victoria Brennan,Corporate,United States,Columbus,Georgia,31907,South,OFF-LA-10001158,Office Supplies,Labels,"Avery Address/Shipping Labels for Typewriters, 4"" x 2""",20.7,2,0.0,9.936
387,CA-2012-122756,2012-03-12,2012-07-12,Standard Class,DK-13225,Dean Katz,Corporate,United States,Philadelphia,Pennsylvania,19140,East,TEC-MA-10001681,Technology,Machines,Lexmark MarkNet N8150 Wireless Print Server,482.34,4,0.7,-337.638
388,CA-2012-122756,2012-03-12,2012-07-12,Standard Class,DK-13225,Dean Katz,Corporate,United States,Philadelphia,Pennsylvania,19140,East,FUR-FU-10001935,Furniture,Furnishings,3M Hangers With Command Adhesive,2.96,1,0.2,0.777
390,CA-2014-101798,2014-12-12,,Standard Class,MV-18190,Mike Vittorini,Consumer,United States,New York City,New York,10009,East,OFF-BI-10000050,Office Supplies,Binders,"Angle-D Binders with Locking Rings, Label Holders",23.36,4,0.2,7.884
391,CA-2014-101798,2014-12-12,,Standard Class,MV-18190,Mike Vittorini,Consumer,United States,New York City,New York,10009,East,TEC-AC-10001998,Technology,Accessories,Logitech LS21 Speaker System - PC Multimedia - 2.1-CH - Wired,39.98,2,0.0,13.5932
394,US-2011-134971,2011-07-06,2011-10-06,Second Class,BP-11095,Bart Pistole,Corporate,United States,Peoria,Illinois,61604,Central,OFF-BI-10003982,Office Supplies,Binders,Wilson Jones Century Plastic Molded Ring Binders,12.462,3,0.8,-20.5623
395,CA-2014-102946,2014-01-07,2014-06-07,Standard Class,VP-21730,Victor Preis,Home Office,United States,Las Vegas,Nevada,89115,West,OFF-BI-10004492,Office Supplies,Binders,Tuf-Vin Binders,75.792,3,0.2,25.5798
399,CA-2013-108987,2013-09-09,2013-11-09,Second Class,AG-10675,Anna Gayman,Consumer,United States,Houston,Texas,77036,Central,OFF-ST-10001580,Office Supplies,Storage,Super Decoflex Portable Personal File,35.952,3,0.2,3.5952
400,CA-2013-108987,2013-09-09,2013-11-09,Second Class,AG-10675,Anna Gayman,Consumer,United States,Houston,Texas,77036,Central,FUR-BO-10004834,Furniture,Bookcases,"Riverside Palais Royal Lawyers Bookcase, Royale Cherry Finish",2396.2656,4,0.32,-317.1528
401,CA-2013-108987,2013-09-09,2013-11-09,Second Class,AG-10675,Anna Gayman,Consumer,United States,Houston,Texas,77036,Central,OFF-ST-10000934,Office Supplies,Storage,"Contico 72""H Heavy-Duty Storage System",131.136,4,0.2,-32.784
402,CA-2013-108987,2013-09-09,2013-11-09,Second Class,AG-10675,Anna Gayman,Consumer,United States,Houston,Texas,77036,Central,TEC-AC-10000158,Technology,Accessories,Sony 64GB Class 10 Micro SDHC R40 Memory Card,57.584,2,0.2,0.7198
406,CA-2014-117457,2014-09-12,,Standard Class,KH-16510,Keith Herrera,Consumer,United States,San Francisco,California,94110,West,TEC-AC-10000158,Technology,Accessories,Sony 64GB Class 10 Micro SDHC R40 Memory Card,179.95,5,0.0,37.7895
407,CA-2014-117457,2014-09-12,,Standard Class,KH-16510,Keith Herrera,Consumer,United States,San Francisco,California,94110,West,TEC-CO-10004115,Technology,Copiers,Sharp AL-1530CS Digital Copier,1199.976,3,0.2,434.9913
408,CA-2014-117457,2014-09-12,,Standard Class,KH-16510,Keith Herrera,Consumer,United States,San Francisco,California,94110,West,OFF-PA-10003724,Office Supplies,Paper,"Wirebound Message Book, 4 per Page",27.15,5,0.0,13.3035
409,CA-2014-117457,2014-09-12,,Standard Class,KH-16510,Keith Herrera,Consumer,United States,San Francisco,California,94110,West,FUR-TA-10002041,Furniture,Tables,"Bevis Round Conference Table Top, X-Base",1004.024,7,0.2,-112.9527
410,CA-2014-117457,2014-09-12,,Standard Class,KH-16510,Keith Herrera,Consumer,United States,San Francisco,California,94110,West,OFF-PA-10002893,Office Supplies,Paper,"Wirebound Service Call Books, 5 1/2"" x 4""",9.68,1,0.0,4.6464
411,CA-2014-117457,2014-09-12,,Standard Class,KH-16510,Keith Herrera,Consumer,United States,San Francisco,California,94110,West,OFF-LA-10003766,Office Supplies,Labels,Self-Adhesive Removable Labels,28.35,9,0.0,13.608
412,CA-2014-117457,2014-09-12,,Standard Class,KH-16510,Keith Herrera,Consumer,United States,San Francisco,California,94110,West,OFF-PA-10001970,Office Supplies,Paper,Xerox 1908,55.98,1,0.0,27.4302
413,CA-2014-117457,2014-09-12,,Standard Class,KH-16510,Keith Herrera,Consumer,United States,San Francisco,California,94110,West,FUR-BO-10001972,Furniture,Bookcases,O'Sullivan 4-Shelf Bookcase in Odessa Pine,1336.829,13,0.15,31.4548
414,CA-2014-117457,2014-09-12,,Standard Class,KH-16510,Keith Herrera,Consumer,United States,San Francisco,California,94110,West,FUR-CH-10003956,Furniture,Chairs,Novimex High-Tech Fabric Mesh Task Chair,113.568,2,0.2,-18.4548
415,CA-2014-142636,2014-04-11,2014-08-11,Standard Class,KC-16675,Kimberly Carter,Corporate,United States,Seattle,Washington,98105,West,OFF-PA-10000157,Office Supplies,Paper,Xerox 191,139.86,7,0.0,65.7342
416,CA-2014-142636,2014-04-11,2014-08-11,Standard Class,KC-16675,Kimberly Carter,Corporate,United States,Seattle,Washington,98105,West,FUR-CH-10001891,Furniture,Chairs,Global Deluxe Office Fabric Chairs,307.136,4,0.2,26.8744
419,CA-2014-154816,2014-07-11,2014-11-11,Standard Class,VB-21745,Victoria Brennan,Corporate,United States,Richmond,Kentucky,40475,South,OFF-PA-10003845,Office Supplies,Paper,Xerox 1987,5.78,1,0.0,2.8322
420,CA-2014-110478,2014-05-03,2014-10-03,Standard Class,SP-20860,Sung Pak,Corporate,United States,Los Angeles,California,90045,West,OFF-AR-10001573,Office Supplies,Art,American Pencil,9.32,4,0.0,2.7028
421,CA-2014-110478,2014-05-03,2014-10-03,Standard Class,SP-20860,Sung Pak,Corporate,United States,Los Angeles,California,90045,West,OFF-EN-10000483,Office Supplies,Envelopes,"White Envelopes, White Envelopes with Clear Poly Window",15.25,1,0.0,7.015
428,CA-2011-101476,2011-12-09,,First Class,SD-20485,Shirley Daniels,Home Office,United States,New Rochelle,New York,10801,East,TEC-MA-10000029,Technology,Machines,"Epson WorkForce WF-2530 All-in-One Printer, Copier Scanner",69.99,1,0.0,30.0957
429,CA-2014-152275,2014-02-10,2014-09-10,Standard Class,KH-16630,Ken Heidel,Corporate,United States,San Antonio,Texas,78207,Central,OFF-AR-10000369,Office Supplies,Art,Design Ebony Sketching Pencil,6.672,6,0.2,0.5004
434,CA-2013-127369,2013-07-06,2013-08-06,First Class,DB-13060,Dave Brooks,Consumer,United States,Lowell,Massachusetts,1852,East,OFF-ST-10003306,Office Supplies,Storage,Letter Size Cart,714.3,5,0.0,207.147
441,CA-2013-115756,2013-06-09,2013-08-09,Second Class,PK-19075,Pete Kriz,Consumer,United States,Detroit,Michigan,48227,Central,FUR-FU-10000246,Furniture,Furnishings,Aluminum Document Frame,12.22,1,0.0,3.666
442,CA-2013-115756,2013-06-09,2013-08-09,Second Class,PK-19075,Pete Kriz,Consumer,United States,Detroit,Michigan,48227,Central,OFF-ST-10000060,Office Supplies,Storage,Fellowes Bankers Box Staxonsteel Drawer File/Stacking System,194.94,3,0.0,23.3928
443,CA-2013-115756,2013-06-09,2013-08-09,Second Class,PK-19075,Pete Kriz,Consumer,United States,Detroit,Michigan,48227,Central,OFF-ST-10003058,Office Supplies,Storage,Eldon Mobile Mega Data Cart  Mega Stackable  Add-On Trays,70.95,3,0.0,20.5755
444,CA-2013-115756,2013-06-09,2013-08-09,Second Class,PK-19075,Pete Kriz,Consumer,United States,Detroit,Michigan,48227,Central,OFF-PA-10002222,Office Supplies,Paper,"Xerox Color Copier Paper, 11"" x 17"", Ream",91.36,4,0.0,42.0256
445,CA-2013-115756,2013-06-09,2013-08-09,Second Class,PK-19075,Pete Kriz,Consumer,United States,Detroit,Michigan,48227,Central,FUR-CH-10002372,Furniture,Chairs,Office Star - Ergonomically Designed Knee Chair,242.94,3,0.0,29.1528
446,CA-2013-115756,2013-06-09,2013-08-09,Second Class,PK-19075,Pete Kriz,Consumer,United States,Detroit,Michigan,48227,Central,OFF-LA-10001317,Office Supplies,Labels,Avery 520,22.05,7,0.0,10.584
448,CA-2013-166674,2013-02-04,2013-04-04,Second Class,RB-19360,Raymond Buch,Consumer,United States,Auburn,New York,13021,East,OFF-AR-10000588,Office Supplies,Art,Newell 345,59.52,3,0.0,15.4752
449,CA-2013-166674,2013-02-04,2013-04-04,Second Class,RB-19360,Raymond Buch,Consumer,United States,Auburn,New York,13021,East,OFF-ST-10001469,Office Supplies,Storage,Fellowes Bankers Box Recycled Super Stor/Drawer,161.94,3,0.0,9.7164
450,CA-2013-166674,2013-02-04,2013-04-04,Second Class,RB-19360,Raymond Buch,Consumer,United States,Auburn,New York,13021,East,OFF-AR-10001953,Office Supplies,Art,Boston 1645 Deluxe Heavier-Duty Electric Pencil Sharpener,263.88,6,0.0,71.2476
451,CA-2013-166674,2013-02-04,2013-04-04,Second Class,RB-19360,Raymond Buch,Consumer,United States,Auburn,New York,13021,East,OFF-AR-10003156,Office Supplies,Art,50 Colored Long Pencils,30.48,3,0.0,7.9248
452,CA-2013-166674,2013-02-04,2013-04-04,Second Class,RB-19360,Raymond Buch,Consumer,United States,Auburn,New York,13021,East,OFF-AR-10004974,Office Supplies,Art,Newell 342,9.84,3,0.0,2.8536
453,CA-2013-166674,2013-02-04,2013-04-04,Second Class,RB-19360,Raymond Buch,Consumer,United States,Auburn,New York,13021,East,TEC-PH-10002365,Technology,Phones,Belkin Grip Candy Sheer Case / Cover for iPhone 5 and 5S,35.12,4,0.0,9.1312
469,CA-2014-154907,2014-01-04,2014-05-04,Standard Class,DS-13180,David Smith,Corporate,United States,Amarillo,Texas,79109,Central,FUR-BO-10002824,Furniture,Bookcases,Bush Mission Pointe Library,205.3328,2,0.32,-36.2352
472,CA-2011-144666,2011-09-11,2011-11-11,Second Class,JP-15520,Jeremy Pistek,Consumer,United States,San Francisco,California,94110,West,OFF-ST-10002743,Office Supplies,Storage,SAFCO Boltless Steel Shelving,340.92,3,0.0,3.4092
473,CA-2011-144666,2011-09-11,2011-11-11,Second Class,JP-15520,Jeremy Pistek,Consumer,United States,San Francisco,California,94110,West,FUR-BO-10001601,Furniture,Bookcases,"Sauder Mission Library with Doors, Fruitwood Finish",222.666,2,0.15,10.4784
474,CA-2011-144666,2011-09-11,2011-11-11,Second Class,JP-15520,Jeremy Pistek,Consumer,United States,San Francisco,California,94110,West,TEC-PH-10002680,Technology,Phones,Samsung Galaxy Note 3,703.968,4,0.2,87.996
475,CA-2011-144666,2011-09-11,2011-11-11,Second Class,JP-15520,Jeremy Pistek,Consumer,United States,San Francisco,California,94110,West,OFF-ST-10001321,Office Supplies,Storage,"Decoflex Hanging Personal Folder File, Blue",92.52,6,0.0,24.9804
476,CA-2011-144666,2011-09-11,2011-11-11,Second Class,JP-15520,Jeremy Pistek,Consumer,United States,San Francisco,California,94110,West,OFF-PA-10001509,Office Supplies,Paper,"Recycled Desk Saver Line ""While You Were Out"" Book, 5 1/2"" X 4""",62.65,7,0.0,28.819
477,CA-2011-144666,2011-09-11,2011-11-11,Second Class,JP-15520,Jeremy Pistek,Consumer,United States,San Francisco,California,94110,West,OFF-PA-10003465,Office Supplies,Paper,Xerox 1912,94.85,5,0.0,45.528
482,CA-2011-134677,2011-06-10,2011-10-10,Standard Class,XP-21865,Xylona Preis,Consumer,United States,San Diego,California,92024,West,TEC-AC-10001445,Technology,Accessories,Imation USB 2.0 Swivel Flash Drive USB flash drive - 4 GB - Pink,9.09,3,0.0,1.9089
485,CA-2014-140963,2014-11-06,,First Class,MT-18070,Michelle Tran,Home Office,United States,Los Angeles,California,90045,West,OFF-LA-10003923,Office Supplies,Labels,Alphabetical Labels for Top Tab Filing,29.6,2,0.0,14.8
486,CA-2014-140963,2014-11-06,,First Class,MT-18070,Michelle Tran,Home Office,United States,Los Angeles,California,90045,West,FUR-BO-10001337,Furniture,Bookcases,O'Sullivan Living Dimensions 2-Shelf Bookcases,514.165,5,0.15,-30.245
487,CA-2014-140963,2014-11-06,,First Class,MT-18070,Michelle Tran,Home Office,United States,Los Angeles,California,90045,West,TEC-PH-10001924,Technology,Phones,iHome FM Clock Radio with Lightning Dock,279.96,5,0.2,17.4975
489,CA-2011-133753,2011-09-06,,Second Class,CW-11905,Carl Weiss,Home Office,United States,Huntsville,Texas,77340,Central,TEC-PH-10000376,Technology,Phones,Square Credit Card Reader,7.992,1,0.2,0.5994
490,CA-2011-133753,2011-09-06,,Second Class,CW-11905,Carl Weiss,Home Office,United States,Huntsville,Texas,77340,Central,TEC-AC-10000303,Technology,Accessories,Logitech M510 Wireless Mouse,63.984,2,0.2,10.3974
491,CA-2011-133753,2011-09-06,,Second Class,CW-11905,Carl Weiss,Home Office,United States,Huntsville,Texas,77340,Central,OFF-AR-10001953,Office Supplies,Art,Boston 1645 Deluxe Heavier-Duty Electric Pencil Sharpener,70.368,2,0.2,6.1572
494,CA-2013-169166,2013-10-05,,Standard Class,SS-20590,Sonia Sunley,Consumer,United States,Seattle,Washington,98115,West,TEC-AC-10000991,Technology,Accessories,Sony Micro Vault Click 8 GB USB 2.0 Flash Drive,93.98,2,0.0,13.1572
529,US-2012-138303,2012-03-09,2012-07-09,Standard Class,MG-18145,Mike Gockenbach,Consumer,United States,Philadelphia,Pennsylvania,19134,East,OFF-ST-10004963,Office Supplies,Storage,Eldon Gobal File Keepers,36.336,3,0.2,-7.2672
530,US-2012-138303,2012-03-09,2012-07-09,Standard Class,MG-18145,Mike Gockenbach,Consumer,United States,Philadelphia,Pennsylvania,19134,East,OFF-SU-10002881,Office Supplies,Supplies,Martin Yale Chadless Opener Electric Letter Opener,666.248,1,0.2,-149.9058
531,US-2012-138303,2012-03-09,2012-07-09,Standard Class,MG-18145,Mike Gockenbach,Consumer,United States,Philadelphia,Pennsylvania,19134,East,OFF-EN-10001335,Office Supplies,Envelopes,"White Business Envelopes with Contemporary Seam, Recycled White Business Envelopes",52.512,6,0.2,19.692
532,CA-2012-102848,2012-07-11,2012-09-11,Second Class,KB-16240,Karen Bern,Corporate,United States,Los Angeles,California,90036,West,FUR-CH-10000595,Furniture,Chairs,Safco Contoured Stacking Chairs,190.72,1,0.2,11.92
533,US-2014-129441,2014-08-09,2014-12-09,Standard Class,JC-15340,Jasper Cacioppo,Consumer,United States,Los Angeles,California,90032,West,FUR-FU-10000448,Furniture,Furnishings,Tenex Chairmats For Use With Carpeted Floors,47.94,3,0.0,2.397
536,CA-2013-126613,2013-11-07,,Standard Class,AA-10375,Allen Armold,Consumer,United States,Mesa,Arizona,85204,West,OFF-ST-10001325,Office Supplies,Storage,Sterilite Officeware Hinged File Box,16.768,2,0.2,1.4672
537,US-2014-122637,2014-04-09,2014-09-09,Second Class,EP-13915,Emily Phan,Consumer,United States,Chicago,Illinois,60653,Central,OFF-BI-10002429,Office Supplies,Binders,"Premier Elliptical Ring Binder, Black",42.616,7,0.8,-68.1856
538,CA-2012-147851,2012-03-12,2012-08-12,Standard Class,MP-17470,Mark Packer,Home Office,United States,New York City,New York,10009,East,OFF-BI-10004528,Office Supplies,Binders,Cardinal Poly Pocket Divider Pockets for Ring Binders,10.752,4,0.2,3.36
539,CA-2012-134894,2012-07-12,2012-11-12,Standard Class,DK-12985,Darren Koutras,Consumer,United States,Henderson,Kentucky,42420,South,OFF-AP-10001271,Office Supplies,Appliances,Eureka The Boss Cordless Rechargeable Stick Vac,152.94,3,0.0,41.2938
540,CA-2012-134894,2012-07-12,2012-11-12,Standard Class,DK-12985,Darren Koutras,Consumer,United States,Henderson,Kentucky,42420,South,FUR-CH-10002647,Furniture,Chairs,"Situations Contoured Folding Chairs, 4/Set",283.92,4,0.0,70.98
541,CA-2011-140795,2011-02-02,2011-04-02,First Class,BD-11500,Bradley Drucker,Consumer,United States,Green Bay,Wisconsin,54302,Central,TEC-AC-10001432,Technology,Accessories,Enermax Aurora Lite Keyboard,468.9,6,0.0,206.316
544,CA-2011-103849,2011-11-05,,Standard Class,PG-18895,Paul Gonzalez,Consumer,United States,Fort Worth,Texas,76106,Central,TEC-AC-10001465,Technology,Accessories,SanDisk Cruzer 64 GB USB Flash Drive,58.112,2,0.2,7.264
545,CA-2011-103849,2011-11-05,,Standard Class,PG-18895,Paul Gonzalez,Consumer,United States,Fort Worth,Texas,76106,Central,TEC-PH-10002597,Technology,Phones,Xblue XB-1670-86 X16 Small Office Telephone - Titanium,100.792,1,0.2,6.2995
546,CA-2011-103849,2011-11-05,,Standard Class,PG-18895,Paul Gonzalez,Consumer,United States,Fort Worth,Texas,76106,Central,FUR-FU-10000723,Furniture,Furnishings,"Deflect-o EconoMat Studded, No Bevel Mat for Low Pile Carpeting",66.112,4,0.6,-84.2928
553,CA-2014-112774,2014-12-09,,First Class,RC-19960,Ryan Crowe,Consumer,United States,Jacksonville,Florida,32216,South,FUR-FU-10003039,Furniture,Furnishings,"Howard Miller 11-1/2"" Diameter Grantwood Wall Clock",34.504,1,0.2,6.0382
556,CA-2011-155852,2011-03-03,2011-07-03,Second Class,AJ-10945,Ashley Jarboe,Consumer,United States,Wilmington,North Carolina,28403,South,OFF-AR-10003560,Office Supplies,Art,Zebra Zazzle Fluorescent Highlighters,19.456,4,0.2,3.4048
557,CA-2013-113243,2013-11-06,,Standard Class,OT-18730,Olvera Toch,Consumer,United States,Los Angeles,California,90045,West,OFF-LA-10001297,Office Supplies,Labels,Avery 473,20.7,2,0.0,9.936
558,CA-2013-113243,2013-11-06,,Standard Class,OT-18730,Olvera Toch,Consumer,United States,Los Angeles,California,90045,West,FUR-TA-10004256,Furniture,Tables,Bretford Just In Time Height-Adjustable Multi-Task Work Tables,1335.68,4,0.2,-217.048
559,CA-2013-113243,2013-11-06,,Standard Class,OT-18730,Olvera Toch,Consumer,United States,Los Angeles,California,90045,West,OFF-PA-10003441,Office Supplies,Paper,Xerox 226,32.4,5,0.0,15.552
564,CA-2012-130736,2012-07-12,2012-09-12,First Class,JF-15490,Jeremy Farry,Consumer,United States,Seattle,Washington,98105,West,OFF-FA-10003467,Office Supplies,Fasteners,"Alliance Big Bands Rubber Bands, 12/Pack",3.96,2,0.0,0.0
565,CA-2012-130736,2012-07-12,2012-09-12,First Class,JF-15490,Jeremy Farry,Consumer,United States,Seattle,Washington,98105,West,OFF-LA-10000634,Office Supplies,Labels,Avery 509,2.61,1,0.0,1.2006
566,CA-2014-137099,2014-08-12,2014-11-12,First Class,FP-14320,Frank Preis,Consumer,United States,Los Angeles,California,90008,West,TEC-PH-10002496,Technology,Phones,Cisco SPA301,374.376,3,0.2,46.797
567,CA-2014-156951,2014-02-10,2014-09-10,Standard Class,EB-13840,Ellis Ballard,Corporate,United States,Seattle,Washington,98105,West,OFF-PA-10004530,Office Supplies,Paper,Personal Creations Ink Jet Cards and Labels,91.84,8,0.0,45.0016
568,CA-2014-156951,2014-02-10,2014-09-10,Standard Class,EB-13840,Ellis Ballard,Corporate,United States,Seattle,Washington,98105,West,OFF-BI-10001107,Office Supplies,Binders,"GBC White Gloss Covers, Plain Front",81.088,7,0.2,27.3672
569,CA-2014-156951,2014-02-10,2014-09-10,Standard Class,EB-13840,Ellis Ballard,Corporate,United States,Seattle,Washington,98105,West,OFF-PA-10004451,Office Supplies,Paper,Xerox 222,19.44,3,0.0,9.3312
570,CA-2014-156951,2014-02-10,2014-09-10,Standard Class,EB-13840,Ellis Ballard,Corporate,United States,Seattle,Washington,98105,West,FUR-CH-10004997,Furniture,Chairs,Hon Every-Day Series Multi-Task Chairs,451.152,3,0.2,0.0
575,CA-2013-127250,2013-04-11,2013-08-11,Standard Class,SF-20200,Sarah Foster,Consumer,United States,Marysville,Washington,98270,West,OFF-AR-10003394,Office Supplies,Art,Newell 332,8.82,3,0.0,2.3814
581,CA-2012-132906,2012-10-09,,Standard Class,CC-12145,Charles Crestani,Consumer,United States,Los Angeles,California,90004,West,OFF-SU-10004498,Office Supplies,Supplies,Martin-Yale Premier Letter Opener,51.52,4,0.0,1.5456
582,CA-2014-145233,2014-02-12,2014-06-12,Standard Class,DV-13465,Dianna Vittorini,Consumer,United States,Denver,Colorado,80219,West,TEC-PH-10004977,Technology,Phones,GE 30524EE4,470.376,3,0.2,52.9173
583,CA-2014-145233,2014-02-12,2014-06-12,Standard Class,DV-13465,Dianna Vittorini,Consumer,United States,Denver,Colorado,80219,West,TEC-PH-10000586,Technology,Phones,AT&T SB67148 SynJ,105.584,2,0.2,9.2386
584,CA-2014-145233,2014-02-12,2014-06-12,Standard Class,DV-13465,Dianna Vittorini,Consumer,United States,Denver,Colorado,80219,West,OFF-AP-10000358,Office Supplies,Appliances,Fellowes Basic Home/Office Series Surge Protectors,31.152,3,0.2,3.5046
585,CA-2014-145233,2014-02-12,2014-06-12,Standard Class,DV-13465,Dianna Vittorini,Consumer,United States,Denver,Colorado,80219,West,OFF-BI-10002764,Office Supplies,Binders,Recycled Pressboard Report Cover with Reinforced Top Hinge,6.783,7,0.7,-4.7481
586,CA-2014-145233,2014-02-12,2014-06-12,Standard Class,DV-13465,Dianna Vittorini,Consumer,United States,Denver,Colorado,80219,West,TEC-PH-10001254,Technology,Phones,Jabra BIZ 2300 Duo QD Duo Corded Headset,406.368,4,0.2,30.4776
587,CA-2012-128139,2012-03-07,2012-09-07,Standard Class,BD-11725,Bruce Degenhardt,Consumer,United States,Richmond,Kentucky,40475,South,FUR-CH-10003956,Furniture,Chairs,Novimex High-Tech Fabric Mesh Task Chair,70.98,1,0.0,4.9686
588,CA-2012-128139,2012-03-07,2012-09-07,Standard Class,BD-11725,Bruce Degenhardt,Consumer,United States,Richmond,Kentucky,40475,South,OFF-LA-10003930,Office Supplies,Labels,"Dot Matrix Printer Tape Reel Labels, White, 5000/Box",294.93,3,0.0,144.5157
593,CA-2011-135405,2011-10-01,,Standard Class,MS-17830,Melanie Seite,Consumer,United States,Laredo,Texas,78041,Central,OFF-AR-10004078,Office Supplies,Art,Newell 312,9.344,2,0.2,1.168
594,CA-2011-135405,2011-10-01,,Standard Class,MS-17830,Melanie Seite,Consumer,United States,Laredo,Texas,78041,Central,TEC-AC-10001266,Technology,Accessories,Memorex Micro Travel Drive 8 GB,31.2,3,0.2,9.75
595,CA-2011-131450,2011-08-08,,Standard Class,LR-16915,Lena Radford,Consumer,United States,San Diego,California,92024,West,OFF-AP-10004708,Office Supplies,Appliances,Fellowes Superior 10 Outlet Split Surge Protector,76.12,2,0.0,22.0748
596,CA-2011-131450,2011-08-08,,Standard Class,LR-16915,Lena Radford,Consumer,United States,San Diego,California,92024,West,TEC-CO-10004115,Technology,Copiers,Sharp AL-1530CS Digital Copier,1199.976,3,0.2,434.9913
597,CA-2011-131450,2011-08-08,,Standard Class,LR-16915,Lena Radford,Consumer,United States,San Diego,California,92024,West,TEC-PH-10002398,Technology,Phones,AT&T 1070 Corded Phone,445.96,5,0.2,55.745
598,CA-2011-131450,2011-08-08,,Standard Class,LR-16915,Lena Radford,Consumer,United States,San Diego,California,92024,West,FUR-FU-10001979,Furniture,Furnishings,Dana Halogen Swing-Arm Architect Lamp,327.76,8,0.0,91.7728
613,CA-2013-121223,2013-12-09,,Second Class,GD-14590,Giulietta Dortch,Corporate,United States,Philadelphia,Pennsylvania,19143,East,OFF-PA-10001204,Office Supplies,Paper,Xerox 1972,8.448,2,0.2,2.64
614,CA-2013-121223,2013-12-09,,Second Class,GD-14590,Giulietta Dortch,Corporate,United States,Philadelphia,Pennsylvania,19143,East,TEC-PH-10004667,Technology,Phones,Cisco 8x8 Inc. 6753i IP Business Phone System,728.946,9,0.4,-157.9383
631,US-2013-135720,2013-12-12,,Second Class,FM-14380,Fred McMath,Consumer,United States,Aurora,Colorado,80013,West,OFF-ST-10001963,Office Supplies,Storage,Tennsco Regal Shelving Units,243.384,3,0.2,-51.7191
632,US-2013-135720,2013-12-12,,Second Class,FM-14380,Fred McMath,Consumer,United States,Aurora,Colorado,80013,West,TEC-AC-10001267,Technology,Accessories,Imation 32GB Pocket Pro USB 3.0 Flash Drive - 32 GB - Black - 1 P ...,119.8,5,0.2,29.95
633,US-2013-135720,2013-12-12,,Second Class,FM-14380,Fred McMath,Consumer,United States,Aurora,Colorado,80013,West,TEC-PH-10002103,Technology,Phones,Jabra SPEAK 410,300.768,4,0.2,30.0768
636,CA-2012-168004,2012-04-10,2012-09-10,Second Class,DJ-13420,Denny Joy,Corporate,United States,Warner Robins,Georgia,31088,South,FUR-CH-10001482,Furniture,Chairs,Office Star - Mesh Screen back chair with Vinyl seat,392.94,3,0.0,43.2234
644,CA-2014-106103,2014-11-06,,Standard Class,SC-20305,Sean Christensen,Consumer,United States,Rochester Hills,Michigan,48307,Central,TEC-AC-10003832,Technology,Accessories,Imation 16GB Mini TravelDrive USB 2.0 Flash Drive,132.52,4,0.0,54.3332
647,CA-2013-103947,2013-02-04,2013-09-04,Standard Class,BB-10990,Barry Blumstein,Corporate,United States,Sierra Vista,Arizona,85635,West,OFF-FA-10003112,Office Supplies,Fasteners,Staples,31.56,5,0.2,9.8625
648,CA-2013-103947,2013-02-04,2013-09-04,Standard Class,BB-10990,Barry Blumstein,Corporate,United States,Sierra Vista,Arizona,85635,West,OFF-AP-10002350,Office Supplies,Appliances,Belkin F9H710-06 7 Outlet SurgeMaster Surge Protector,30.144,2,0.2,3.0144
649,CA-2013-160745,2013-12-12,,Second Class,AR-10825,Anthony Rawles,Corporate,United States,Vancouver,Washington,98661,West,FUR-FU-10001935,Furniture,Furnishings,3M Hangers With Command Adhesive,14.8,4,0.0,6.068
650,CA-2013-160745,2013-12-12,,Second Class,AR-10825,Anthony Rawles,Corporate,United States,Vancouver,Washington,98661,West,TEC-PH-10003273,Technology,Phones,AT&T TR1909W,302.376,3,0.2,22.6782
651,CA-2013-160745,2013-12-12,,Second Class,AR-10825,Anthony Rawles,Corporate,United States,Vancouver,Washington,98661,West,TEC-AC-10001142,Technology,Accessories,First Data FD10 PIN Pad,316.0,4,0.0,31.6
665,CA-2013-143308,2013-05-11,2013-05-11,Same Day,RC-19825,Roy Collins,Consumer,United States,Louisville,Kentucky,40214,South,OFF-FA-10000621,Office Supplies,Fasteners,"OIC Colored Binder Clips, Assorted Sizes",10.74,3,0.0,5.2626
666,CA-2014-132682,2014-09-06,2014-11-06,Second Class,TH-21235,Tiffany House,Corporate,United States,Dallas,Texas,75081,Central,OFF-SU-10004231,Office Supplies,Supplies,Acme Tagit Stainless Steel Antibacterial Scissors,23.76,3,0.2,2.079
667,CA-2014-132682,2014-09-06,2014-11-06,Second Class,TH-21235,Tiffany House,Corporate,United States,Dallas,Texas,75081,Central,OFF-PA-10000474,Office Supplies,Paper,Staples,85.056,3,0.2,28.7064
668,CA-2014-132682,2014-09-06,2014-11-06,Second Class,TH-21235,Tiffany House,Corporate,United States,Dallas,Texas,75081,Central,TEC-PH-10004042,Technology,Phones,ClearOne Communications CHAT 70 OC Speaker Phone,381.576,3,0.2,28.6182
670,US-2014-106663,2014-10-06,,Standard Class,MO-17800,Meg O'Connel,Home Office,United States,Chicago,Illinois,60653,Central,FUR-FU-10002759,Furniture,Furnishings,12-1/2 Diameter Round Wall Clock,23.976,3,0.6,-14.3856
671,US-2014-106663,2014-10-06,,Standard Class,MO-17800,Meg O'Connel,Home Office,United States,Chicago,Illinois,60653,Central,FUR-TA-10000688,Furniture,Tables,"Chromcraft Bull-Nose Wood Round Conference Table Top, Wood Base",108.925,1,0.5,-71.8905
672,US-2014-106663,2014-10-06,,Standard Class,MO-17800,Meg O'Connel,Home Office,United States,Chicago,Illinois,60653,Central,OFF-PA-10002377,Office Supplies,Paper,"Adams Telephone Message Book W/Dividers/Space For Phone Numbers, 5 1/4""X8 1/2"", 200/Messages",36.352,8,0.2,11.36
674,CA-2014-130351,2014-06-12,2014-09-12,First Class,RB-19570,Rob Beeghly,Consumer,United States,Columbus,Indiana,47201,Central,OFF-AP-10004532,Office Supplies,Appliances,Kensington 6 Outlet Guardian Standard Surge Protector,61.44,3,0.0,16.5888
675,CA-2014-130351,2014-06-12,2014-09-12,First Class,RB-19570,Rob Beeghly,Consumer,United States,Columbus,Indiana,47201,Central,OFF-PA-10002137,Office Supplies,Paper,"Southworth 100% Résumé Paper, 24lb.",38.9,5,0.0,17.505
676,CA-2014-130351,2014-06-12,2014-09-12,First Class,RB-19570,Rob Beeghly,Consumer,United States,Columbus,Indiana,47201,Central,TEC-AC-10003832,Technology,Accessories,Imation 16GB Mini TravelDrive USB 2.0 Flash Drive,99.39,3,0.0,40.7499
684,US-2014-168116,2014-05-11,2014-05-11,Same Day,GT-14635,Grant Thornton,Corporate,United States,Burlington,North Carolina,27217,South,TEC-MA-10004125,Technology,Machines,Cubify CubeX 3D Printer Triple Head Print,7999.98,4,0.5,-3839.9904
685,US-2014-168116,2014-05-11,2014-05-11,Same Day,GT-14635,Grant Thornton,Corporate,United States,Burlington,North Carolina,27217,South,OFF-AP-10002457,Office Supplies,Appliances,"Eureka The Boss Plus 12-Amp Hard Box Upright Vacuum, Red",167.44,2,0.2,14.651
686,CA-2011-157784,2011-05-07,2011-08-07,First Class,MC-17845,Michael Chen,Consumer,United States,Jackson,Mississippi,39212,South,TEC-AC-10003911,Technology,Accessories,NETGEAR AC1750 Dual Band Gigabit Smart WiFi Router,479.97,3,0.0,163.1898
687,CA-2011-157784,2011-05-07,2011-08-07,First Class,MC-17845,Michael Chen,Consumer,United States,Jackson,Mississippi,39212,South,OFF-LA-10001934,Office Supplies,Labels,Avery 516,14.62,2,0.0,6.8714
688,CA-2011-157784,2011-05-07,2011-08-07,First Class,MC-17845,Michael Chen,Consumer,United States,Jackson,Mississippi,39212,South,OFF-PA-10000304,Office Supplies,Paper,Xerox 1995,19.44,3,0.0,9.3312
702,CA-2014-114552,2014-03-09,2014-09-09,Standard Class,Dl-13600,Dorris liebe,Corporate,United States,Cleveland,Ohio,44105,East,FUR-FU-10002960,Furniture,Furnishings,"Eldon 200 Class Desk Accessories, Burgundy",15.072,3,0.2,4.1448
703,CA-2013-163755,2013-05-11,2013-09-11,Second Class,AS-10285,Alejandro Savely,Corporate,United States,Seattle,Washington,98103,West,FUR-FU-10003394,Furniture,Furnishings,"Tenex ""The Solids"" Textured Chair Mats",209.88,3,0.0,35.6796
704,CA-2012-142027,2012-09-04,,Standard Class,JK-15370,Jay Kimmel,Consumer,United States,Long Beach,California,90805,West,FUR-TA-10002774,Furniture,Tables,Laminate Occasional Tables,369.912,3,0.2,-13.8717
705,CA-2011-138527,2011-12-09,,Standard Class,BN-11470,Brad Norvell,Corporate,United States,Cary,North Carolina,27511,South,OFF-PA-10001800,Office Supplies,Paper,Xerox 220,10.368,2,0.2,3.6288
706,CA-2011-138527,2011-12-09,,Standard Class,BN-11470,Brad Norvell,Corporate,United States,Cary,North Carolina,27511,South,OFF-AP-10001469,Office Supplies,Appliances,Fellowes 8 Outlet Superior Workstation Surge Protector,166.84,5,0.2,18.7695
707,CA-2011-138527,2011-12-09,,Standard Class,BN-11470,Brad Norvell,Corporate,United States,Cary,North Carolina,27511,South,TEC-AC-10002399,Technology,Accessories,SanDisk Cruzer 32 GB USB Flash Drive,15.216,1,0.2,2.2824
708,CA-2011-112158,2011-02-12,2011-04-12,First Class,DP-13165,David Philippe,Consumer,United States,New York City,New York,10035,East,TEC-AC-10003628,Technology,Accessories,Logitech 910-002974 M325 Wireless Mouse for Web Scrolling,119.96,4,0.0,52.7824
709,CA-2011-112158,2011-02-12,2011-04-12,First Class,DP-13165,David Philippe,Consumer,United States,New York City,New York,10035,East,FUR-BO-10003272,Furniture,Bookcases,O'Sullivan Living Dimensions 5-Shelf Bookcases,883.92,5,0.2,-110.49
710,CA-2011-112158,2011-02-12,2011-04-12,First Class,DP-13165,David Philippe,Consumer,United States,New York City,New York,10035,East,OFF-BI-10000050,Office Supplies,Binders,"Angle-D Binders with Locking Rings, Label Holders",46.72,8,0.2,15.768
711,CA-2011-113887,2011-05-04,2011-07-04,First Class,TH-21550,Tracy Hopkins,Home Office,United States,New York City,New York,10035,East,OFF-PA-10004071,Office Supplies,Paper,"Eaton Premium Continuous-Feed Paper, 25% Cotton, Letter Size, White, 1000 Shts/Box",55.48,1,0.0,26.6304
712,CA-2014-146136,2014-04-09,2014-08-09,Standard Class,AP-10915,Arthur Prichep,Consumer,United States,Palm Coast,Florida,32137,South,OFF-EN-10001219,Office Supplies,Envelopes,"#10- 4 1/8"" x 9 1/2"" Security-Tint Envelopes",24.448,4,0.2,8.8624
716,CA-2011-153150,2011-01-07,2011-06-07,Second Class,Dl-13600,Dorris liebe,Corporate,United States,Seattle,Washington,98105,West,OFF-BI-10003355,Office Supplies,Binders,Cardinal Holdit Business Card Pockets,19.92,5,0.2,6.972
717,CA-2011-130092,2011-12-01,,First Class,SV-20365,Seth Vernon,Consumer,United States,Dover,Delaware,19901,East,FUR-FU-10000010,Furniture,Furnishings,"DAX Value U-Channel Document Frames, Easel Back",9.94,2,0.0,3.0814
719,CA-2011-104472,2011-02-06,2011-07-06,Standard Class,CK-12325,Christine Kargatis,Home Office,United States,Orem,Utah,84057,West,OFF-BI-10001658,Office Supplies,Binders,GBC Standard Therm-A-Bind Covers,59.808,3,0.2,19.4376
720,CA-2011-104472,2011-02-06,2011-07-06,Standard Class,CK-12325,Christine Kargatis,Home Office,United States,Orem,Utah,84057,West,FUR-FU-10000246,Furniture,Furnishings,Aluminum Document Frame,73.32,6,0.0,21.996
724,CA-2011-117429,2011-07-10,,Standard Class,MR-17545,Mathew Reese,Home Office,United States,Philadelphia,Pennsylvania,19140,East,FUR-FU-10000222,Furniture,Furnishings,"Seth Thomas 16"" Steel Case Clock",129.92,5,0.2,21.112
725,CA-2013-114713,2013-08-07,,Standard Class,SC-20695,Steve Chapman,Corporate,United States,Hialeah,Florida,33012,South,OFF-SU-10004664,Office Supplies,Supplies,Acme Softgrip Scissors,45.584,7,0.2,5.1282
728,US-2013-150861,2013-04-12,2013-07-12,First Class,EG-13900,Emily Grady,Consumer,United States,Oceanside,New York,11572,East,OFF-PA-10001954,Office Supplies,Paper,Xerox 1964,182.72,8,0.0,84.0512
729,US-2013-150861,2013-04-12,2013-07-12,First Class,EG-13900,Emily Grady,Consumer,United States,Oceanside,New York,11572,East,FUR-TA-10002228,Furniture,Tables,"Bevis Traditional Conference Table Top, Plinth Base",400.032,2,0.4,-153.3456
730,US-2013-150861,2013-04-12,2013-07-12,First Class,EG-13900,Emily Grady,Consumer,United States,Oceanside,New York,11572,East,OFF-ST-10004634,Office Supplies,Storage,"Personal Folder Holder, Ebony",33.63,3,0.0,10.089
731,US-2013-150861,2013-04-12,2013-07-12,First Class,EG-13900,Emily Grady,Consumer,United States,Oceanside,New York,11572,East,FUR-CH-10002965,Furniture,Chairs,"Global Leather Highback Executive Chair with Pneumatic Height Adjustment, Black",542.646,3,0.1,102.4998
732,US-2013-150861,2013-04-12,2013-07-12,First Class,EG-13900,Emily Grady,Consumer,United States,Oceanside,New York,11572,East,OFF-LA-10001317,Office Supplies,Labels,Avery 520,6.3,2,0.0,3.024
739,CA-2011-132500,2011-08-09,2011-12-09,Standard Class,GZ-14470,Gary Zandusky,Consumer,United States,San Francisco,California,94110,West,TEC-AC-10001383,Technology,Accessories,Logitech Wireless Touch Keyboard K400,49.98,2,0.0,8.4966
740,CA-2011-112326,2011-05-01,2011-09-01,Standard Class,PO-19195,Phillina Ober,Home Office,United States,Naperville,Illinois,60540,Central,OFF-LA-10003223,Office Supplies,Labels,Avery 508,11.784,3,0.2,4.2717
741,CA-2011-112326,2011-05-01,2011-09-01,Standard Class,PO-19195,Phillina Ober,Home Office,United States,Naperville,Illinois,60540,Central,OFF-ST-10002743,Office Supplies,Storage,SAFCO Boltless Steel Shelving,272.736,3,0.2,-64.7748
742,CA-2011-112326,2011-05-01,2011-09-01,Standard Class,PO-19195,Phillina Ober,Home Office,United States,Naperville,Illinois,60540,Central,OFF-BI-10004094,Office Supplies,Binders,GBC Standard Plastic Binding Systems Combs,3.54,2,0.8,-5.487
750,CA-2014-126074,2014-03-10,2014-07-10,Standard Class,RF-19735,Roland Fjeld,Consumer,United States,Trenton,Michigan,48183,Central,OFF-BI-10003638,Office Supplies,Binders,GBC Durable Plastic Covers,58.05,3,0.0,26.703
751,CA-2014-126074,2014-03-10,2014-07-10,Standard Class,RF-19735,Roland Fjeld,Consumer,United States,Trenton,Michigan,48183,Central,FUR-FU-10003577,Furniture,Furnishings,Nu-Dell Leatherette Frames,157.74,11,0.0,56.7864
752,CA-2014-126074,2014-03-10,2014-07-10,Standard Class,RF-19735,Roland Fjeld,Consumer,United States,Trenton,Michigan,48183,Central,OFF-AR-10003478,Office Supplies,Art,"Avery Hi-Liter EverBold Pen Style Fluorescent Highlighters, 4/Pack",56.98,7,0.0,22.792
753,CA-2014-126074,2014-03-10,2014-07-10,Standard Class,RF-19735,Roland Fjeld,Consumer,United States,Trenton,Michigan,48183,Central,OFF-BI-10000546,Office Supplies,Binders,Avery Durable Binders,2.88,1,0.0,1.4112
754,CA-2013-110499,2013-08-04,2013-10-04,First Class,YC-21895,Yoseph Carroll,Corporate,United States,San Francisco,California,94110,West,TEC-CO-10002095,Technology,Copiers,Hewlett Packard 610 Color Digital Copier / Printer,1199.976,3,0.2,374.9925
755,CA-2012-135272,2012-07-12,2012-12-12,Standard Class,MS-17830,Melanie Seite,Consumer,United States,Los Angeles,California,90036,West,FUR-FU-10002759,Furniture,Furnishings,12-1/2 Diameter Round Wall Clock,79.92,4,0.0,28.7712
762,CA-2014-126046,2014-04-11,2014-08-11,Standard Class,JC-16105,Julie Creighton,Corporate,United States,Atlanta,Georgia,30318,South,OFF-LA-10004484,Office Supplies,Labels,Avery 476,12.39,3,0.0,5.6994
763,CA-2012-114923,2012-08-02,,Standard Class,LH-17020,Lisa Hazard,Consumer,United States,Columbus,Ohio,43229,East,TEC-PH-10003931,Technology,Phones,JBL Micro Wireless Portable Bluetooth Speaker,107.982,3,0.4,-26.9955
782,US-2012-157014,2012-03-10,2012-06-10,Second Class,BM-11785,Bryan Mills,Consumer,United States,Columbus,Ohio,43229,East,OFF-BI-10001098,Office Supplies,Binders,Acco D-Ring Binder w/DublLock,32.07,5,0.7,-22.449
783,US-2012-157014,2012-03-10,2012-06-10,Second Class,BM-11785,Bryan Mills,Consumer,United States,Columbus,Ohio,43229,East,TEC-AC-10002167,Technology,Accessories,Imation 8gb Micro Traveldrive Usb 2.0 Flash Drive,24.0,2,0.2,-2.7
784,US-2012-157014,2012-03-10,2012-06-10,Second Class,BM-11785,Bryan Mills,Consumer,United States,Columbus,Ohio,43229,East,FUR-BO-10004409,Furniture,Bookcases,"Safco Value Mate Series Steel Bookcases, Baked Enamel Finish on Steel, Gray",35.49,1,0.5,-15.6156
785,US-2012-157014,2012-03-10,2012-06-10,Second Class,BM-11785,Bryan Mills,Consumer,United States,Columbus,Ohio,43229,East,TEC-AC-10000057,Technology,Accessories,Microsoft Natural Ergonomic Keyboard 4000,47.984,2,0.2,0.5998
788,CA-2012-154620,2012-12-12,,Standard Class,LT-17110,Liz Thompson,Consumer,United States,Lancaster,California,93534,West,FUR-CH-10004675,Furniture,Chairs,"Lifetime Advantage Folding Chairs, 4/Carton",348.928,2,0.2,34.8928
806,CA-2011-134313,2011-01-11,2011-07-11,Standard Class,RA-19915,Russell Applegate,Consumer,United States,Denver,Colorado,80219,West,OFF-AR-10001897,Office Supplies,Art,Model L Table or Wall-Mount Pencil Sharpener,43.176,3,0.2,4.3176
807,CA-2011-134313,2011-01-11,2011-07-11,Standard Class,RA-19915,Russell Applegate,Consumer,United States,Denver,Colorado,80219,West,TEC-PH-10001795,Technology,Phones,ClearOne CHATAttach 160 - speaker phone,1983.968,4,0.2,247.996
808,CA-2012-140921,2012-03-02,2012-05-02,First Class,AA-10375,Allen Armold,Consumer,United States,Omaha,Nebraska,68104,Central,FUR-FU-10003347,Furniture,Furnishings,Coloredge Poster Frame,28.4,2,0.0,11.076
809,CA-2012-140921,2012-03-02,2012-05-02,First Class,AA-10375,Allen Armold,Consumer,United States,Omaha,Nebraska,68104,Central,TEC-AC-10004901,Technology,Accessories,Kensington SlimBlade Notebook Wireless Mouse with Nano Receiver,149.97,3,0.0,50.9898
825,US-2011-102071,2011-09-05,,Standard Class,PG-18820,Patrick Gardner,Consumer,United States,San Francisco,California,94110,West,TEC-AC-10003441,Technology,Accessories,Kingston Digital DataTraveler 32GB USB 2.0,67.8,4,0.0,4.068
826,US-2011-102071,2011-09-05,,Standard Class,PG-18820,Patrick Gardner,Consumer,United States,San Francisco,California,94110,West,TEC-AC-10000109,Technology,Accessories,Sony Micro Vault Click 16 GB USB 2.0 Flash Drive,167.97,3,0.0,40.3128
837,US-2011-115987,2011-08-09,,Second Class,LH-17020,Lisa Hazard,Consumer,United States,Tyler,Texas,75701,Central,OFF-BI-10001071,Office Supplies,Binders,GBC ProClick Punch Binding System,51.184,4,0.8,-79.3352
838,US-2014-156083,2014-05-11,2014-12-11,Standard Class,JL-15175,James Lanier,Home Office,United States,Columbia,Tennessee,38401,South,OFF-PA-10001560,Office Supplies,Paper,"Adams Telephone Message Books, 5 1/4 x 11",9.664,2,0.2,3.2616
839,US-2013-137547,2013-08-03,,Standard Class,EB-13705,Ed Braxton,Corporate,United States,Fort Worth,Texas,76106,Central,TEC-PH-10002365,Technology,Phones,Belkin Grip Candy Sheer Case / Cover for iPhone 5 and 5S,21.072,3,0.2,1.5804
843,CA-2013-161669,2013-08-11,2013-10-11,First Class,EM-14095,Eudokia Martin,Corporate,United States,Los Angeles,California,90036,West,OFF-BI-10001294,Office Supplies,Binders,Fellowes Binding Cases,37.44,4,0.2,11.7
844,CA-2013-161669,2013-08-11,2013-10-11,First Class,EM-14095,Eudokia Martin,Corporate,United States,Los Angeles,California,90036,West,OFF-BI-10001636,Office Supplies,Binders,Ibico Plastic and Wire Spiral Binding Combs,26.976,4,0.2,8.7672
845,CA-2013-161669,2013-08-11,2013-10-11,First Class,EM-14095,Eudokia Martin,Corporate,United States,Los Angeles,California,90036,West,OFF-SU-10002503,Office Supplies,Supplies,Acme Preferred Stainless Steel Scissors,11.36,2,0.0,3.2944
846,CA-2013-161669,2013-08-11,2013-10-11,First Class,EM-14095,Eudokia Martin,Corporate,United States,Los Angeles,California,90036,West,OFF-LA-10004093,Office Supplies,Labels,Avery 486,14.62,2,0.0,6.8714
849,CA-2014-107503,2014-02-01,2014-07-01,Standard Class,GA-14725,Guy Armstrong,Consumer,United States,Lorain,Ohio,44052,East,FUR-FU-10003878,Furniture,Furnishings,"Linden 10"" Round Wall Clock, Black",48.896,4,0.2,8.5568
850,CA-2011-107755,2011-08-02,,Standard Class,CK-12760,Cyma Kinney,Corporate,United States,Linden,New Jersey,7036,East,TEC-AC-10000710,Technology,Accessories,Maxell DVD-RAM Discs,115.36,7,0.0,49.6048
856,CA-2011-125612,2011-03-08,2011-08-08,Standard Class,BK-11260,Berenike Kampe,Consumer,United States,New York City,New York,10035,East,OFF-PA-10001019,Office Supplies,Paper,Xerox 1884,39.96,2,0.0,18.7812
857,CA-2011-125612,2011-03-08,2011-08-08,Standard Class,BK-11260,Berenike Kampe,Consumer,United States,New York City,New York,10035,East,OFF-SU-10002537,Office Supplies,Supplies,Acme Box Cutter Scissors,102.3,10,0.0,26.598
858,CA-2011-125612,2011-03-08,2011-08-08,Standard Class,BK-11260,Berenike Kampe,Consumer,United States,New York City,New York,10035,East,OFF-ST-10003221,Office Supplies,Storage,Staples,21.36,2,0.0,5.7672
859,CA-2014-161984,2014-11-04,,Standard Class,SJ-20125,Sanjit Jacobs,Home Office,United States,New Brunswick,New Jersey,8901,East,OFF-PA-10004569,Office Supplies,Paper,"Wirebound Message Books, Two 4 1/4"" x 5"" Forms per Page",7.61,1,0.0,3.5767
860,CA-2014-161984,2014-11-04,,Standard Class,SJ-20125,Sanjit Jacobs,Home Office,United States,New Brunswick,New Jersey,8901,East,OFF-FA-10000624,Office Supplies,Fasteners,OIC Binder Clips,7.16,2,0.0,3.58
861,CA-2011-133851,2011-09-06,,Standard Class,CM-12445,Chuck Magee,Consumer,United States,San Francisco,California,94122,West,OFF-SU-10001225,Office Supplies,Supplies,Staples,7.36,2,0.0,0.1472
862,CA-2011-133851,2011-09-06,,Standard Class,CM-12445,Chuck Magee,Consumer,United States,San Francisco,California,94122,West,OFF-AR-10003752,Office Supplies,Art,Deluxe Chalkboard Eraser Cleaner,23.1,2,0.0,10.626
863,CA-2013-134474,2013-05-01,2013-07-01,Second Class,AJ-10795,Anthony Johnson,Corporate,United States,Jacksonville,Florida,32216,South,TEC-AC-10001714,Technology,Accessories,Logitech MX Performance Wireless Mouse,191.472,6,0.2,40.6878
864,CA-2013-134474,2013-05-01,2013-07-01,Second Class,AJ-10795,Anthony Johnson,Corporate,United States,Jacksonville,Florida,32216,South,OFF-AR-10003958,Office Supplies,Art,Newell 337,5.248,2,0.2,0.5904
865,CA-2013-134474,2013-05-01,2013-07-01,Second Class,AJ-10795,Anthony Johnson,Corporate,United States,Jacksonville,Florida,32216,South,TEC-PH-10002923,Technology,Phones,"Logitech B530 USB Headset - headset - Full size, Binaural",59.184,2,0.2,5.1786
866,CA-2011-149020,2011-11-01,,Standard Class,AJ-10780,Anthony Jacobs,Corporate,United States,Springfield,Virginia,22153,South,OFF-LA-10004272,Office Supplies,Labels,Avery 482,2.89,1,0.0,1.3583
867,CA-2011-149020,2011-11-01,,Standard Class,AJ-10780,Anthony Jacobs,Corporate,United States,Springfield,Virginia,22153,South,FUR-FU-10000965,Furniture,Furnishings,"Howard Miller 11-1/2"" Diameter Ridgewood Wall Clock",51.94,1,0.0,21.2954
869,CA-2011-136742,2011-06-04,2011-10-04,Standard Class,GP-14740,Guy Phonely,Corporate,United States,Lancaster,Pennsylvania,17602,East,OFF-BI-10003719,Office Supplies,Binders,Large Capacity Hanging Post Binders,44.91,6,0.7,-35.928
870,CA-2013-158099,2013-04-09,2013-06-09,First Class,PK-18910,Paul Knutson,Home Office,United States,Philadelphia,Pennsylvania,19143,East,OFF-BI-10000545,Office Supplies,Binders,GBC Ibimaster 500 Manual ProClick Binding System,1141.47,5,0.7,-760.98
871,CA-2013-158099,2013-04-09,2013-06-09,First Class,PK-18910,Paul Knutson,Home Office,United States,Philadelphia,Pennsylvania,19143,East,TEC-PH-10002496,Technology,Phones,Cisco SPA301,280.782,3,0.4,-46.797
873,CA-2011-148488,2011-10-12,,Standard Class,SM-20005,Sally Matthias,Consumer,United States,New York City,New York,10009,East,OFF-PA-10004470,Office Supplies,Paper,"Adams Write n' Stick Phone Message Book, 11"" X 5 1/4"", 200 Messages",11.36,2,0.0,5.2256
874,CA-2011-148488,2011-10-12,,Standard Class,SM-20005,Sally Matthias,Consumer,United States,New York City,New York,10009,East,OFF-BI-10000315,Office Supplies,Binders,Poly Designer Cover & Back,106.344,7,0.2,37.2204
880,CA-2014-111689,2014-01-12,2014-03-12,Second Class,HP-14815,Harold Pawlan,Home Office,United States,New York City,New York,10024,East,OFF-BI-10003984,Office Supplies,Binders,Lock-Up Easel 'Spel-Binder',68.472,3,0.2,23.1093
881,CA-2014-111689,2014-01-12,2014-03-12,Second Class,HP-14815,Harold Pawlan,Home Office,United States,New York City,New York,10024,East,FUR-CH-10004287,Furniture,Chairs,SAFCO Arco Folding Chair,1242.9,5,0.1,262.39
882,CA-2012-129098,2012-09-10,,Standard Class,DK-13090,Dave Kipp,Consumer,United States,Springfield,Virginia,22153,South,OFF-ST-10001321,Office Supplies,Storage,"Decoflex Hanging Personal Folder File, Blue",30.84,2,0.0,8.3268
889,CA-2011-104976,2011-09-12,,Standard Class,CK-12760,Cyma Kinney,Corporate,United States,San Francisco,California,94122,West,OFF-PA-10003845,Office Supplies,Paper,Xerox 1987,34.68,6,0.0,16.9932
895,CA-2013-105494,2013-11-11,,First Class,PC-18745,Pamela Coakley,Corporate,United States,San Francisco,California,94122,West,OFF-ST-10002205,Office Supplies,Storage,File Shuttle I and Handi-File,155.82,7,0.0,42.0714
896,CA-2013-105494,2013-11-11,,First Class,PC-18745,Pamela Coakley,Corporate,United States,San Francisco,California,94122,West,OFF-BI-10003364,Office Supplies,Binders,Binding Machine Supplies,70.008,3,0.2,24.5028
897,CA-2013-140634,2013-04-10,2013-07-10,Second Class,HL-15040,Hunter Lopez,Consumer,United States,Houston,Texas,77095,Central,OFF-EN-10001099,Office Supplies,Envelopes,Staples,15.648,2,0.2,5.0856
898,CA-2011-144407,2011-09-09,,Standard Class,MS-17365,Maribeth Schnelling,Consumer,United States,Detroit,Michigan,48227,Central,OFF-LA-10003923,Office Supplies,Labels,Alphabetical Labels for Top Tab Filing,103.6,7,0.0,51.8
900,US-2013-114622,2013-11-04,,First Class,JR-16210,Justin Ritter,Corporate,United States,Springfield,Ohio,45503,East,OFF-BI-10004716,Office Supplies,Binders,Wilson Jones Hanging Recycled Pressboard Data Binders,8.904,2,0.7,-6.5296
901,CA-2014-150959,2014-12-11,,First Class,TD-20995,Tamara Dahlen,Consumer,United States,Garland,Texas,75043,Central,OFF-LA-10001045,Office Supplies,Labels,Permanent Self-Adhesive File Folder Labels for Typewriters by Universal,10.44,5,0.2,3.393
902,CA-2014-150959,2014-12-11,,First Class,TD-20995,Tamara Dahlen,Consumer,United States,Garland,Texas,75043,Central,OFF-BI-10001510,Office Supplies,Binders,Deluxe Heavy-Duty Vinyl Round Ring Binder,18.336,4,0.8,-32.088
904,CA-2013-130477,2013-09-04,,Standard Class,LC-17140,Logan Currie,Consumer,United States,Los Angeles,California,90032,West,OFF-PA-10002947,Office Supplies,Paper,Xerox 1923,20.04,3,0.0,9.6192
905,CA-2013-130477,2013-09-04,,Standard Class,LC-17140,Logan Currie,Consumer,United States,Los Angeles,California,90032,West,OFF-ST-10002583,Office Supplies,Storage,Fellowes Neat Ideas Storage Cubes,64.96,2,0.0,2.5984
906,CA-2013-130477,2013-09-04,,Standard Class,LC-17140,Logan Currie,Consumer,United States,Los Angeles,California,90032,West,OFF-PA-10000019,Office Supplies,Paper,Xerox 1931,12.96,2,0.0,6.2208
910,CA-2014-137596,2014-03-09,2014-08-09,Standard Class,BE-11335,Bill Eplett,Home Office,United States,Jackson,Michigan,49201,Central,TEC-PH-10001494,Technology,Phones,Polycom CX600 IP Phone VoIP phone,1199.8,4,0.0,323.946
911,CA-2014-137596,2014-03-09,2014-08-09,Standard Class,BE-11335,Bill Eplett,Home Office,United States,Jackson,Michigan,49201,Central,TEC-AC-10004666,Technology,Accessories,Maxell iVDR EX 500GB Cartridge,1928.78,7,0.0,829.3754
912,CA-2014-137596,2014-03-09,2014-08-09,Standard Class,BE-11335,Bill Eplett,Home Office,United States,Jackson,Michigan,49201,Central,OFF-ST-10003816,Office Supplies,Storage,Fellowes High-Stak Drawer Files,352.38,2,0.0,81.0474
919,CA-2013-165218,2013-06-03,2013-12-03,Standard Class,RW-19630,Rob Williams,Corporate,United States,Dallas,Texas,75220,Central,OFF-EN-10000056,Office Supplies,Envelopes,Cameo Buff Policy Envelopes,149.352,3,0.2,50.4063
920,CA-2013-165218,2013-06-03,2013-12-03,Standard Class,RW-19630,Rob Williams,Corporate,United States,Dallas,Texas,75220,Central,OFF-ST-10001558,Office Supplies,Storage,Acco Perma 4000 Stacking Storage Drawers,12.992,1,0.2,-0.812
921,CA-2011-138296,2011-05-12,2011-12-12,Standard Class,RC-19825,Roy Collins,Consumer,United States,Alexandria,Virginia,22304,South,OFF-ST-10002444,Office Supplies,Storage,Recycled Eldon Regeneration Jumbo File,24.56,2,0.0,6.8768
922,CA-2012-111164,2012-11-04,,Standard Class,SE-20110,Sanjit Engle,Consumer,United States,New York City,New York,10009,East,TEC-AC-10002473,Technology,Accessories,Maxell 4.7GB DVD-R,85.14,3,0.0,34.9074
923,CA-2012-111164,2012-11-04,,Standard Class,SE-20110,Sanjit Engle,Consumer,United States,New York City,New York,10009,East,TEC-PH-10004531,Technology,Phones,OtterBox Commuter Series Case - iPhone 5 & 5s,21.99,1,0.0,10.5552
924,CA-2012-111164,2012-11-04,,Standard Class,SE-20110,Sanjit Engle,Consumer,United States,New York City,New York,10009,East,OFF-AP-10004487,Office Supplies,Appliances,Kensington 4 Outlet MasterPiece Compact Power Control Center,406.6,5,0.0,113.848
928,CA-2012-115091,2012-05-10,2012-09-10,Standard Class,JJ-15760,Joel Jenkins,Home Office,United States,Springfield,Virginia,22153,South,OFF-AR-10000658,Office Supplies,Art,Newell 324,46.2,4,0.0,12.936
929,CA-2012-115091,2012-05-10,2012-09-10,Standard Class,JJ-15760,Joel Jenkins,Home Office,United States,Springfield,Virginia,22153,South,OFF-AP-10000696,Office Supplies,Appliances,Holmes Odor Grabber,28.84,2,0.0,9.5172
933,CA-2014-114216,2014-03-09,2014-07-09,Standard Class,RK-19300,Ralph Kennedy,Consumer,United States,Philadelphia,Pennsylvania,19140,East,OFF-PA-10002195,Office Supplies,Paper,"RSVP Cards & Envelopes, Blank White, 8-1/2"" X 11"", 24 Cards/25 Envelopes/Set",12.192,3,0.2,4.1148
938,US-2014-111745,2014-06-11,2014-07-11,First Class,RA-19885,Ruben Ausman,Corporate,United States,Farmington,New Mexico,87401,West,TEC-AC-10003911,Technology,Accessories,NETGEAR AC1750 Dual Band Gigabit Smart WiFi Router,159.99,1,0.0,54.3966
953,CA-2014-131156,2014-04-04,2014-08-04,Standard Class,KH-16360,Katherine Hughes,Consumer,United States,Philadelphia,Pennsylvania,19143,East,FUR-FU-10001940,Furniture,Furnishings,Staples,25.472,4,0.2,7.6416
956,CA-2014-119305,2014-01-12,2014-05-12,Standard Class,SW-20275,Scott Williamson,Consumer,United States,Jackson,Mississippi,39212,South,OFF-ST-10000604,Office Supplies,Storage,Home/Office Personal File Carts,173.8,5,0.0,43.45
963,CA-2013-120859,2013-02-09,2013-05-09,First Class,CV-12805,Cynthia Voltz,Corporate,United States,San Francisco,California,94110,West,OFF-EN-10001335,Office Supplies,Envelopes,"White Business Envelopes with Contemporary Seam, Recycled White Business Envelopes",21.88,2,0.0,10.94
965,CA-2014-135279,2014-10-04,2014-12-04,First Class,BS-11800,Bryan Spruell,Home Office,United States,New York City,New York,10011,East,OFF-LA-10004055,Office Supplies,Labels,Color-Coded Legal Exhibit Labels,9.82,2,0.0,4.8118
966,CA-2014-135279,2014-10-04,2014-12-04,First Class,BS-11800,Bryan Spruell,Home Office,United States,New York City,New York,10011,East,OFF-AR-10004344,Office Supplies,Art,Bulldog Vacuum Base Pencil Sharpener,35.97,3,0.0,9.7119
967,CA-2014-135279,2014-10-04,2014-12-04,First Class,BS-11800,Bryan Spruell,Home Office,United States,New York City,New York,10011,East,OFF-PA-10004621,Office Supplies,Paper,Xerox 212,12.96,2,0.0,6.2208
968,CA-2014-135279,2014-10-04,2014-12-04,First Class,BS-11800,Bryan Spruell,Home Office,United States,New York City,New York,10011,East,OFF-PA-10001281,Office Supplies,Paper,Computer Printout Paper with Letter-Trim Fine Perforations,191.6,4,0.0,91.968
969,CA-2014-135279,2014-10-04,2014-12-04,First Class,BS-11800,Bryan Spruell,Home Office,United States,New York City,New York,10011,East,OFF-LA-10001613,Office Supplies,Labels,Avery File Folder Labels,8.64,3,0.0,4.2336
970,CA-2014-135279,2014-10-04,2014-12-04,First Class,BS-11800,Bryan Spruell,Home Office,United States,New York City,New York,10011,East,OFF-ST-10001097,Office Supplies,Storage,Office Impressions Heavy Duty Welded Shelving & Multimedia Storage Drawers,501.81,3,0.0,0.0
975,US-2014-103247,2014-06-10,2014-09-10,Second Class,PO-19195,Phillina Ober,Home Office,United States,New York City,New York,10011,East,TEC-PH-10003555,Technology,Phones,Motorola HK250 Universal Bluetooth Headset,160.93,7,0.0,3.2186
976,US-2014-103247,2014-06-10,2014-09-10,Second Class,PO-19195,Phillina Ober,Home Office,United States,New York City,New York,10011,East,OFF-BI-10004492,Office Supplies,Binders,Tuf-Vin Binders,75.792,3,0.2,25.5798
977,US-2014-100209,2014-10-07,,Standard Class,TD-20995,Tamara Dahlen,Consumer,United States,Portland,Oregon,97206,West,OFF-BI-10002012,Office Supplies,Binders,Wilson Jones Easy Flow II Sheet Lifters,1.08,2,0.7,-0.792
978,CA-2014-159366,2014-08-01,2014-11-01,First Class,BW-11110,Bart Watters,Corporate,United States,Detroit,Michigan,48205,Central,TEC-MA-10000822,Technology,Machines,Lexmark MX611dhe Monochrome Laser Printer,3059.982,2,0.1,679.996
980,CA-2012-157035,2012-09-12,2012-12-12,First Class,KB-16600,Ken Brennan,Corporate,United States,Columbus,Indiana,47201,Central,OFF-PA-10004156,Office Supplies,Paper,Xerox 188,34.02,3,0.0,16.6698
981,CA-2013-144939,2013-04-10,2013-09-10,Standard Class,EB-13870,Emily Burns,Consumer,United States,New York City,New York,10035,East,FUR-CH-10003199,Furniture,Chairs,Office Star - Contemporary Task Swivel Chair,599.292,6,0.1,93.2232
982,CA-2011-163419,2011-11-11,,Second Class,TZ-21580,Tracy Zic,Consumer,United States,Louisville,Colorado,80027,West,OFF-AR-10000034,Office Supplies,Art,"BIC Brite Liner Grip Highlighters, Assorted, 5/Pack",3.392,1,0.2,0.8056
983,CA-2011-163419,2011-11-11,,Second Class,TZ-21580,Tracy Zic,Consumer,United States,Louisville,Colorado,80027,West,TEC-PH-10000560,Technology,Phones,Samsung Galaxy S III - 16GB - pebble blue (T-Mobile),559.984,2,0.2,55.9984
984,CA-2011-163419,2011-11-11,,Second Class,TZ-21580,Tracy Zic,Consumer,United States,Louisville,Colorado,80027,West,FUR-CH-10000665,Furniture,Chairs,"Global Airflow Leather Mesh Back Chair, Black",603.92,5,0.2,75.49
988,CA-2012-146829,2012-10-03,2012-10-03,Same Day,TS-21340,Toby Swindell,Consumer,United States,Houston,Texas,77041,Central,OFF-BI-10004022,Office Supplies,Binders,Acco Suede Grain Vinyl Round Ring Binder,1.112,2,0.8,-1.8904
992,CA-2013-110023,2013-10-09,2013-12-09,First Class,TS-21610,Troy Staebel,Consumer,United States,New York City,New York,10024,East,OFF-BI-10001036,Office Supplies,Binders,Cardinal EasyOpen D-Ring Binders,14.624,2,0.2,5.484
1007,CA-2012-105312,2012-06-11,2012-09-11,First Class,MT-17815,Meg Tillman,Consumer,United States,Scottsdale,Arizona,85254,West,OFF-EN-10002600,Office Supplies,Envelopes,"Redi-Strip #10 Envelopes, 4 1/8 x 9 1/2",7.08,3,0.2,2.478
1008,CA-2012-105312,2012-06-11,2012-09-11,First Class,MT-17815,Meg Tillman,Consumer,United States,Scottsdale,Arizona,85254,West,OFF-BI-10002049,Office Supplies,Binders,UniKeep View Case Binders,4.401,3,0.7,-3.5208
1010,CA-2014-135034,2014-02-08,2014-04-08,First Class,AT-10735,Annie Thurman,Consumer,United States,Chicago,Illinois,60653,Central,TEC-PH-10003931,Technology,Phones,JBL Micro Wireless Portable Bluetooth Speaker,95.984,2,0.2,5.999
1017,CA-2012-108665,2012-06-07,2012-10-07,Standard Class,KM-16225,Kalyca Meade,Corporate,United States,New York City,New York,10011,East,FUR-FU-10002191,Furniture,Furnishings,G.E. Halogen Desk Lamp Bulbs,13.96,2,0.0,6.7008
1018,CA-2012-108665,2012-06-07,2012-10-07,Standard Class,KM-16225,Kalyca Meade,Corporate,United States,New York City,New York,10011,East,FUR-FU-10000965,Furniture,Furnishings,"Howard Miller 11-1/2"" Diameter Ridgewood Wall Clock",155.82,3,0.0,63.8862
1019,CA-2012-108665,2012-06-07,2012-10-07,Standard Class,KM-16225,Kalyca Meade,Corporate,United States,New York City,New York,10011,East,TEC-PH-10004188,Technology,Phones,OtterBox Commuter Series Case - Samsung Galaxy S4,124.95,5,0.0,2.499
1020,CA-2012-108665,2012-06-07,2012-10-07,Standard Class,KM-16225,Kalyca Meade,Corporate,United States,New York City,New York,10011,East,OFF-ST-10001526,Office Supplies,Storage,Iceberg Mobile Mega Data/Printer Cart,601.65,5,0.0,156.429
1026,CA-2013-126529,2013-11-01,,Second Class,DE-13255,Deanra Eno,Home Office,United States,Springfield,Ohio,45503,East,OFF-PA-10001166,Office Supplies,Paper,Xerox 2,15.552,3,0.2,5.4432
1027,CA-2013-126529,2013-11-01,,Second Class,DE-13255,Deanra Eno,Home Office,United States,Springfield,Ohio,45503,East,OFF-PA-10003656,Office Supplies,Paper,Xerox 1935,63.312,3,0.2,20.5764
1028,CA-2013-126529,2013-11-01,,Second Class,DE-13255,Deanra Eno,Home Office,United States,Springfield,Ohio,45503,East,TEC-PH-10000148,Technology,Phones,Cyber Acoustics AC-202b Speech Recognition Stereo Headset,15.588,2,0.4,-9.8724
1029,CA-2011-163552,2011-11-07,,Standard Class,LA-16780,Laura Armstrong,Corporate,United States,Hackensack,New Jersey,7601,East,OFF-PA-10000474,Office Supplies,Paper,Staples,177.2,5,0.0,83.284
1030,CA-2011-163552,2011-11-07,,Standard Class,LA-16780,Laura Armstrong,Corporate,United States,Hackensack,New Jersey,7601,East,TEC-PH-10003885,Technology,Phones,Cisco SPA508G,197.97,3,0.0,57.4113
1031,CA-2011-163552,2011-11-07,,Standard Class,LA-16780,Laura Armstrong,Corporate,United States,Hackensack,New Jersey,7601,East,FUR-CH-10003379,Furniture,Chairs,Global Commerce Series High-Back Swivel/Tilt Chairs,854.94,3,0.0,213.735
1032,CA-2011-163552,2011-11-07,,Standard Class,LA-16780,Laura Armstrong,Corporate,United States,Hackensack,New Jersey,7601,East,FUR-FU-10000629,Furniture,Furnishings,9-3/4 Diameter Round Wall Clock,124.11,9,0.0,52.1262
1033,CA-2011-163552,2011-11-07,,Standard Class,LA-16780,Laura Armstrong,Corporate,United States,Hackensack,New Jersey,7601,East,OFF-LA-10001175,Office Supplies,Labels,Avery 514,14.4,5,0.0,7.056
1042,CA-2013-102981,2013-07-09,2013-10-09,Second Class,MO-17500,Mary O'Rourke,Consumer,United States,New York City,New York,10035,East,TEC-AC-10004761,Technology,Accessories,Maxell 4.7GB DVD+RW 3/Pack,31.86,2,0.0,11.151
1043,CA-2013-102981,2013-07-09,2013-10-09,Second Class,MO-17500,Mary O'Rourke,Consumer,United States,New York City,New York,10035,East,FUR-BO-10001811,Furniture,Bookcases,"Atlantic Metals Mobile 5-Shelf Bookcases, Custom Colors",722.352,3,0.2,90.294
1044,CA-2014-115651,2014-10-07,,First Class,NS-18640,Noel Staavos,Corporate,United States,Chicago,Illinois,60610,Central,OFF-AR-10001130,Office Supplies,Art,"Quartet Alpha White Chalk, 12/Pack",8.84,5,0.2,2.9835
1045,CA-2014-115651,2014-10-07,,First Class,NS-18640,Noel Staavos,Corporate,United States,Chicago,Illinois,60610,Central,OFF-AP-10000055,Office Supplies,Appliances,Belkin F9S820V06 8 Outlet Surge,58.464,9,0.8,-146.16
1047,CA-2013-169103,2013-09-03,,Standard Class,ZC-21910,Zuschuss Carroll,Consumer,United States,Miami,Florida,33142,South,TEC-PH-10001530,Technology,Phones,Cisco Unified IP Phone 7945G VoIP phone,1363.96,5,0.2,85.2475
1048,CA-2013-169103,2013-09-03,,Standard Class,ZC-21910,Zuschuss Carroll,Consumer,United States,Miami,Florida,33142,South,FUR-FU-10004006,Furniture,Furnishings,"Deflect-o DuraMat Lighweight, Studded, Beveled Mat for Low Pile Carpeting",102.36,3,0.2,-3.8385
1051,US-2012-153500,2012-03-07,2012-05-07,First Class,DG-13300,Deirdre Greer,Corporate,United States,Philadelphia,Pennsylvania,19134,East,FUR-FU-10000293,Furniture,Furnishings,Eldon Antistatic Chair Mats for Low to Medium Pile Carpets,168.464,2,0.2,-29.4812
1052,US-2012-153500,2012-03-07,2012-05-07,First Class,DG-13300,Deirdre Greer,Corporate,United States,Philadelphia,Pennsylvania,19134,East,OFF-PA-10001307,Office Supplies,Paper,"Important Message Pads, 50 4-1/4 x 5-1/2 Forms per Pad",6.72,2,0.2,2.436
1053,US-2012-153500,2012-03-07,2012-05-07,First Class,DG-13300,Deirdre Greer,Corporate,United States,Philadelphia,Pennsylvania,19134,East,FUR-FU-10004460,Furniture,Furnishings,"Howard Miller 12"" Round Wall Clock",282.888,9,0.2,56.5776
1054,CA-2012-110667,2012-04-04,2012-08-04,Standard Class,NF-18595,Nicole Fjeld,Home Office,United States,New York City,New York,10009,East,OFF-AR-10000716,Office Supplies,Art,DIXON Ticonderoga Erasable Checking Pencils,11.16,2,0.0,4.3524
1055,CA-2012-110667,2012-04-04,2012-08-04,Standard Class,NF-18595,Nicole Fjeld,Home Office,United States,New York City,New York,10009,East,FUR-FU-10004622,Furniture,Furnishings,Eldon Advantage Foldable Chair Mats for Low Pile Carpets,108.4,2,0.0,22.764
1056,CA-2012-110667,2012-04-04,2012-08-04,Standard Class,NF-18595,Nicole Fjeld,Home Office,United States,New York City,New York,10009,East,OFF-BI-10002735,Office Supplies,Binders,GBC Prestige Therm-A-Bind Covers,82.344,3,0.2,27.7911
1057,CA-2012-110667,2012-04-04,2012-08-04,Standard Class,NF-18595,Nicole Fjeld,Home Office,United States,New York City,New York,10009,East,OFF-BI-10003529,Office Supplies,Binders,Avery Round Ring Poly Binders,9.088,4,0.2,3.2944
1058,CA-2014-167150,2014-11-12,,Standard Class,BP-11185,Ben Peterman,Corporate,United States,San Diego,California,92037,West,OFF-BI-10001097,Office Supplies,Binders,Avery Hole Reinforcements,19.936,4,0.2,7.2268
1059,CA-2014-167150,2014-11-12,,Standard Class,BP-11185,Ben Peterman,Corporate,United States,San Diego,California,92037,West,OFF-BI-10001597,Office Supplies,Binders,"Wilson Jones Ledger-Size, Piano-Hinge Binder, 2"", Blue",65.568,2,0.2,22.9488
1068,CA-2013-157686,2013-02-10,2013-03-10,First Class,BD-11620,Brian DeCherney,Consumer,United States,San Francisco,California,94122,West,FUR-CH-10001146,Furniture,Chairs,"Global Value Mid-Back Manager's Chair, Gray",194.848,4,0.2,12.178
1083,US-2013-143819,2013-02-03,2013-06-03,Standard Class,KD-16270,Karen Daniels,Consumer,United States,Yonkers,New York,10701,East,FUR-TA-10001095,Furniture,Tables,Chromcraft Round Conference Tables,836.592,8,0.4,-264.9208
1084,US-2013-143819,2013-02-03,2013-06-03,Standard Class,KD-16270,Karen Daniels,Consumer,United States,Yonkers,New York,10701,East,OFF-PA-10003127,Office Supplies,Paper,Staples,26.38,1,0.0,12.1348
1085,US-2013-143819,2013-02-03,2013-06-03,Standard Class,KD-16270,Karen Daniels,Consumer,United States,Yonkers,New York,10701,East,OFF-ST-10003208,Office Supplies,Storage,Adjustable Depth Letter/Legal Cart,362.92,2,0.0,105.2468
1086,US-2013-143819,2013-02-03,2013-06-03,Standard Class,KD-16270,Karen Daniels,Consumer,United States,Yonkers,New York,10701,East,TEC-MA-10003979,Technology,Machines,Ativa V4110MDD Micro-Cut Shredder,4899.93,7,0.0,2400.9657
1090,CA-2014-158407,2014-05-06,2014-11-06,Standard Class,LW-16990,Lindsay Williams,Corporate,United States,Monroe,North Carolina,28110,South,FUR-FU-10001967,Furniture,Furnishings,Telescoping Adjustable Floor Lamp,31.984,2,0.2,1.999
1091,CA-2014-158407,2014-05-06,2014-11-06,Standard Class,LW-16990,Lindsay Williams,Corporate,United States,Monroe,North Carolina,28110,South,TEC-PH-10001819,Technology,Phones,Innergie mMini Combo Duo USB Travel Charging Kit,71.984,2,0.2,25.1944
1092,CA-2012-143490,2012-06-12,,Standard Class,NP-18325,Naresj Patel,Consumer,United States,San Diego,California,92105,West,OFF-AR-10002952,Office Supplies,Art,Stanley Contemporary Battery Pencil Sharpeners,120.15,9,0.0,33.642
1093,CA-2012-143490,2012-06-12,,Standard Class,NP-18325,Naresj Patel,Consumer,United States,San Diego,California,92105,West,TEC-PH-10000576,Technology,Phones,AT&T 1080 Corded phone,219.184,2,0.2,19.1786
1118,CA-2012-142755,2012-04-09,2012-08-09,Standard Class,CS-12355,Christine Sundaresam,Consumer,United States,Roswell,Georgia,30076,South,OFF-PA-10001970,Office Supplies,Paper,Xerox 1908,279.9,5,0.0,137.151
1119,CA-2012-142755,2012-04-09,2012-08-09,Standard Class,CS-12355,Christine Sundaresam,Consumer,United States,Roswell,Georgia,30076,South,TEC-AC-10002049,Technology,Accessories,Logitech G19 Programmable Gaming Keyboard,619.95,5,0.0,111.591
1120,CA-2012-142755,2012-04-09,2012-08-09,Standard Class,CS-12355,Christine Sundaresam,Consumer,United States,Roswell,Georgia,30076,South,OFF-PA-10000141,Office Supplies,Paper,"Ampad Evidence Wirebond Steno Books, 6"" x 9""",4.36,2,0.0,2.0492
1121,CA-2012-142755,2012-04-09,2012-08-09,Standard Class,CS-12355,Christine Sundaresam,Consumer,United States,Roswell,Georgia,30076,South,OFF-EN-10004459,Office Supplies,Envelopes,Security-Tint Envelopes,15.28,2,0.0,7.4872
1128,CA-2012-105970,2012-02-03,2012-07-03,Standard Class,PA-19060,Pete Armstrong,Home Office,United States,Richmond,Indiana,47374,Central,OFF-AR-10003156,Office Supplies,Art,50 Colored Long Pencils,10.16,1,0.0,2.6416
1129,CA-2012-105970,2012-02-03,2012-07-03,Standard Class,PA-19060,Pete Armstrong,Home Office,United States,Richmond,Indiana,47374,Central,OFF-EN-10001532,Office Supplies,Envelopes,Brown Kraft Recycled Envelopes,101.88,6,0.0,50.94
1133,US-2013-114776,2013-07-12,2013-08-12,First Class,GG-14650,Greg Guthrie,Corporate,United States,Antioch,California,94509,West,OFF-PA-10004100,Office Supplies,Paper,Xerox 216,19.44,3,0.0,9.3312
1134,US-2013-134908,2013-06-06,2013-10-06,Standard Class,JS-15940,Joni Sundaresam,Home Office,United States,Philadelphia,Pennsylvania,19134,East,OFF-ST-10003479,Office Supplies,Storage,"Eldon Base for stackable storage shelf, platinum",124.608,4,0.2,-23.364
1135,US-2013-134908,2013-06-06,2013-10-06,Standard Class,JS-15940,Joni Sundaresam,Home Office,United States,Philadelphia,Pennsylvania,19134,East,OFF-LA-10000973,Office Supplies,Labels,Avery 502,7.56,3,0.2,2.646
1136,US-2013-148803,2013-12-12,2013-12-12,Same Day,LR-16915,Lena Radford,Consumer,United States,Homestead,Florida,33030,South,OFF-ST-10001476,Office Supplies,Storage,Steel Personal Filing/Posting Tote,85.224,3,0.2,7.4571
1147,CA-2012-112452,2012-04-04,2012-04-04,Same Day,NC-18340,Nat Carroll,Consumer,United States,Lansing,Michigan,48911,Central,OFF-AP-10003849,Office Supplies,Appliances,Hoover Shoulder Vac Commercial Portable Vacuum,644.076,2,0.1,107.346
1148,CA-2012-112452,2012-04-04,2012-04-04,Same Day,NC-18340,Nat Carroll,Consumer,United States,Lansing,Michigan,48911,Central,OFF-FA-10000735,Office Supplies,Fasteners,Staples,5.84,2,0.0,2.628
1149,CA-2012-112452,2012-04-04,2012-04-04,Same Day,NC-18340,Nat Carroll,Consumer,United States,Lansing,Michigan,48911,Central,OFF-BI-10003350,Office Supplies,Binders,Acco Expandable Hanging Binders,12.76,2,0.0,5.8696
1150,CA-2012-112452,2012-04-04,2012-04-04,Same Day,NC-18340,Nat Carroll,Consumer,United States,Lansing,Michigan,48911,Central,TEC-PH-10000307,Technology,Phones,Shocksock Galaxy S4 Armband,10.95,1,0.0,0.438
1151,CA-2012-112452,2012-04-04,2012-04-04,Same Day,NC-18340,Nat Carroll,Consumer,United States,Lansing,Michigan,48911,Central,TEC-CO-10004202,Technology,Copiers,Brother DCP1000 Digital 3 in 1 Multifunction Machine,599.98,2,0.0,209.993
1152,CA-2012-113971,2012-08-05,,Standard Class,CB-12535,Claudia Bergmann,Corporate,United States,Cuyahoga Falls,Ohio,44221,East,FUR-FU-10001852,Furniture,Furnishings,"Eldon Regeneration Recycled Desk Accessories, Smoke",8.352,6,0.2,1.2528
1153,CA-2014-160395,2014-01-01,2014-07-01,Standard Class,KL-16555,Kelly Lampkin,Corporate,United States,Reno,Nevada,89502,West,OFF-AR-10003759,Office Supplies,Art,"Crayola Anti Dust Chalk, 12/Pack",3.64,2,0.0,1.638
1154,CA-2014-160395,2014-01-01,2014-07-01,Standard Class,KL-16555,Kelly Lampkin,Corporate,United States,Reno,Nevada,89502,West,OFF-BI-10003984,Office Supplies,Binders,Lock-Up Easel 'Spel-Binder',159.768,7,0.2,53.9217
1159,CA-2013-149314,2013-03-07,2013-08-07,Second Class,GB-14530,George Bell,Corporate,United States,Los Angeles,California,90004,West,FUR-CH-10002126,Furniture,Chairs,Hon Deluxe Fabric Upholstered Stacking Chairs,195.184,1,0.2,19.5184
1162,CA-2011-126522,2011-01-09,2011-05-09,Second Class,LT-16765,Larry Tron,Consumer,United States,Escondido,California,92025,West,OFF-AR-10004042,Office Supplies,Art,"BOSTON Model 1800 Electric Pencil Sharpeners, Putty/Woodgrain",53.94,3,0.0,15.6426
1163,CA-2011-127964,2011-03-03,2011-08-03,Standard Class,AP-10720,Anne Pryor,Home Office,United States,New York City,New York,10035,East,TEC-PH-10004700,Technology,Phones,PowerGen Dual USB Car Charger,9.99,1,0.0,4.5954
1164,CA-2011-127964,2011-03-03,2011-08-03,Standard Class,AP-10720,Anne Pryor,Home Office,United States,New York City,New York,10035,East,OFF-BI-10004593,Office Supplies,Binders,Ibico Laser Imprintable Binding System Covers,125.76,3,0.2,40.872
1165,CA-2011-127964,2011-03-03,2011-08-03,Standard Class,AP-10720,Anne Pryor,Home Office,United States,New York City,New York,10035,East,OFF-BI-10003429,Office Supplies,Binders,"Cardinal HOLDit! Binder Insert Strips,Extra Strips",25.32,5,0.2,9.1785
1166,CA-2011-117709,2011-04-05,2011-08-05,Standard Class,PM-18940,Paul MacIntyre,Consumer,United States,Jackson,Michigan,49201,Central,OFF-BI-10001294,Office Supplies,Binders,Fellowes Binding Cases,46.8,4,0.0,21.06
1167,CA-2012-125416,2012-02-11,2012-02-11,Same Day,KC-16540,Kelly Collister,Consumer,United States,Seattle,Washington,98115,West,TEC-AC-10001552,Technology,Accessories,Logitech K350 2.4Ghz Wireless Keyboard,447.93,9,0.0,49.2723
1168,CA-2014-145226,2014-09-12,2014-11-12,Second Class,DL-13315,Delfina Latchford,Consumer,United States,New York City,New York,10035,East,FUR-FU-10004952,Furniture,Furnishings,"C-Line Cubicle Keepers Polyproplyene Holder w/Velcro Back, 8-1/2x11, 25/Bx",109.48,2,0.0,33.9388
1169,CA-2014-145226,2014-09-12,2014-11-12,Second Class,DL-13315,Delfina Latchford,Consumer,United States,New York City,New York,10035,East,OFF-ST-10004123,Office Supplies,Storage,Safco Industrial Wire Shelving System,272.94,3,0.0,0.0
1170,CA-2014-145226,2014-09-12,2014-11-12,Second Class,DL-13315,Delfina Latchford,Consumer,United States,New York City,New York,10035,East,OFF-PA-10003172,Office Supplies,Paper,Xerox 1996,19.44,3,0.0,9.3312
1171,CA-2014-145226,2014-09-12,2014-11-12,Second Class,DL-13315,Delfina Latchford,Consumer,United States,New York City,New York,10035,East,OFF-ST-10002352,Office Supplies,Storage,Iris Project Case,31.92,4,0.0,8.2992
1172,US-2011-100279,2011-10-03,,Standard Class,SW-20275,Scott Williamson,Consumer,United States,Royal Oak,Michigan,48073,Central,OFF-PA-10002259,Office Supplies,Paper,"Geographics Note Cards, Blank, White, 8 1/2"" x 11""",22.38,2,0.0,10.7424
1178,CA-2013-113621,2013-02-12,2013-06-12,Standard Class,JE-15745,Joel Eaton,Consumer,United States,Rockville,Maryland,20852,East,FUR-CH-10001270,Furniture,Chairs,Harbour Creations Steel Folding Chair,172.5,2,0.0,51.75
1179,CA-2013-113621,2013-02-12,2013-06-12,Standard Class,JE-15745,Joel Eaton,Consumer,United States,Rockville,Maryland,20852,East,TEC-PH-10003931,Technology,Phones,JBL Micro Wireless Portable Bluetooth Speaker,179.97,3,0.0,44.9925
1198,CA-2013-130946,2013-09-04,,Standard Class,ZC-21910,Zuschuss Carroll,Consumer,United States,Houston,Texas,77041,Central,TEC-AC-10001990,Technology,Accessories,Kensington Orbit Wireless Mobile Trackball for PC and Mac,431.928,9,0.2,64.7892
1199,CA-2013-130946,2013-09-04,,Standard Class,ZC-21910,Zuschuss Carroll,Consumer,United States,Houston,Texas,77041,Central,FUR-CH-10004540,Furniture,Chairs,Global Chrome Stack Chair,95.984,4,0.3,-4.1136
1200,CA-2013-130946,2013-09-04,,Standard Class,ZC-21910,Zuschuss Carroll,Consumer,United States,Houston,Texas,77041,Central,OFF-BI-10004995,Office Supplies,Binders,GBC DocuBind P400 Electric Binding System,1088.792,4,0.8,-1850.9464
1206,CA-2014-133235,2014-02-08,2014-05-08,First Class,LH-16750,Larry Hughes,Consumer,United States,Charlotte,North Carolina,28205,South,TEC-PH-10002660,Technology,Phones,Nortel Networks T7316 E Nt8 B27,271.96,5,0.2,16.9975
1213,US-2014-118087,2014-10-09,,Standard Class,SP-20620,Stefania Perrino,Corporate,United States,Philadelphia,Pennsylvania,19134,East,FUR-CH-10004860,Furniture,Chairs,Global Low Back Tilter Chair,141.372,2,0.3,-48.4704
1214,US-2014-118087,2014-10-09,,Standard Class,SP-20620,Stefania Perrino,Corporate,United States,Philadelphia,Pennsylvania,19134,East,OFF-BI-10002432,Office Supplies,Binders,Wilson Jones Standard D-Ring Binders,3.036,2,0.7,-2.3276
1215,US-2014-118087,2014-10-09,,Standard Class,SP-20620,Stefania Perrino,Corporate,United States,Philadelphia,Pennsylvania,19134,East,OFF-BI-10000069,Office Supplies,Binders,"GBC Prepunched Paper, 19-Hole, for Binding Systems, 24-lb",4.503,1,0.7,-3.6024
1216,US-2014-118087,2014-10-09,,Standard Class,SP-20620,Stefania Perrino,Corporate,United States,Philadelphia,Pennsylvania,19134,East,OFF-AR-10003602,Office Supplies,Art,"Quartet Omega Colored Chalk, 12/Pack",4.672,1,0.2,1.5768
1217,US-2014-118087,2014-10-09,,Standard Class,SP-20620,Stefania Perrino,Corporate,United States,Philadelphia,Pennsylvania,19134,East,TEC-AC-10004469,Technology,Accessories,Microsoft Sculpt Comfort Mouse,95.88,3,0.2,28.764
1218,US-2014-118087,2014-10-09,,Standard Class,SP-20620,Stefania Perrino,Corporate,United States,Philadelphia,Pennsylvania,19134,East,FUR-FU-10001867,Furniture,Furnishings,"Eldon Expressions Punched Metal & Wood Desk Accessories, Pewter & Cherry",17.024,2,0.2,1.7024
1219,US-2014-118087,2014-10-09,,Standard Class,SP-20620,Stefania Perrino,Corporate,United States,Philadelphia,Pennsylvania,19134,East,TEC-AC-10003174,Technology,Accessories,Plantronics S12 Corded Telephone Headset System,258.696,3,0.2,64.674
1220,US-2014-118087,2014-10-09,,Standard Class,SP-20620,Stefania Perrino,Corporate,United States,Philadelphia,Pennsylvania,19134,East,TEC-PH-10002200,Technology,Phones,Samsung Galaxy Note 2,1931.958,7,0.4,-386.3916
1221,CA-2011-110184,2011-12-07,,Standard Class,BF-11170,Ben Ferrer,Home Office,United States,Los Angeles,California,90036,West,OFF-ST-10000107,Office Supplies,Storage,Fellowes Super Stor/Drawer,249.75,9,0.0,44.955
1222,CA-2011-110184,2011-12-07,,Standard Class,BF-11170,Ben Ferrer,Home Office,United States,Los Angeles,California,90036,West,TEC-PH-10000439,Technology,Phones,GE DSL Phone Line Filter,255.936,8,0.2,28.7928
1223,CA-2013-126004,2013-05-12,2013-06-12,First Class,BM-11140,Becky Martin,Consumer,United States,New York City,New York,10024,East,FUR-FU-10001602,Furniture,Furnishings,"Eldon Delta Triangular Chair Mat, 52"" x 58"", Clear",113.79,3,0.0,20.4822
1224,CA-2013-126004,2013-05-12,2013-06-12,First Class,BM-11140,Becky Martin,Consumer,United States,New York City,New York,10024,East,TEC-AC-10001432,Technology,Accessories,Enermax Aurora Lite Keyboard,78.15,1,0.0,34.386
1225,CA-2013-126004,2013-05-12,2013-06-12,First Class,BM-11140,Becky Martin,Consumer,United States,New York City,New York,10024,East,OFF-BI-10004656,Office Supplies,Binders,Peel & Stick Add-On Corner Pockets,1.728,1,0.2,0.6048
1226,CA-2013-126004,2013-05-12,2013-06-12,First Class,BM-11140,Becky Martin,Consumer,United States,New York City,New York,10024,East,OFF-PA-10001685,Office Supplies,Paper,Staples,40.56,4,0.0,19.8744
1227,CA-2013-126004,2013-05-12,2013-06-12,First Class,BM-11140,Becky Martin,Consumer,United States,New York City,New York,10024,East,OFF-ST-10001418,Office Supplies,Storage,Carina Media Storage Towers in Natural & Black,182.94,3,0.0,3.6588
1228,CA-2013-126004,2013-05-12,2013-06-12,First Class,BM-11140,Becky Martin,Consumer,United States,New York City,New York,10024,East,OFF-ST-10000676,Office Supplies,Storage,Fellowes Econo/Stor Drawers,193.86,2,0.0,11.6316
1229,CA-2014-100013,2014-07-11,2014-12-11,Standard Class,ZC-21910,Zuschuss Carroll,Consumer,United States,Los Angeles,California,90045,West,OFF-EN-10001219,Office Supplies,Envelopes,"#10- 4 1/8"" x 9 1/2"" Security-Tint Envelopes",15.28,2,0.0,7.4872
1230,CA-2014-100013,2014-07-11,2014-12-11,Standard Class,ZC-21910,Zuschuss Carroll,Consumer,United States,Los Angeles,California,90045,West,FUR-FU-10001424,Furniture,Furnishings,Dax Clear Box Frame,8.73,1,0.0,2.9682
1231,CA-2014-100013,2014-07-11,2014-12-11,Standard Class,ZC-21910,Zuschuss Carroll,Consumer,United States,Los Angeles,California,90045,West,OFF-AR-10001022,Office Supplies,Art,SANFORD Liquid Accent Tank-Style Highlighters,5.68,2,0.0,1.7608
1239,CA-2011-127012,2011-11-08,,Standard Class,GM-14680,Greg Matthias,Consumer,United States,Seattle,Washington,98105,West,FUR-FU-10003691,Furniture,Furnishings,"Eldon Image Series Desk Accessories, Ebony",12.35,1,0.0,5.434
1240,CA-2011-127012,2011-11-08,,Standard Class,GM-14680,Greg Matthias,Consumer,United States,Seattle,Washington,98105,West,OFF-AR-10003903,Office Supplies,Art,Sanford 52201 APSCO Electric Pencil Sharpener,40.97,1,0.0,10.6522
1241,CA-2011-127012,2011-11-08,,Standard Class,GM-14680,Greg Matthias,Consumer,United States,Seattle,Washington,98105,West,OFF-FA-10004854,Office Supplies,Fasteners,"Vinyl Coated Wire Paper Clips in Organizer Box, 800/Box",22.96,2,0.0,10.7912
1246,CA-2011-168494,2011-12-12,,Second Class,NP-18700,Nora Preis,Consumer,United States,Fresno,California,93727,West,FUR-TA-10004619,Furniture,Tables,Hon Non-Folding Utility Tables,764.688,6,0.2,95.586
1247,CA-2011-168494,2011-12-12,,Second Class,NP-18700,Nora Preis,Consumer,United States,Fresno,California,93727,West,FUR-TA-10003473,Furniture,Tables,Bretford Rectangular Conference Table Tops,3610.848,12,0.2,135.4068
1248,CA-2011-168494,2011-12-12,,Second Class,NP-18700,Nora Preis,Consumer,United States,Fresno,California,93727,West,FUR-BO-10004467,Furniture,Bookcases,Bestar Classic Bookcase,254.9745,3,0.15,11.9988
1253,CA-2012-154956,2012-04-07,2012-09-07,Standard Class,IM-15070,Irene Maddox,Consumer,United States,Milwaukee,Wisconsin,53209,Central,TEC-PH-10004165,Technology,Phones,Mitel MiVoice 5330e IP Phone,1099.96,4,0.0,285.9896
1254,CA-2014-144638,2014-11-03,,Standard Class,MH-18115,Mick Hernandez,Home Office,United States,Chester,Pennsylvania,19013,East,OFF-AR-10003958,Office Supplies,Art,Newell 337,5.248,2,0.2,0.5904
1255,CA-2014-144638,2014-11-03,,Standard Class,MH-18115,Mick Hernandez,Home Office,United States,Chester,Pennsylvania,19013,East,TEC-PH-10000149,Technology,Phones,Cisco SPA525G2 IP Phone - Wireless,35.91,3,0.4,-8.379
1256,CA-2014-144638,2014-11-03,,Standard Class,MH-18115,Mick Hernandez,Home Office,United States,Chester,Pennsylvania,19013,East,FUR-FU-10003724,Furniture,Furnishings,Westinghouse Clip-On Gooseneck Lamps,6.696,1,0.2,0.5022
1257,CA-2014-144638,2014-11-03,,Standard Class,MH-18115,Mick Hernandez,Home Office,United States,Chester,Pennsylvania,19013,East,FUR-FU-10003535,Furniture,Furnishings,Howard Miller Distant Time Traveler Alarm Clock,43.872,2,0.2,11.5164
1263,CA-2014-105053,2014-08-07,2014-10-07,Second Class,CS-12355,Christine Sundaresam,Consumer,United States,Long Beach,New York,11561,East,OFF-BI-10001634,Office Supplies,Binders,Wilson Jones Active Use Binders,17.472,3,0.2,6.3336
1264,CA-2013-155992,2013-02-10,2013-03-10,First Class,CC-12220,Chris Cortes,Consumer,United States,La Porte,Indiana,46350,Central,TEC-PH-10000215,Technology,Phones,Plantronics Cordless Phone Headset with In-line Volume - M214C,69.9,2,0.0,18.873
1265,CA-2013-155992,2013-02-10,2013-03-10,First Class,CC-12220,Chris Cortes,Consumer,United States,La Porte,Indiana,46350,Central,FUR-FU-10003724,Furniture,Furnishings,Westinghouse Clip-On Gooseneck Lamps,41.85,5,0.0,10.881
1266,CA-2014-110380,2014-03-09,2014-08-09,Standard Class,PF-19225,Phillip Flathmann,Consumer,United States,San Francisco,California,94122,West,OFF-AR-10000422,Office Supplies,Art,Pencil and Crayon Sharpener,6.57,3,0.0,1.7739
1270,CA-2014-100426,2014-05-06,2014-09-06,Standard Class,DC-12850,Dan Campbell,Consumer,United States,Florence,Alabama,35630,South,OFF-PA-10002870,Office Supplies,Paper,"Ampad Phone Message Book, Recycled, 400 Message Capacity, 5 ¾ x 11",12.48,2,0.0,5.616
1278,CA-2013-148698,2013-03-05,2013-08-05,Standard Class,BD-11770,Bryan Davis,Consumer,United States,Houston,Texas,77070,Central,OFF-AR-10004022,Office Supplies,Art,Panasonic KP-380BK Classic Electric Pencil Sharpener,86.352,3,0.2,5.397
1279,CA-2011-163293,2011-08-09,2011-11-09,First Class,KC-16255,Karen Carlisle,Corporate,United States,Macon,Georgia,31204,South,TEC-AC-10004209,Technology,Accessories,Memorex Froggy Flash Drive 4 GB,32.97,3,0.0,12.8583
1280,CA-2011-163293,2011-08-09,2011-11-09,First Class,KC-16255,Karen Carlisle,Corporate,United States,Macon,Georgia,31204,South,TEC-AC-10000023,Technology,Accessories,"Maxell 74 Minute CD-R Spindle, 50/Pack",83.88,4,0.0,30.1968
1281,CA-2013-160815,2013-06-09,2013-07-09,First Class,TR-21325,Toby Ritter,Consumer,United States,Cedar Rapids,Iowa,52402,Central,TEC-PH-10003505,Technology,Phones,Geemarc AmpliPOWER60,278.4,3,0.0,80.736
1282,CA-2014-122154,2014-10-04,2014-12-04,First Class,SA-20830,Sue Ann Reed,Consumer,United States,Jacksonville,Florida,32216,South,OFF-LA-10000121,Office Supplies,Labels,Avery 48,15.12,3,0.2,4.914
1283,CA-2014-122154,2014-10-04,2014-12-04,First Class,SA-20830,Sue Ann Reed,Consumer,United States,Jacksonville,Florida,32216,South,OFF-BI-10002026,Office Supplies,Binders,Avery Arch Ring Binders,17.43,1,0.7,-13.363
1284,CA-2014-122154,2014-10-04,2014-12-04,First Class,SA-20830,Sue Ann Reed,Consumer,United States,Jacksonville,Florida,32216,South,OFF-PA-10000994,Office Supplies,Paper,Xerox 1915,251.64,3,0.2,88.074
1285,US-2012-149692,2012-06-12,2012-12-12,Standard Class,KW-16435,Katrina Willman,Consumer,United States,Austin,Texas,78745,Central,OFF-BI-10002813,Office Supplies,Binders,Avery Reinforcements for Hole-Punch Pages,2.772,7,0.8,-4.851
1287,CA-2012-124268,2012-04-07,2012-08-07,Standard Class,AD-10180,Alan Dominguez,Home Office,United States,New York City,New York,10035,East,OFF-AR-10004817,Office Supplies,Art,Colorific Watercolor Pencils,15.48,3,0.0,4.4892
1291,CA-2013-163384,2013-11-11,,First Class,CC-12430,Chuck Clark,Home Office,United States,San Francisco,California,94122,West,OFF-BI-10004970,Office Supplies,Binders,"ACCOHIDE 3-Ring Binder, Blue, 1""",13.216,4,0.2,4.4604
1292,CA-2013-163384,2013-11-11,,First Class,CC-12430,Chuck Clark,Home Office,United States,San Francisco,California,94122,West,OFF-PA-10003172,Office Supplies,Paper,Xerox 1996,32.4,5,0.0,15.552
1299,CA-2013-134425,2013-09-12,,Second Class,QJ-19255,Quincy Jones,Corporate,United States,Saint Paul,Minnesota,55106,Central,TEC-PH-10003555,Technology,Phones,Motorola HK250 Universal Bluetooth Headset,114.95,5,0.0,2.299
1300,CA-2012-121391,2012-04-10,2012-07-10,First Class,AA-10315,Alex Avila,Consumer,United States,San Francisco,California,94109,West,OFF-ST-10001590,Office Supplies,Storage,"Tenex Personal Project File with Scoop Front Design, Black",26.96,2,0.0,7.0096
1304,US-2014-126179,2014-04-07,2014-08-07,Standard Class,CS-12460,Chuck Sachs,Consumer,United States,Columbus,Georgia,31907,South,FUR-FU-10002554,Furniture,Furnishings,"Westinghouse Floor Lamp with Metal Mesh Shade, Black",23.99,1,0.0,5.5177
1305,US-2014-126179,2014-04-07,2014-08-07,Standard Class,CS-12460,Chuck Sachs,Consumer,United States,Columbus,Georgia,31907,South,TEC-PH-10001557,Technology,Phones,Pyle PMP37LED,287.97,3,0.0,77.7519
1312,CA-2013-141082,2013-10-12,,Standard Class,FM-14380,Fred McMath,Consumer,United States,Lawrence,Massachusetts,1841,East,OFF-LA-10001404,Office Supplies,Labels,Avery 517,3.69,1,0.0,1.7343
1313,CA-2013-141082,2013-10-12,,Standard Class,FM-14380,Fred McMath,Consumer,United States,Lawrence,Massachusetts,1841,East,OFF-LA-10001474,Office Supplies,Labels,Avery 477,122.12,4,0.0,56.1752
1318,CA-2014-157651,2014-11-12,,Standard Class,HA-14920,Helen Andreada,Consumer,United States,Philadelphia,Pennsylvania,19120,East,TEC-AC-10003116,Technology,Accessories,Memorex Froggy Flash Drive 8 GB,14.2,1,0.2,3.3725
1319,CA-2011-160773,2011-01-07,2011-05-07,Standard Class,LW-16825,Laurel Workman,Corporate,United States,Deltona,Florida,32725,South,TEC-PH-10004586,Technology,Phones,Wilson SignalBoost 841262 DB PRO Amplifier Kit,575.92,2,0.2,71.99
1320,CA-2011-160773,2011-01-07,2011-05-07,Standard Class,LW-16825,Laurel Workman,Corporate,United States,Deltona,Florida,32725,South,OFF-BI-10000546,Office Supplies,Binders,Avery Durable Binders,5.184,6,0.7,-3.6288
1321,CA-2014-167703,2014-04-02,2014-09-02,Standard Class,MC-17575,Matt Collins,Consumer,United States,Cincinnati,Ohio,45231,East,OFF-BI-10002071,Office Supplies,Binders,Fellowes Black Plastic Comb Bindings,5.229,3,0.7,-4.1832
1322,CA-2014-167703,2014-04-02,2014-09-02,Standard Class,MC-17575,Matt Collins,Consumer,United States,Cincinnati,Ohio,45231,East,OFF-ST-10001490,Office Supplies,Storage,"Hot File 7-Pocket, Floor Stand",285.552,2,0.2,35.694
1323,CA-2014-121804,2014-04-03,2014-09-03,Standard Class,LP-17095,Liz Preis,Consumer,United States,Murray,Kentucky,42071,South,OFF-AP-10004859,Office Supplies,Appliances,Acco 6 Outlet Guardian Premium Surge Suppressor,72.8,5,0.0,19.656
1324,CA-2014-162635,2014-10-10,2014-11-10,First Class,EB-14170,Evan Bailliet,Consumer,United States,Wilmington,North Carolina,28403,South,OFF-PA-10002659,Office Supplies,Paper,Avoid Verbal Orders Carbonless Minifold Book,10.816,4,0.2,3.5152
1331,CA-2014-127705,2014-03-06,2014-07-06,Standard Class,AB-10255,Alejandro Ballentine,Home Office,United States,Lorain,Ohio,44052,East,TEC-PH-10000347,Technology,Phones,Cush Cases Heavy Duty Rugged Cover Case for Samsung Galaxy S5 - Purple,2.97,1,0.4,-0.6435
1332,CA-2014-127705,2014-03-06,2014-07-06,Standard Class,AB-10255,Alejandro Ballentine,Home Office,United States,Lorain,Ohio,44052,East,OFF-ST-10004507,Office Supplies,Storage,Advantus Rolling Storage Box,27.44,2,0.2,2.401
1335,CA-2011-121664,2011-06-05,2011-10-05,Standard Class,HP-14815,Harold Pawlan,Home Office,United States,Los Angeles,California,90049,West,OFF-BI-10003684,Office Supplies,Binders,Wilson Jones Legal Size Ring Binders,140.736,8,0.2,52.776
1337,US-2014-123281,2014-03-04,2014-08-04,Standard Class,JF-15190,Jamie Frazer,Consumer,United States,Los Angeles,California,90008,West,FUR-FU-10003724,Furniture,Furnishings,Westinghouse Clip-On Gooseneck Lamps,25.11,3,0.0,6.5286
1338,CA-2014-100524,2014-01-04,2014-03-04,Second Class,CM-12115,Chad McGuire,Consumer,United States,New York City,New York,10011,East,FUR-FU-10004018,Furniture,Furnishings,Tensor Computer Mounted Lamp,29.78,2,0.0,8.0406
1339,CA-2014-100524,2014-01-04,2014-03-04,Second Class,CM-12115,Chad McGuire,Consumer,United States,New York City,New York,10011,East,TEC-PH-10002549,Technology,Phones,Polycom SoundPoint IP 450 VoIP phone,677.58,3,0.0,176.1708
1340,CA-2014-100524,2014-01-04,2014-03-04,Second Class,CM-12115,Chad McGuire,Consumer,United States,New York City,New York,10011,East,OFF-PA-10004911,Office Supplies,Paper,"Rediform S.O.S. 1-Up Phone Message Bk, 4-1/4x3-1/16 Bk, 1 Form/Pg, 40 Messages/Bk, 3/Pk",75.04,8,0.0,36.0192
1341,CA-2014-113481,2014-03-01,2014-05-01,First Class,AS-10045,Aaron Smayling,Corporate,United States,Jacksonville,North Carolina,28540,South,TEC-MA-10002178,Technology,Machines,Cisco CP-7937G Unified IP Conference Station Phone,695.7,2,0.5,-27.828
1342,CA-2014-113481,2014-03-01,2014-05-01,First Class,AS-10045,Aaron Smayling,Corporate,United States,Jacksonville,North Carolina,28540,South,OFF-BI-10003694,Office Supplies,Binders,"Avery 3 1/2"" Diskette Storage Pages, 10/Pack",15.66,5,0.7,-12.528
1343,CA-2014-113481,2014-03-01,2014-05-01,First Class,AS-10045,Aaron Smayling,Corporate,United States,Jacksonville,North Carolina,28540,South,OFF-BI-10000474,Office Supplies,Binders,Avery Recycled Flexi-View Covers for Binding Systems,28.854,6,0.7,-21.1596
1351,CA-2011-153976,2011-03-10,2011-08-10,Second Class,BP-11290,Beth Paige,Consumer,United States,Evanston,Illinois,60201,Central,FUR-CH-10002880,Furniture,Chairs,"Global High-Back Leather Tilter, Burgundy",258.279,3,0.3,-70.1043
1353,CA-2014-162978,2014-05-05,2014-10-05,Standard Class,LW-16990,Lindsay Williams,Corporate,United States,San Francisco,California,94109,West,TEC-PH-10003092,Technology,Phones,Motorola L804,183.96,5,0.2,20.6955
1354,CA-2014-162978,2014-05-05,2014-10-05,Standard Class,LW-16990,Lindsay Williams,Corporate,United States,San Francisco,California,94109,West,OFF-PA-10002250,Office Supplies,Paper,Things To Do Today Pad,17.61,3,0.0,8.4528
1355,CA-2014-162978,2014-05-05,2014-10-05,Standard Class,LW-16990,Lindsay Williams,Corporate,United States,San Francisco,California,94109,West,FUR-TA-10003473,Furniture,Tables,Bretford Rectangular Conference Table Tops,300.904,1,0.2,11.2839
1356,US-2011-160444,2011-05-07,2011-05-07,Same Day,DC-12850,Dan Campbell,Consumer,United States,Houston,Texas,77036,Central,OFF-ST-10001522,Office Supplies,Storage,"Gould Plastics 18-Pocket Panel Bin, 34w x 5-1/4d x 20-1/2h",220.776,3,0.2,-44.1552
1357,US-2011-160444,2011-05-07,2011-05-07,Same Day,DC-12850,Dan Campbell,Consumer,United States,Houston,Texas,77036,Central,OFF-ST-10000563,Office Supplies,Storage,Fellowes Bankers Box Stor/Drawer Steel Plus,281.424,11,0.2,-35.178
1358,CA-2013-145247,2013-06-05,2013-08-05,First Class,ND-18370,Natalie DeCherney,Consumer,United States,Louisville,Kentucky,40214,South,OFF-PA-10003641,Office Supplies,Paper,Xerox 1909,79.14,3,0.0,36.4044
1364,US-2014-155425,2014-11-11,2014-12-11,First Class,AB-10600,Ann Blume,Corporate,United States,Tucson,Arizona,85705,West,OFF-BI-10001036,Office Supplies,Binders,Cardinal EasyOpen D-Ring Binders,38.388,14,0.7,-25.592
1365,US-2014-155425,2014-11-11,2014-12-11,First Class,AB-10600,Ann Blume,Corporate,United States,Tucson,Arizona,85705,West,TEC-MA-10003183,Technology,Machines,DYMO CardScan Personal V9 Business Card Scanner,95.994,2,0.7,-63.996
1366,US-2014-155425,2014-11-11,2014-12-11,First Class,AB-10600,Ann Blume,Corporate,United States,Tucson,Arizona,85705,West,TEC-AC-10001314,Technology,Accessories,Case Logic 2.4GHz Wireless Keyboard,239.952,6,0.2,-35.9928
1367,US-2014-155425,2014-11-11,2014-12-11,First Class,AB-10600,Ann Blume,Corporate,United States,Tucson,Arizona,85705,West,TEC-PH-10002563,Technology,Phones,Adtran 1202752G1,201.584,2,0.2,15.1188
1368,US-2014-155425,2014-11-11,2014-12-11,First Class,AB-10600,Ann Blume,Corporate,United States,Tucson,Arizona,85705,West,FUR-CH-10003312,Furniture,Chairs,Hon 2090 Pillow Soft Series Mid Back Swivel/Tilt Chairs,899.136,4,0.2,-146.1096
1369,CA-2014-133249,2014-09-07,2014-12-07,First Class,SZ-20035,Sam Zeldin,Home Office,United States,Pico Rivera,California,90660,West,FUR-FU-10001588,Furniture,Furnishings,"Deflect-o SuperTray Unbreakable Stackable Tray, Letter, Black",145.9,5,0.0,62.737
1372,CA-2014-136672,2014-08-03,,Standard Class,MG-17890,Michael Granlund,Home Office,United States,Clinton,Maryland,20735,East,TEC-AC-10004510,Technology,Accessories,Logitech Desktop MK120 Mouse and keyboard Combo,49.08,3,0.0,4.908
1373,US-2011-157021,2011-01-04,2011-06-04,Second Class,KM-16720,Kunst Miller,Consumer,United States,Vallejo,California,94591,West,OFF-LA-10002312,Office Supplies,Labels,Avery 490,29.6,2,0.0,14.8
1374,US-2011-157021,2011-01-04,2011-06-04,Second Class,KM-16720,Kunst Miller,Consumer,United States,Vallejo,California,94591,West,OFF-BI-10000042,Office Supplies,Binders,"Pressboard Data Binder, Crimson, 12"" X 8 1/2""",17.088,4,0.2,5.5536
1376,CA-2011-126361,2011-04-08,2011-09-08,Second Class,VD-21670,Valerie Dominguez,Consumer,United States,Pleasant Grove,Utah,84062,West,OFF-AP-10003590,Office Supplies,Appliances,Hoover WindTunnel Plus Canister Vacuum,1089.75,3,0.0,305.13
1377,CA-2011-126361,2011-04-08,2011-09-08,Second Class,VD-21670,Valerie Dominguez,Consumer,United States,Pleasant Grove,Utah,84062,West,OFF-PA-10000806,Office Supplies,Paper,Xerox 1934,447.84,8,0.0,219.4416
1378,CA-2011-126361,2011-04-08,2011-09-08,Second Class,VD-21670,Valerie Dominguez,Consumer,United States,Pleasant Grove,Utah,84062,West,OFF-AR-10000896,Office Supplies,Art,Newell 329,16.4,5,0.0,4.264
1379,CA-2011-126361,2011-04-08,2011-09-08,Second Class,VD-21670,Valerie Dominguez,Consumer,United States,Pleasant Grove,Utah,84062,West,TEC-PH-10002310,Technology,Phones,Panasonic KX T7731-B Digital phone,399.96,5,0.2,34.9965
1380,CA-2011-126361,2011-04-08,2011-09-08,Second Class,VD-21670,Valerie Dominguez,Consumer,United States,Pleasant Grove,Utah,84062,West,OFF-ST-10002289,Office Supplies,Storage,"Safco Wire Cube Shelving System, For Use as 4 or 5 14"" Cubes, Black",158.9,5,0.0,7.945
1381,CA-2011-126361,2011-04-08,2011-09-08,Second Class,VD-21670,Valerie Dominguez,Consumer,United States,Pleasant Grove,Utah,84062,West,OFF-BI-10002852,Office Supplies,Binders,Ibico Standard Transparent Covers,13.184,1,0.2,4.7792
1382,US-2013-100566,2013-04-09,2013-10-09,Standard Class,JK-16120,Julie Kriz,Home Office,United States,Aurora,Illinois,60505,Central,FUR-FU-10003394,Furniture,Furnishings,"Tenex ""The Solids"" Textured Chair Mats",83.952,3,0.6,-90.2484
1383,US-2013-108504,2013-05-02,2013-05-02,Same Day,PP-18955,Paul Prost,Home Office,United States,Smyrna,Georgia,30080,South,OFF-ST-10002344,Office Supplies,Storage,"Carina 42""Hx23 3/4""W Media Storage Unit",80.98,1,0.0,1.6196
1384,US-2013-108504,2013-05-02,2013-05-02,Same Day,PP-18955,Paul Prost,Home Office,United States,Smyrna,Georgia,30080,South,OFF-PA-10001289,Office Supplies,Paper,White Computer Printout Paper by Universal,348.84,9,0.0,170.9316
1385,US-2013-108504,2013-05-02,2013-05-02,Same Day,PP-18955,Paul Prost,Home Office,United States,Smyrna,Georgia,30080,South,OFF-FA-10000053,Office Supplies,Fasteners,Revere Boxed Rubber Bands by Revere,9.45,5,0.0,0.189
1386,US-2013-108504,2013-05-02,2013-05-02,Same Day,PP-18955,Paul Prost,Home Office,United States,Smyrna,Georgia,30080,South,FUR-FU-10004091,Furniture,Furnishings,"Eldon 200 Class Desk Accessories, Black",18.84,3,0.0,7.1592
1387,US-2013-108504,2013-05-02,2013-05-02,Same Day,PP-18955,Paul Prost,Home Office,United States,Smyrna,Georgia,30080,South,FUR-BO-10004015,Furniture,Bookcases,"Bush Andora Bookcase, Maple/Graphite Gray Finish",239.98,2,0.0,52.7956
1388,US-2013-108504,2013-05-02,2013-05-02,Same Day,PP-18955,Paul Prost,Home Office,United States,Smyrna,Georgia,30080,South,OFF-EN-10003001,Office Supplies,Envelopes,Ames Color-File Green Diamond Border X-ray Mailers,167.96,2,0.0,78.9412
1389,US-2013-108504,2013-05-02,2013-05-02,Same Day,PP-18955,Paul Prost,Home Office,United States,Smyrna,Georgia,30080,South,TEC-PH-10000215,Technology,Phones,Plantronics Cordless Phone Headset with In-line Volume - M214C,104.85,3,0.0,28.3095
1390,US-2013-108504,2013-05-02,2013-05-02,Same Day,PP-18955,Paul Prost,Home Office,United States,Smyrna,Georgia,30080,South,TEC-PH-10003645,Technology,Phones,Aastra 57i VoIP phone,484.83,3,0.0,126.0558
1391,US-2013-108504,2013-05-02,2013-05-02,Same Day,PP-18955,Paul Prost,Home Office,United States,Smyrna,Georgia,30080,South,OFF-PA-10000357,Office Supplies,Paper,"White Dual Perf Computer Printout Paper, 2700 Sheets, 1 Part, Heavyweight, 20 lbs., 14 7/8 x 11",122.97,3,0.0,60.2553
1392,US-2013-108504,2013-05-02,2013-05-02,Same Day,PP-18955,Paul Prost,Home Office,United States,Smyrna,Georgia,30080,South,OFF-ST-10004804,Office Supplies,Storage,"Belkin 19"" Vented Equipment Shelf, Black",154.44,3,0.0,1.5444
1393,US-2013-108504,2013-05-02,2013-05-02,Same Day,PP-18955,Paul Prost,Home Office,United States,Smyrna,Georgia,30080,South,OFF-PA-10003892,Office Supplies,Paper,Xerox 1943,342.37,7,0.0,160.9139
1394,CA-2014-124828,2014-04-07,2014-05-07,First Class,YS-21880,Yana Sorensen,Corporate,United States,Burlington,North Carolina,27217,South,OFF-AR-10003514,Office Supplies,Art,4009 Highlighters by Sanford,9.552,3,0.2,1.5522
1395,US-2014-117247,2014-10-10,,Standard Class,CK-12760,Cyma Kinney,Corporate,United States,Aurora,Illinois,60505,Central,FUR-TA-10002958,Furniture,Tables,"Bevis Oval Conference Table, Walnut",652.45,5,0.5,-430.617
1396,US-2014-117247,2014-10-10,,Standard Class,CK-12760,Cyma Kinney,Corporate,United States,Aurora,Illinois,60505,Central,FUR-TA-10001676,Furniture,Tables,Hon 61000 Series Interactive Training Tables,66.645,3,0.5,-42.6528
1401,CA-2013-159212,2013-02-11,2013-06-11,Standard Class,KM-16375,Katherine Murray,Home Office,United States,Salem,Virginia,24153,South,TEC-PH-10003988,Technology,Phones,"LF Elite 3D Dazzle Designer Hard Case Cover, Lf Stylus Pen and Wiper For Apple Iphone 5c Mini Lite",21.8,2,0.0,6.104
1402,CA-2013-159212,2013-02-11,2013-06-11,Standard Class,KM-16375,Katherine Murray,Home Office,United States,Salem,Virginia,24153,South,OFF-EN-10002230,Office Supplies,Envelopes,Airmail Envelopes,251.79,3,0.0,118.3413
1405,US-2011-118486,2011-06-04,2011-08-04,First Class,SD-20485,Shirley Daniels,Home Office,United States,Philadelphia,Pennsylvania,19143,East,OFF-SU-10004498,Office Supplies,Supplies,Martin-Yale Premier Letter Opener,10.304,1,0.2,-2.1896
1406,US-2011-118486,2011-06-04,2011-08-04,First Class,SD-20485,Shirley Daniels,Home Office,United States,Philadelphia,Pennsylvania,19143,East,FUR-TA-10001039,Furniture,Tables,KI Adjustable-Height Table,154.764,3,0.4,-36.1116
1407,US-2011-118486,2011-06-04,2011-08-04,First Class,SD-20485,Shirley Daniels,Home Office,United States,Philadelphia,Pennsylvania,19143,East,TEC-AC-10004659,Technology,Accessories,Imation Secure+ Hardware Encrypted USB 2.0 Flash Drive; 16GB,116.784,2,0.2,21.897
1408,CA-2013-130407,2013-03-09,2013-07-09,Standard Class,KD-16270,Karen Daniels,Consumer,United States,New York City,New York,10024,East,OFF-AR-10002240,Office Supplies,Art,Panasonic KP-150 Electric Pencil Sharpener,75.48,2,0.0,19.6248
1409,CA-2013-130407,2013-03-09,2013-07-09,Standard Class,KD-16270,Karen Daniels,Consumer,United States,New York City,New York,10024,East,FUR-FU-10001967,Furniture,Furnishings,Telescoping Adjustable Floor Lamp,39.98,2,0.0,9.995
1411,CA-2014-105144,2014-05-11,2014-12-11,Standard Class,SZ-20035,Sam Zeldin,Home Office,United States,Grand Prairie,Texas,75051,Central,OFF-LA-10003923,Office Supplies,Labels,Alphabetical Labels for Top Tab Filing,23.68,2,0.2,8.88
1412,CA-2013-136329,2013-10-07,,Standard Class,JD-15895,Jonathan Doherty,Corporate,United States,New York City,New York,10035,East,FUR-CH-10002335,Furniture,Chairs,Hon GuestStacker Chair,408.006,2,0.1,72.5344
1413,CA-2013-136329,2013-10-07,,Standard Class,JD-15895,Jonathan Doherty,Corporate,United States,New York City,New York,10035,East,FUR-FU-10000723,Furniture,Furnishings,"Deflect-o EconoMat Studded, No Bevel Mat for Low Pile Carpeting",165.28,4,0.0,14.8752
1443,CA-2014-117695,2014-06-08,2014-09-08,First Class,PW-19030,Pauline Webber,Corporate,United States,Richmond,Kentucky,40475,South,OFF-PA-10002713,Office Supplies,Paper,"Adams Phone Message Book, 200 Message Capacity, 8 1/16 x 11",13.76,2,0.0,6.3296
1444,CA-2012-166135,2012-01-10,2012-06-10,Standard Class,SC-20440,Shaun Chance,Corporate,United States,Aurora,Colorado,80013,West,OFF-ST-10002974,Office Supplies,Storage,"Trav-L-File Heavy-Duty Shuttle II, Black",139.424,4,0.2,17.428
1450,CA-2012-145821,2012-01-05,2012-07-05,Standard Class,JB-15400,Jennifer Braxton,Corporate,United States,Los Angeles,California,90008,West,TEC-PH-10004348,Technology,Phones,OtterBox Defender Series Case - iPhone 5c,88.752,3,0.2,11.094
1460,CA-2011-155271,2011-04-05,2011-04-05,Same Day,AA-10480,Andrew Allen,Consumer,United States,Middletown,Connecticut,6457,East,FUR-FU-10001473,Furniture,Furnishings,DAX Wood Document Frame,27.46,2,0.0,9.8856
1461,CA-2012-119907,2012-01-12,2012-08-12,Standard Class,LC-17140,Logan Currie,Consumer,United States,Seattle,Washington,98103,West,OFF-BI-10001765,Office Supplies,Binders,Wilson Jones Heavy-Duty Casebound Ring Binders with Metal Hinges,55.424,2,0.2,19.3984
1462,US-2013-128902,2013-12-03,,Standard Class,MB-18085,Mick Brown,Consumer,United States,Vineland,New Jersey,8360,East,FUR-TA-10001095,Furniture,Tables,Chromcraft Round Conference Tables,244.006,2,0.3,-31.3722
1466,CA-2011-151708,2011-08-08,,Standard Class,MB-17305,Maria Bertelson,Consumer,United States,Glendale,Arizona,85301,West,FUR-FU-10001602,Furniture,Furnishings,"Eldon Delta Triangular Chair Mat, 52"" x 58"", Clear",121.376,4,0.2,-3.0344
1467,CA-2011-151708,2011-08-08,,Standard Class,MB-17305,Maria Bertelson,Consumer,United States,Glendale,Arizona,85301,West,TEC-AC-10001767,Technology,Accessories,SanDisk Ultra 64 GB MicroSDHC Class 10 Memory Card,95.976,3,0.2,-10.7973
1469,CA-2014-139199,2014-10-12,,Standard Class,DK-12835,Damala Kotsonis,Corporate,United States,Detroit,Michigan,48234,Central,FUR-CH-10000847,Furniture,Chairs,Global Executive Mid-Back Manager's Chair,872.94,3,0.0,226.9644
1470,CA-2014-139199,2014-10-12,,Standard Class,DK-12835,Damala Kotsonis,Corporate,United States,Detroit,Michigan,48234,Central,OFF-BI-10003982,Office Supplies,Binders,Wilson Jones Century Plastic Molded Ring Binders,41.54,2,0.0,19.5238
1471,CA-2014-139199,2014-10-12,,Standard Class,DK-12835,Damala Kotsonis,Corporate,United States,Detroit,Michigan,48234,Central,OFF-PA-10001293,Office Supplies,Paper,Xerox 1946,12.96,2,0.0,6.2208
1473,CA-2014-164959,2014-12-07,,Standard Class,KN-16390,Katherine Nockton,Corporate,United States,Los Angeles,California,90004,West,OFF-LA-10004272,Office Supplies,Labels,Avery 482,8.67,3,0.0,4.0749
1474,US-2012-105676,2012-01-12,2012-02-12,Same Day,NM-18520,Neoma Murray,Consumer,United States,Houston,Texas,77036,Central,FUR-FU-10004270,Furniture,Furnishings,"Eldon Image Series Desk Accessories, Burgundy",6.688,4,0.6,-4.0128
1480,US-2013-108455,2013-03-12,2013-09-12,Standard Class,MK-18160,Mike Kennedy,Consumer,United States,San Francisco,California,94122,West,OFF-PA-10002262,Office Supplies,Paper,Xerox 192,25.92,4,0.0,12.4416
1481,US-2013-108455,2013-03-12,2013-09-12,Standard Class,MK-18160,Mike Kennedy,Consumer,United States,San Francisco,California,94122,West,OFF-PA-10002464,Office Supplies,Paper,HP Office Recycled Paper (20Lb. and 87 Bright),40.46,7,0.0,19.8254
1482,US-2013-108455,2013-03-12,2013-09-12,Standard Class,MK-18160,Mike Kennedy,Consumer,United States,San Francisco,California,94122,West,OFF-ST-10002214,Office Supplies,Storage,X-Rack File for Hanging Folders,33.87,3,0.0,8.8062
1487,CA-2012-140410,2012-03-11,2012-07-11,Standard Class,CM-12655,Corinna Mitchell,Home Office,United States,Los Angeles,California,90008,West,TEC-PH-10003580,Technology,Phones,Cisco IP Phone 7961G-GE VoIP phone,1212.848,7,0.2,106.1242
1488,CA-2012-140410,2012-03-11,2012-07-11,Standard Class,CM-12655,Corinna Mitchell,Home Office,United States,Los Angeles,California,90008,West,TEC-AC-10001109,Technology,Accessories,Logitech Trackman Marble Mouse,89.97,3,0.0,37.7874
1489,CA-2012-140410,2012-03-11,2012-07-11,Standard Class,CM-12655,Corinna Mitchell,Home Office,United States,Los Angeles,California,90008,West,FUR-FU-10003347,Furniture,Furnishings,Coloredge Poster Frame,42.6,3,0.0,16.614
1491,CA-2014-151911,2014-01-05,2014-06-05,Second Class,DL-13495,Dionis Lloyd,Corporate,United States,New York City,New York,10024,East,OFF-EN-10002986,Office Supplies,Envelopes,"#10-4 1/8"" x 9 1/2"" Premium Diagonal Seam Envelopes",62.96,4,0.0,28.332
1496,CA-2014-152485,2014-05-09,2014-09-09,Standard Class,JD-15790,John Dryer,Consumer,United States,Coppell,Texas,75019,Central,OFF-AR-10003759,Office Supplies,Art,"Crayola Anti Dust Chalk, 12/Pack",10.192,7,0.2,3.185
1497,CA-2014-152485,2014-05-09,2014-09-09,Standard Class,JD-15790,John Dryer,Consumer,United States,Coppell,Texas,75019,Central,OFF-ST-10004950,Office Supplies,Storage,Acco Perma 3000 Stacking Storage Drawers,16.784,1,0.2,-0.2098
1498,CA-2014-152485,2014-05-09,2014-09-09,Standard Class,JD-15790,John Dryer,Consumer,United States,Coppell,Texas,75019,Central,OFF-AR-10001940,Office Supplies,Art,"Sanford Colorific Eraseable Coloring Pencils, 12 Count",13.12,5,0.2,3.772
1505,CA-2012-153388,2012-01-08,2012-07-08,Standard Class,PC-19000,Pauline Chand,Home Office,United States,Los Angeles,California,90004,West,OFF-AR-10001868,Office Supplies,Art,Prang Dustless Chalk Sticks,6.72,4,0.0,3.36
1506,CA-2012-153388,2012-01-08,2012-07-08,Standard Class,PC-19000,Pauline Chand,Home Office,United States,Los Angeles,California,90004,West,FUR-TA-10003715,Furniture,Tables,Hon 2111 Invitation Series Corner Table,1004.976,6,0.2,-175.8708
1509,CA-2014-108294,2014-11-12,2014-11-12,Same Day,LS-16975,Lindsay Shagiari,Home Office,United States,Omaha,Nebraska,68104,Central,OFF-BI-10004965,Office Supplies,Binders,Ibico Covers for Plastic or Wire Binding Elements,34.5,3,0.0,15.525
1516,US-2014-160759,2014-12-12,,Standard Class,AI-10855,Arianne Irving,Consumer,United States,Philadelphia,Pennsylvania,19120,East,FUR-CH-10002961,Furniture,Chairs,"Leather Task Chair, Black",63.686,1,0.3,-9.098
1517,CA-2014-148446,2014-11-12,,Second Class,MC-17845,Michael Chen,Consumer,United States,North Las Vegas,Nevada,89031,West,FUR-TA-10004256,Furniture,Tables,Bretford Just In Time Height-Adjustable Multi-Task Work Tables,1669.6,4,0.0,116.872
1518,CA-2011-111059,2011-04-02,2011-07-02,Second Class,TB-21400,Tom Boeckenhauer,Consumer,United States,Seattle,Washington,98105,West,OFF-BI-10004593,Office Supplies,Binders,Ibico Laser Imprintable Binding System Covers,83.84,2,0.2,27.248
1519,CA-2011-111059,2011-04-02,2011-07-02,Second Class,TB-21400,Tom Boeckenhauer,Consumer,United States,Seattle,Washington,98105,West,OFF-BI-10002827,Office Supplies,Binders,Avery Durable Poly Binders,13.272,3,0.2,4.3134
1520,CA-2014-116204,2014-12-02,,Second Class,VW-21775,Victoria Wilson,Corporate,United States,San Francisco,California,94110,West,OFF-BI-10001759,Office Supplies,Binders,"Acco Pressboard Covers with Storage Hooks, 14 7/8"" x 11"", Dark Blue",21.336,7,0.2,7.7343
1522,CA-2012-144806,2012-06-12,2012-11-12,Standard Class,GH-14425,Gary Hwang,Consumer,United States,Tucson,Arizona,85705,West,FUR-FU-10002253,Furniture,Furnishings,"Howard Miller 13"" Diameter Pewter Finish Round Wall Clock",206.112,6,0.2,48.9516
1523,CA-2012-144806,2012-06-12,2012-11-12,Standard Class,GH-14425,Gary Hwang,Consumer,United States,Tucson,Arizona,85705,West,OFF-PA-10002586,Office Supplies,Paper,Xerox 1970,19.92,5,0.2,6.723
1524,CA-2012-144806,2012-06-12,2012-11-12,Standard Class,GH-14425,Gary Hwang,Consumer,United States,Tucson,Arizona,85705,West,OFF-PA-10003039,Office Supplies,Paper,Xerox 1960,198.272,8,0.2,61.96
1525,CA-2012-144806,2012-06-12,2012-11-12,Standard Class,GH-14425,Gary Hwang,Consumer,United States,Tucson,Arizona,85705,West,OFF-ST-10004804,Office Supplies,Storage,"Belkin 19"" Vented Equipment Shelf, Black",247.104,6,0.2,-58.6872
1526,CA-2012-144806,2012-06-12,2012-11-12,Standard Class,GH-14425,Gary Hwang,Consumer,United States,Tucson,Arizona,85705,West,OFF-AR-10004042,Office Supplies,Art,"BOSTON Model 1800 Electric Pencil Sharpeners, Putty/Woodgrain",86.304,6,0.2,9.7092
1529,CA-2012-148432,2012-07-11,2012-10-11,Second Class,MC-18130,Mike Caudle,Corporate,United States,Newark,Delaware,19711,East,OFF-FA-10004968,Office Supplies,Fasteners,Rubber Band Ball,26.18,7,0.0,0.5236
1530,CA-2012-148432,2012-07-11,2012-10-11,Second Class,MC-18130,Mike Caudle,Corporate,United States,Newark,Delaware,19711,East,OFF-PA-10001274,Office Supplies,Paper,Loose Memo Sheets,7.3,2,0.0,3.431
1532,CA-2014-159884,2014-01-09,2014-06-09,Standard Class,JF-15490,Jeremy Farry,Consumer,United States,Tempe,Arizona,85281,West,OFF-ST-10000344,Office Supplies,Storage,"Neat Ideas Personal Hanging Folder Files, Black",10.744,1,0.2,0.8058
1533,CA-2014-159884,2014-01-09,2014-06-09,Standard Class,JF-15490,Jeremy Farry,Consumer,United States,Tempe,Arizona,85281,West,OFF-FA-10000585,Office Supplies,Fasteners,OIC Bulk Pack Metal Binder Clips,8.376,3,0.2,2.7222
1534,CA-2013-139885,2013-05-12,2013-09-12,Standard Class,EB-13840,Ellis Ballard,Corporate,United States,New York City,New York,10035,East,OFF-ST-10003324,Office Supplies,Storage,Belkin OmniView SE Rackmount Kit,212.88,6,0.0,0.0
1535,CA-2014-124086,2014-11-02,,Standard Class,MP-18175,Mike Pelletier,Home Office,United States,Laguna Niguel,California,92677,West,FUR-BO-10004015,Furniture,Bookcases,"Bush Andora Bookcase, Maple/Graphite Gray Finish",203.983,2,0.15,16.7986
1542,CA-2011-166884,2011-11-03,,Second Class,CK-12205,Chloris Kastensmidt,Consumer,United States,Columbus,Ohio,43229,East,FUR-FU-10003981,Furniture,Furnishings,Eldon Wave Desk Accessories,8.32,5,0.2,2.288
1543,CA-2011-166884,2011-11-03,,Second Class,CK-12205,Chloris Kastensmidt,Consumer,United States,Columbus,Ohio,43229,East,OFF-FA-10001561,Office Supplies,Fasteners,Stockwell Push Pins,10.464,6,0.2,1.7004
1544,CA-2011-107181,2011-05-02,2011-09-02,Standard Class,DB-13270,Deborah Brumfield,Home Office,United States,San Diego,California,92024,West,OFF-BI-10004230,Office Supplies,Binders,GBC Recycled Grain Textured Covers,82.896,3,0.2,29.0136
1545,CA-2011-107181,2011-05-02,2011-09-02,Standard Class,DB-13270,Deborah Brumfield,Home Office,United States,San Diego,California,92024,West,OFF-PA-10000350,Office Supplies,Paper,"Message Book, Standard Line ""While You Were Out"", 5 1/2"" X 4"", 200 Sets/Book",34.24,4,0.0,16.0928
1550,CA-2011-134278,2011-06-07,2011-08-07,First Class,EP-13915,Emily Phan,Consumer,United States,New York City,New York,10011,East,TEC-CO-10001046,Technology,Copiers,Canon Imageclass D680 Copier / Fax,559.992,1,0.2,174.9975
1553,CA-2011-130274,2011-03-05,2011-05-05,First Class,JS-15940,Joni Sundaresam,Home Office,United States,Appleton,Wisconsin,54915,Central,OFF-LA-10002195,Office Supplies,Labels,Avery 481,21.56,7,0.0,10.3488
1555,CA-2012-111507,2012-06-02,,Standard Class,VW-21775,Victoria Wilson,Corporate,United States,Bellevue,Washington,98006,West,OFF-AR-10001315,Office Supplies,Art,Newell 310,5.28,3,0.0,1.5312
1556,CA-2014-120761,2014-05-09,2014-09-09,Standard Class,AB-10150,Aimee Bixby,Consumer,United States,Long Beach,New York,11561,East,TEC-AC-10000171,Technology,Accessories,"Verbatim 25 GB 6x Blu-ray Single Layer Recordable Disc, 25/Pack",91.96,4,0.0,39.5428
1557,CA-2013-109176,2013-10-05,,Standard Class,JW-16075,Julia West,Consumer,United States,Philadelphia,Pennsylvania,19140,East,OFF-EN-10003134,Office Supplies,Envelopes,Staples,9.344,1,0.2,3.504
1558,CA-2013-109176,2013-10-05,,Standard Class,JW-16075,Julia West,Consumer,United States,Philadelphia,Pennsylvania,19140,East,OFF-AR-10001955,Office Supplies,Art,Newell 319,79.36,5,0.2,9.92
1560,CA-2013-126809,2013-10-04,,Standard Class,EB-13750,Edward Becker,Corporate,United States,Seattle,Washington,98103,West,OFF-BI-10003712,Office Supplies,Binders,"Acco Pressboard Covers with Storage Hooks, 14 7/8"" x 11"", Light Blue",35.352,9,0.2,12.8151
1561,CA-2011-105172,2011-04-04,2011-09-04,Standard Class,PK-18910,Paul Knutson,Home Office,United States,San Francisco,California,94109,West,OFF-LA-10001641,Office Supplies,Labels,Avery 518,18.9,6,0.0,9.072
1562,CA-2014-107293,2014-06-09,2014-07-09,First Class,CS-12400,Christopher Schild,Home Office,United States,Seattle,Washington,98115,West,OFF-AR-10003732,Office Supplies,Art,Newell 333,2.78,1,0.0,0.7228
1563,US-2014-102890,2014-01-07,2014-01-07,Same Day,SG-20470,Sheri Gordon,Consumer,United States,New York City,New York,10011,East,FUR-TA-10000577,Furniture,Tables,Bretford CR4500 Series Slim Rectangular Table,1044.63,5,0.4,-295.9785
1564,CA-2012-158554,2012-09-11,2012-09-11,Same Day,CM-12190,Charlotte Melton,Consumer,United States,Philadelphia,Pennsylvania,19134,East,OFF-PA-10004000,Office Supplies,Paper,"While You Were Out Pads, 50 per Pad, 4 x 5 1/4, Green Cycle",11.352,3,0.2,4.1151
1565,CA-2011-116239,2011-04-03,2011-04-03,Same Day,CL-12565,Clay Ludtke,Consumer,United States,Columbia,South Carolina,29203,South,OFF-ST-10001370,Office Supplies,Storage,Sensible Storage WireTech Storage Systems,354.9,5,0.0,17.745
1569,US-2014-152002,2014-12-06,2014-12-06,Same Day,DV-13465,Dianna Vittorini,Consumer,United States,Los Angeles,California,90004,West,OFF-PA-10000357,Office Supplies,Paper,"White Dual Perf Computer Printout Paper, 2700 Sheets, 1 Part, Heavyweight, 20 lbs., 14 7/8 x 11",122.97,3,0.0,60.2553
1580,CA-2012-131338,2012-09-08,2012-12-08,First Class,NP-18325,Naresj Patel,Consumer,United States,New York City,New York,10024,East,TEC-PH-10003012,Technology,Phones,Nortel Meridian M3904 Professional Digital phone,307.98,2,0.0,89.3142
1581,CA-2012-131338,2012-09-08,2012-12-08,First Class,NP-18325,Naresj Patel,Consumer,United States,New York City,New York,10024,East,FUR-TA-10002607,Furniture,Tables,KI Conference Tables,382.806,9,0.4,-153.1224
1582,CA-2012-131338,2012-09-08,2012-12-08,First Class,NP-18325,Naresj Patel,Consumer,United States,New York City,New York,10024,East,OFF-ST-10000642,Office Supplies,Storage,"Tennsco Lockers, Gray",41.96,2,0.0,2.9372
1583,CA-2012-131338,2012-09-08,2012-12-08,First Class,NP-18325,Naresj Patel,Consumer,United States,New York City,New York,10024,East,OFF-BI-10000545,Office Supplies,Binders,GBC Ibimaster 500 Manual ProClick Binding System,1217.568,2,0.2,456.588
1584,CA-2012-131338,2012-09-08,2012-12-08,First Class,NP-18325,Naresj Patel,Consumer,United States,New York City,New York,10024,East,FUR-FU-10002157,Furniture,Furnishings,Artistic Insta-Plaque,47.04,3,0.0,18.3456
1585,CA-2012-131338,2012-09-08,2012-12-08,First Class,NP-18325,Naresj Patel,Consumer,United States,New York City,New York,10024,East,FUR-FU-10001706,Furniture,Furnishings,Longer-Life Soft White Bulbs,6.16,2,0.0,2.9568
1586,CA-2012-131338,2012-09-08,2012-12-08,First Class,NP-18325,Naresj Patel,Consumer,United States,New York City,New York,10024,East,TEC-PH-10000984,Technology,Phones,Panasonic KX-TG9471B,979.95,5,0.0,274.386
1587,CA-2012-131338,2012-09-08,2012-12-08,First Class,NP-18325,Naresj Patel,Consumer,United States,New York City,New York,10024,East,OFF-PA-10001357,Office Supplies,Paper,Xerox 1886,143.7,3,0.0,68.976
1588,CA-2012-131338,2012-09-08,2012-12-08,First Class,NP-18325,Naresj Patel,Consumer,United States,New York City,New York,10024,East,OFF-FA-10000992,Office Supplies,Fasteners,"Acco Clips to Go Binder Clips, 24 Clips in Two Sizes",10.65,3,0.0,5.0055
1589,CA-2012-131338,2012-09-08,2012-12-08,First Class,NP-18325,Naresj Patel,Consumer,United States,New York City,New York,10024,East,TEC-AC-10002600,Technology,Accessories,Belkin QODE FastFit Bluetooth Keyboard,247.8,4,0.0,34.692
1596,CA-2014-149181,2014-09-05,,Standard Class,MD-17350,Maribeth Dona,Consumer,United States,Columbus,Ohio,43229,East,FUR-CH-10004540,Furniture,Chairs,Global Chrome Stack Chair,47.992,2,0.3,-2.0568
1602,CA-2013-164672,2013-09-05,,Second Class,GB-14530,George Bell,Corporate,United States,Dover,Delaware,19901,East,FUR-FU-10001488,Furniture,Furnishings,"Tenex 46"" x 60"" Computer Anti-Static Chairmat, Rectangular Shaped",211.96,2,0.0,42.392
1603,US-2013-132857,2013-12-12,,Standard Class,CA-12775,Cynthia Arntzen,Consumer,United States,Smyrna,Tennessee,37167,South,OFF-AR-10003251,Office Supplies,Art,Prang Drawing Pencil Set,6.672,3,0.2,1.668
1604,CA-2014-116645,2014-01-12,2014-05-12,Standard Class,ME-17725,Max Engle,Consumer,United States,Newark,Delaware,19711,East,OFF-AR-10001044,Office Supplies,Art,"BOSTON Ranger #55 Pencil Sharpener, Black",155.94,6,0.0,45.2226
1616,CA-2012-130022,2012-10-08,,Standard Class,JK-16120,Julie Kriz,Home Office,United States,Eagan,Minnesota,55122,Central,OFF-LA-10002787,Office Supplies,Labels,Avery 480,3.75,1,0.0,1.8
1617,CA-2012-130022,2012-10-08,,Standard Class,JK-16120,Julie Kriz,Home Office,United States,Eagan,Minnesota,55122,Central,OFF-LA-10002043,Office Supplies,Labels,Avery 489,41.4,4,0.0,19.872
1618,CA-2012-130022,2012-10-08,,Standard Class,JK-16120,Julie Kriz,Home Office,United States,Eagan,Minnesota,55122,Central,OFF-AR-10001915,Office Supplies,Art,Peel-Off China Markers,29.79,3,0.0,12.5118
1619,US-2013-118780,2013-11-09,,Second Class,PN-18775,Parhena Norris,Home Office,United States,New York City,New York,10011,East,OFF-ST-10000352,Office Supplies,Storage,Acco Perma 2700 Stacking Storage Drawers,59.48,2,0.0,8.922
1620,US-2013-118780,2013-11-09,,Second Class,PN-18775,Parhena Norris,Home Office,United States,New York City,New York,10011,East,OFF-PA-10000575,Office Supplies,Paper,"Wirebound Message Books, Four 2 3/4 x 5 White Forms per Page",6.69,1,0.0,3.0774
1621,CA-2014-108560,2014-09-07,,Standard Class,JC-15385,Jenna Caffey,Consumer,United States,Kent,Washington,98031,West,FUR-FU-10002937,Furniture,Furnishings,"GE 48"" Fluorescent Tube, Cool White Energy Saver, 34 Watts, 30/Box",198.46,2,0.0,99.23
1622,CA-2014-108560,2014-09-07,,Standard Class,JC-15385,Jenna Caffey,Consumer,United States,Kent,Washington,98031,West,OFF-LA-10003930,Office Supplies,Labels,"Dot Matrix Printer Tape Reel Labels, White, 5000/Box",786.48,8,0.0,385.3752
1623,CA-2014-108560,2014-09-07,,Standard Class,JC-15385,Jenna Caffey,Consumer,United States,Kent,Washington,98031,West,OFF-BI-10001107,Office Supplies,Binders,"GBC White Gloss Covers, Plain Front",23.168,2,0.2,7.8192
1624,CA-2014-108560,2014-09-07,,Standard Class,JC-15385,Jenna Caffey,Consumer,United States,Kent,Washington,98031,West,TEC-AC-10003063,Technology,Accessories,Micro Innovations USB RF Wireless Keyboard with Mouse,50.0,2,0.0,10.5
1631,CA-2013-106530,2013-09-05,2013-09-05,Same Day,CL-12565,Clay Ludtke,Consumer,United States,Cleveland,Ohio,44105,East,OFF-ST-10002011,Office Supplies,Storage,Smead Adjustable Mobile File Trolley with Lockable Top,1006.056,3,0.2,88.0299
1632,CA-2013-106530,2013-09-05,2013-09-05,Same Day,CL-12565,Clay Ludtke,Consumer,United States,Cleveland,Ohio,44105,East,OFF-PA-10002986,Office Supplies,Paper,Xerox 1898,10.688,2,0.2,3.7408
1633,CA-2013-106530,2013-09-05,2013-09-05,Same Day,CL-12565,Clay Ludtke,Consumer,United States,Cleveland,Ohio,44105,East,OFF-PA-10004451,Office Supplies,Paper,Xerox 222,10.368,2,0.2,3.6288
1634,CA-2013-106530,2013-09-05,2013-09-05,Same Day,CL-12565,Clay Ludtke,Consumer,United States,Cleveland,Ohio,44105,East,OFF-ST-10000649,Office Supplies,Storage,Hanging Personal Folder File,25.12,2,0.2,1.57
1635,CA-2013-106530,2013-09-05,2013-09-05,Same Day,CL-12565,Clay Ludtke,Consumer,United States,Cleveland,Ohio,44105,East,TEC-AC-10001465,Technology,Accessories,SanDisk Cruzer 64 GB USB Flash Drive,58.112,2,0.2,7.264
1647,CA-2012-105221,2012-01-11,2012-03-11,First Class,VM-21685,Valerie Mitchum,Home Office,United States,Philadelphia,Pennsylvania,19140,East,TEC-AC-10002323,Technology,Accessories,SanDisk Ultra 32 GB MicroSDHC Class 10 Memory Card,35.36,2,0.2,-3.094
1648,CA-2012-105221,2012-01-11,2012-03-11,First Class,VM-21685,Valerie Mitchum,Home Office,United States,Philadelphia,Pennsylvania,19140,East,OFF-FA-10001135,Office Supplies,Fasteners,"Brites Rubber Bands, 1 1/2 oz. Box",3.168,2,0.2,-0.7128
1658,CA-2011-127159,2011-12-05,,First Class,HL-15040,Hunter Lopez,Consumer,United States,Milwaukee,Wisconsin,53209,Central,FUR-FU-10000010,Furniture,Furnishings,"DAX Value U-Channel Document Frames, Easel Back",34.79,7,0.0,10.7849
1662,CA-2014-144526,2014-01-05,2014-07-05,Standard Class,QJ-19255,Quincy Jones,Corporate,United States,Philadelphia,Pennsylvania,19143,East,TEC-PH-10002549,Technology,Phones,Polycom SoundPoint IP 450 VoIP phone,677.58,5,0.4,-158.102
1663,CA-2014-144526,2014-01-05,2014-07-05,Standard Class,QJ-19255,Quincy Jones,Corporate,United States,Philadelphia,Pennsylvania,19143,East,OFF-BI-10002353,Office Supplies,Binders,GBC VeloBind Cover Sets,13.896,3,0.7,-9.264
1670,US-2012-157154,2012-10-01,,Standard Class,MM-17920,Michael Moore,Consumer,United States,New York City,New York,10011,East,FUR-TA-10001889,Furniture,Tables,Bush Advantage Collection Racetrack Conference Table,1018.104,4,0.4,-373.3048
1673,CA-2014-111647,2014-04-07,2014-08-07,Standard Class,RD-19585,Rob Dowd,Consumer,United States,Plano,Texas,75023,Central,TEC-PH-10002726,Technology,Phones,netTALK DUO VoIP Telephone Service,167.968,4,0.2,62.988
1674,CA-2012-150560,2012-11-12,2012-12-12,First Class,SW-20455,Shaun Weien,Consumer,United States,Suffolk,Virginia,23434,South,OFF-LA-10003930,Office Supplies,Labels,"Dot Matrix Printer Tape Reel Labels, White, 5000/Box",196.62,2,0.0,96.3438
1679,CA-2011-122882,2011-07-09,,Standard Class,SB-20290,Sean Braxton,Corporate,United States,Philadelphia,Pennsylvania,19134,East,OFF-ST-10002344,Office Supplies,Storage,"Carina 42""Hx23 3/4""W Media Storage Unit",64.784,1,0.2,-14.5764
1680,CA-2011-122882,2011-07-09,,Standard Class,SB-20290,Sean Braxton,Corporate,United States,Philadelphia,Pennsylvania,19134,East,TEC-PH-10003589,Technology,Phones,invisibleSHIELD by ZAGG Smudge-Free Screen Protector,32.382,3,0.4,4.3176
1681,CA-2011-122882,2011-07-09,,Standard Class,SB-20290,Sean Braxton,Corporate,United States,Philadelphia,Pennsylvania,19134,East,FUR-FU-10000758,Furniture,Furnishings,DAX Natural Wood-Tone Poster Frame,42.368,2,0.2,8.4736
1682,CA-2011-122882,2011-07-09,,Standard Class,SB-20290,Sean Braxton,Corporate,United States,Philadelphia,Pennsylvania,19134,East,TEC-MA-10004679,Technology,Machines,StarTech.com 10/100 VDSL2 Ethernet Extender Kit,399.54,4,0.7,-559.356
1684,CA-2013-147585,2013-08-11,,Standard Class,CB-12535,Claudia Bergmann,Corporate,United States,San Francisco,California,94110,West,FUR-FU-10002597,Furniture,Furnishings,"C-Line Magnetic Cubicle Keepers, Clear Polypropylene",14.82,3,0.0,6.2244
1688,CA-2014-143798,2014-11-12,,First Class,AW-10840,Anthony Witt,Consumer,United States,Philadelphia,Pennsylvania,19140,East,OFF-PA-10000788,Office Supplies,Paper,Xerox 210,10.368,2,0.2,3.6288
1689,CA-2014-143798,2014-11-12,,First Class,AW-10840,Anthony Witt,Consumer,United States,Philadelphia,Pennsylvania,19140,East,FUR-FU-10004306,Furniture,Furnishings,Electrix Halogen Magnifier Lamp,310.88,2,0.2,23.316
1691,CA-2014-129833,2014-10-12,,Standard Class,HF-14995,Herbert Flentye,Consumer,United States,Indianapolis,Indiana,46203,Central,OFF-PA-10000575,Office Supplies,Paper,"Wirebound Message Books, Four 2 3/4 x 5 White Forms per Page",33.45,5,0.0,15.387
1692,CA-2014-129833,2014-10-12,,Standard Class,HF-14995,Herbert Flentye,Consumer,United States,Indianapolis,Indiana,46203,Central,OFF-BI-10004182,Office Supplies,Binders,Economy Binders,10.4,5,0.0,5.096
1700,CA-2011-135657,2011-03-06,2011-07-06,Second Class,SC-20725,Steven Cartwright,Consumer,United States,Seattle,Washington,98115,West,FUR-TA-10004086,Furniture,Tables,KI Adjustable-Height Table,515.88,6,0.0,113.4936
1704,CA-2011-139857,2011-03-02,2011-07-02,Standard Class,CD-12790,Cynthia Delaney,Home Office,United States,San Diego,California,92037,West,OFF-FA-10001843,Office Supplies,Fasteners,Staples,12.35,5,0.0,5.8045
1705,CA-2013-106306,2013-09-03,2013-09-03,Same Day,PG-18820,Patrick Gardner,Consumer,United States,Glendale,Arizona,85301,West,OFF-BI-10003676,Office Supplies,Binders,"GBC Standard Recycled Report Covers, Clear Plastic Sheets",9.702,3,0.7,-7.1148
1714,US-2014-124968,2014-09-09,,Second Class,MM-18055,Michelle Moray,Consumer,United States,Chicago,Illinois,60610,Central,FUR-TA-10004289,Furniture,Tables,BoxOffice By Design Rectangular and Half-Moon Meeting Room Tables,765.625,7,0.5,-566.5625
1715,CA-2014-104003,2014-08-10,,Standard Class,DC-13285,Debra Catini,Consumer,United States,San Francisco,California,94110,West,FUR-BO-10003965,Furniture,Bookcases,O'Sullivan Manor Hill 2-Door Library in Brianna Oak,307.666,2,0.15,-14.4784
1716,CA-2013-154788,2013-01-05,2013-05-05,Standard Class,JL-15835,John Lee,Consumer,United States,New York City,New York,10011,East,OFF-BI-10003314,Office Supplies,Binders,Tuff Stuff Recycled Round Ring Binders,7.712,2,0.2,2.7956
1729,CA-2013-106894,2013-07-02,2013-07-02,Same Day,CA-12265,Christina Anderson,Consumer,United States,Springfield,Virginia,22153,South,TEC-AC-10003063,Technology,Accessories,Micro Innovations USB RF Wireless Keyboard with Mouse,100.0,4,0.0,21.0
1730,CA-2013-106894,2013-07-02,2013-07-02,Same Day,CA-12265,Christina Anderson,Consumer,United States,Springfield,Virginia,22153,South,OFF-LA-10001045,Office Supplies,Labels,Permanent Self-Adhesive File Folder Labels for Typewriters by Universal,7.83,3,0.0,3.6018
1733,US-2013-131149,2013-11-07,,Standard Class,LH-17155,Logan Haushalter,Consumer,United States,Dallas,Texas,75081,Central,OFF-ST-10000689,Office Supplies,Storage,"Fellowes Strictly Business Drawer File, Letter/Legal Size",338.04,3,0.2,-33.804
1734,US-2013-131149,2013-11-07,,Standard Class,LH-17155,Logan Haushalter,Consumer,United States,Dallas,Texas,75081,Central,OFF-AR-10002135,Office Supplies,Art,Boston Heavy-Duty Trimline Electric Pencil Sharpeners,154.24,4,0.2,17.352
1738,CA-2012-130204,2012-03-09,2012-09-09,Standard Class,DB-13120,David Bremer,Corporate,United States,San Francisco,California,94122,West,OFF-ST-10001325,Office Supplies,Storage,Sterilite Officeware Hinged File Box,31.44,3,0.0,8.4888
1739,CA-2012-130204,2012-03-09,2012-09-09,Standard Class,DB-13120,David Bremer,Corporate,United States,San Francisco,California,94122,West,TEC-AC-10003038,Technology,Accessories,Kingston Digital DataTraveler 16GB USB 2.0,17.9,2,0.0,3.401
1740,CA-2012-130204,2012-03-09,2012-09-09,Standard Class,DB-13120,David Bremer,Corporate,United States,San Francisco,California,94122,West,TEC-AC-10003590,Technology,Accessories,"TRENDnet 56K USB 2.0 Phone, Internet and Fax Modem",129.45,5,0.0,46.602
1741,CA-2011-110527,2011-09-08,,Standard Class,ED-13885,Emily Ducich,Home Office,United States,San Diego,California,92037,West,OFF-LA-10000262,Office Supplies,Labels,Avery 494,20.88,8,0.0,9.6048
1746,CA-2011-133270,2011-06-06,2011-09-06,First Class,BM-11785,Bryan Mills,Consumer,United States,Rochester,New York,14609,East,OFF-AR-10002656,Office Supplies,Art,Sanford Liquid Accent Highlighters,13.36,2,0.0,4.9432
1753,CA-2014-116715,2014-03-12,2014-06-12,First Class,VW-21775,Victoria Wilson,Corporate,United States,San Francisco,California,94122,West,OFF-ST-10004340,Office Supplies,Storage,"Fellowes Mobile File Cart, Black",559.62,9,0.0,151.0974
1754,CA-2014-116715,2014-03-12,2014-06-12,First Class,VW-21775,Victoria Wilson,Corporate,United States,San Francisco,California,94122,West,OFF-PA-10004475,Office Supplies,Paper,Xerox 1940,109.92,2,0.0,53.8608
1755,CA-2014-116715,2014-03-12,2014-06-12,First Class,VW-21775,Victoria Wilson,Corporate,United States,San Francisco,California,94122,West,OFF-PA-10003893,Office Supplies,Paper,Xerox 1962,8.56,2,0.0,3.852
1756,CA-2012-135622,2012-08-12,2012-11-12,Second Class,TT-21460,Tonja Turnell,Home Office,United States,Fort Worth,Texas,76106,Central,OFF-PA-10000100,Office Supplies,Paper,Xerox 1945,360.712,11,0.2,130.7581
1757,CA-2012-135622,2012-08-12,2012-11-12,Second Class,TT-21460,Tonja Turnell,Home Office,United States,Fort Worth,Texas,76106,Central,TEC-PH-10001817,Technology,Phones,Wilson Electronics DB Pro Signal Booster,1718.4,6,0.2,150.36
1759,CA-2011-139017,2011-11-05,,Standard Class,RM-19375,Raymond Messe,Consumer,United States,Houston,Texas,77095,Central,TEC-AC-10001013,Technology,Accessories,Logitech ClearChat Comfort/USB Headset H390,46.864,2,0.2,7.6154
1760,CA-2011-141817,2011-06-01,,Standard Class,MB-18085,Mick Brown,Consumer,United States,Philadelphia,Pennsylvania,19143,East,OFF-AR-10003478,Office Supplies,Art,"Avery Hi-Liter EverBold Pen Style Fluorescent Highlighters, 4/Pack",19.536,3,0.2,4.884
1761,CA-2012-130785,2012-05-09,2012-09-09,Standard Class,AG-10900,Arthur Gainer,Consumer,United States,San Diego,California,92105,West,FUR-BO-10000330,Furniture,Bookcases,"Sauder Camden County Barrister Bookcase, Planked Cherry Finish",411.332,4,0.15,-4.8392
1762,CA-2012-130785,2012-05-09,2012-09-09,Standard Class,AG-10900,Arthur Gainer,Consumer,United States,San Diego,California,92105,West,OFF-BI-10001900,Office Supplies,Binders,"DXL Angle-View Binders with Locking Rings, Black",28.752,6,0.2,9.7038
1763,CA-2012-130785,2012-05-09,2012-09-09,Standard Class,AG-10900,Arthur Gainer,Consumer,United States,San Diego,California,92105,West,FUR-BO-10003159,Furniture,Bookcases,"Sauder Camden County Collection Libraries, Planked Cherry Finish",293.199,3,0.15,-20.6964
1764,CA-2013-110254,2013-05-08,2013-09-08,Standard Class,ML-17755,Max Ludwig,Home Office,United States,Suffolk,Virginia,23434,South,OFF-SU-10002573,Office Supplies,Supplies,"Acme 10"" Easy Grip Assistive Scissors",35.06,2,0.0,10.518
1765,CA-2013-110254,2013-05-08,2013-09-08,Standard Class,ML-17755,Max Ludwig,Home Office,United States,Suffolk,Virginia,23434,South,OFF-LA-10004484,Office Supplies,Labels,Avery 476,4.13,1,0.0,1.8998
1766,CA-2013-110254,2013-05-08,2013-09-08,Standard Class,ML-17755,Max Ludwig,Home Office,United States,Suffolk,Virginia,23434,South,FUR-FU-10001591,Furniture,Furnishings,Advantus Panel Wall Certificate Holder - 8.5x11,109.8,9,0.0,46.116
1767,CA-2013-110254,2013-05-08,2013-09-08,Standard Class,ML-17755,Max Ludwig,Home Office,United States,Suffolk,Virginia,23434,South,OFF-LA-10002034,Office Supplies,Labels,Avery 478,9.82,2,0.0,4.8118
1770,CA-2014-146024,2014-03-03,2014-09-03,Standard Class,SC-20770,Stewart Carmichael,Corporate,United States,Dallas,Texas,75081,Central,OFF-SU-10001935,Office Supplies,Supplies,Staples,6.976,4,0.2,-1.3952
1771,CA-2014-146024,2014-03-03,2014-09-03,Standard Class,SC-20770,Stewart Carmichael,Corporate,United States,Dallas,Texas,75081,Central,OFF-BI-10003291,Office Supplies,Binders,Wilson Jones Leather-Like Binders with DublLock Round Rings,12.222,7,0.8,-20.1663
1780,CA-2013-124667,2013-12-11,,Standard Class,BD-11770,Bryan Davis,Consumer,United States,New York City,New York,10011,East,TEC-AC-10003447,Technology,Accessories,Micropad Numeric Keypads,59.97,3,0.0,14.9925
1781,CA-2013-124667,2013-12-11,,Standard Class,BD-11770,Bryan Davis,Consumer,United States,New York City,New York,10011,East,OFF-ST-10002276,Office Supplies,Storage,Safco Steel Mobile File Cart,83.36,1,0.0,20.84
1782,CA-2012-111094,2012-09-07,,Standard Class,CB-12535,Claudia Bergmann,Corporate,United States,Franklin,Massachusetts,2038,East,OFF-PA-10001609,Office Supplies,Paper,Tops Wirebound Message Log Books,6.58,2,0.0,3.0268
1783,CA-2012-111094,2012-09-07,,Standard Class,CB-12535,Claudia Bergmann,Corporate,United States,Franklin,Massachusetts,2038,East,OFF-BI-10001597,Office Supplies,Binders,"Wilson Jones Ledger-Size, Piano-Hinge Binder, 2"", Blue",122.94,3,0.0,59.0112
1792,CA-2011-120474,2011-01-12,2011-03-12,First Class,RP-19390,Resi Pölking,Consumer,United States,Madison,Wisconsin,53711,Central,FUR-CH-10001854,Furniture,Chairs,Office Star - Professional Matrix Back Chair with 2-to-1 Synchro Tilt and Mesh Fabric Seat,2807.84,8,0.0,673.8816
1793,CA-2011-120474,2011-01-12,2011-03-12,First Class,RP-19390,Resi Pölking,Consumer,United States,Madison,Wisconsin,53711,Central,OFF-AR-10000475,Office Supplies,Art,"Hunt BOSTON Vista Battery-Operated Pencil Sharpener, Black",46.64,4,0.0,12.5928
1794,CA-2011-104773,2011-08-12,,Standard Class,TB-21175,Thomas Boland,Corporate,United States,Houston,Texas,77041,Central,OFF-ST-10000777,Office Supplies,Storage,"Companion Letter/Legal File, Black",60.416,2,0.2,6.0416
1795,CA-2013-140774,2013-06-09,2013-11-09,Standard Class,BE-11455,Brad Eason,Home Office,United States,Olathe,Kansas,66062,Central,OFF-AR-10004022,Office Supplies,Art,Panasonic KP-380BK Classic Electric Pencil Sharpener,107.94,3,0.0,26.985
1799,CA-2013-100965,2013-08-07,2013-12-07,Standard Class,RM-19375,Raymond Messe,Consumer,United States,San Jose,California,95123,West,FUR-FU-10003039,Furniture,Furnishings,"Howard Miller 11-1/2"" Diameter Grantwood Wall Clock",215.65,5,0.0,73.321
1800,CA-2013-121034,2013-09-08,2013-11-08,Second Class,JF-15565,Jill Fjeld,Consumer,United States,Dallas,Texas,75081,Central,OFF-FA-10000585,Office Supplies,Fasteners,OIC Bulk Pack Metal Binder Clips,11.168,4,0.2,3.6296
1801,CA-2013-121034,2013-09-08,2013-11-08,Second Class,JF-15565,Jill Fjeld,Consumer,United States,Dallas,Texas,75081,Central,OFF-PA-10001994,Office Supplies,Paper,"Ink Jet Note and Greeting Cards, 8-1/2"" x 5-1/2"" Card Size",53.952,3,0.2,17.5344
1809,CA-2013-164938,2013-11-02,,First Class,PB-19210,Phillip Breyer,Corporate,United States,Tulsa,Oklahoma,74133,Central,TEC-PH-10004897,Technology,Phones,Mediabridge Sport Armband iPhone 5s,69.93,7,0.0,0.6993
1812,CA-2011-132612,2011-09-06,2011-11-06,Second Class,FO-14305,Frank Olsen,Consumer,United States,Harrisonburg,Virginia,22801,South,FUR-TA-10004534,Furniture,Tables,Bevis 44 x 96 Conference Tables,1441.3,7,0.0,245.021
1816,CA-2012-164833,2012-04-06,2012-04-06,Same Day,LL-16840,Lauren Leatherbury,Consumer,United States,Seattle,Washington,98105,West,OFF-LA-10000443,Office Supplies,Labels,Avery 501,7.38,2,0.0,3.4686
1817,CA-2012-164833,2012-04-06,2012-04-06,Same Day,LL-16840,Lauren Leatherbury,Consumer,United States,Seattle,Washington,98105,West,OFF-AR-10004685,Office Supplies,Art,"Binney & Smith Crayola Metallic Colored Pencils, 8-Color Set",9.26,2,0.0,3.0558
1828,CA-2013-109344,2013-08-02,2013-11-02,Second Class,CH-12070,Cathy Hwang,Home Office,United States,Raleigh,North Carolina,27604,South,TEC-PH-10002624,Technology,Phones,Samsung Galaxy S4 Mini,1127.976,3,0.2,126.8973
1833,CA-2012-131422,2012-05-11,2012-09-11,Standard Class,GB-14530,George Bell,Corporate,United States,Monroe,North Carolina,28110,South,FUR-CH-10001270,Furniture,Chairs,Harbour Creations Steel Folding Chair,207.0,3,0.2,25.875
1834,CA-2014-162691,2014-02-08,2014-08-08,Standard Class,AS-10045,Aaron Smayling,Corporate,United States,Austin,Texas,78745,Central,TEC-MA-10000488,Technology,Machines,Bady BDG101FRU Card Printer,1439.982,3,0.4,-263.9967
1835,CA-2014-162691,2014-02-08,2014-08-08,Standard Class,AS-10045,Aaron Smayling,Corporate,United States,Austin,Texas,78745,Central,OFF-PA-10003729,Office Supplies,Paper,Xerox 1998,36.288,7,0.2,12.7008
1838,CA-2011-117345,2011-01-08,2011-05-08,Standard Class,BF-10975,Barbara Fisher,Corporate,United States,Charlotte,North Carolina,28205,South,OFF-LA-10000240,Office Supplies,Labels,Self-Adhesive Address Labels for Typewriters by Universal,17.544,3,0.2,5.9211
1839,CA-2011-117345,2011-01-08,2011-05-08,Standard Class,BF-10975,Barbara Fisher,Corporate,United States,Charlotte,North Carolina,28205,South,FUR-FU-10000629,Furniture,Furnishings,9-3/4 Diameter Round Wall Clock,44.128,4,0.2,12.1352
1840,CA-2011-117345,2011-01-08,2011-05-08,Standard Class,BF-10975,Barbara Fisher,Corporate,United States,Charlotte,North Carolina,28205,South,OFF-AP-10001005,Office Supplies,Appliances,Honeywell Quietcare HEPA Air Cleaner,62.92,1,0.2,10.2245
1841,CA-2011-117345,2011-01-08,2011-05-08,Standard Class,BF-10975,Barbara Fisher,Corporate,United States,Charlotte,North Carolina,28205,South,OFF-PA-10002377,Office Supplies,Paper,Xerox 1916,78.304,2,0.2,29.364
1843,CA-2012-135391,2012-09-02,2012-11-02,Second Class,FA-14230,Frank Atkinson,Corporate,United States,San Antonio,Texas,78207,Central,OFF-LA-10001074,Office Supplies,Labels,Round Specialty Laser Printer Labels,40.096,4,0.2,13.5324
1844,CA-2012-135391,2012-09-02,2012-11-02,Second Class,FA-14230,Frank Atkinson,Corporate,United States,San Antonio,Texas,78207,Central,FUR-FU-10001986,Furniture,Furnishings,"Dana Fluorescent Magnifying Lamp, White, 36""",40.784,2,0.6,-30.588
1848,CA-2014-128370,2014-11-09,2014-11-09,Same Day,FH-14275,Frank Hawley,Corporate,United States,Los Angeles,California,90004,West,FUR-CH-10002602,Furniture,Chairs,DMI Arturo Collection Mission-style Design Wood Chair,362.352,3,0.2,27.1764
1849,CA-2014-128370,2014-11-09,2014-11-09,Same Day,FH-14275,Frank Hawley,Corporate,United States,Los Angeles,California,90004,West,OFF-BI-10004140,Office Supplies,Binders,Avery Non-Stick Binders,7.184,2,0.2,2.245
1859,CA-2012-121608,2012-03-09,2012-05-09,First Class,JB-15400,Jennifer Braxton,Corporate,United States,Bristol,Connecticut,6010,East,OFF-AP-10002311,Office Supplies,Appliances,"Holmes Replacement Filter for HEPA Air Cleaner, Very Large Room, HEPA Filter",137.62,2,0.0,60.5528
1860,CA-2012-121608,2012-03-09,2012-05-09,First Class,JB-15400,Jennifer Braxton,Corporate,United States,Bristol,Connecticut,6010,East,TEC-PH-10004959,Technology,Phones,Classic Ivory Antique Telephone ZL1810,100.49,1,0.0,25.1225
1863,CA-2011-151078,2011-12-11,2011-12-11,Same Day,RF-19840,Roy Französisch,Consumer,United States,San Antonio,Texas,78207,Central,OFF-ST-10001328,Office Supplies,Storage,"Personal Filing Tote with Lid, Black/Gray",49.632,4,0.2,4.9632
1875,CA-2011-147914,2011-04-06,2011-09-06,Standard Class,MP-17470,Mark Packer,Home Office,United States,Columbus,Ohio,43229,East,OFF-PA-10001685,Office Supplies,Paper,Staples,16.224,2,0.2,5.8812
1876,US-2013-112977,2013-11-03,,Standard Class,CJ-12010,Caroline Jumper,Consumer,United States,Long Beach,New York,11561,East,FUR-BO-10003272,Furniture,Bookcases,O'Sullivan Living Dimensions 5-Shelf Bookcases,176.784,1,0.2,-22.098
1881,CA-2012-109512,2012-05-03,2012-05-03,Same Day,LF-17185,Luke Foster,Consumer,United States,New York City,New York,10011,East,OFF-EN-10002621,Office Supplies,Envelopes,Staples,29.34,3,0.0,14.67
1882,CA-2012-109512,2012-05-03,2012-05-03,Same Day,LF-17185,Luke Foster,Consumer,United States,New York City,New York,10011,East,FUR-CH-10001146,Furniture,Chairs,"Global Value Mid-Back Manager's Chair, Gray",383.607,7,0.1,63.9345
1883,CA-2012-109512,2012-05-03,2012-05-03,Same Day,LF-17185,Luke Foster,Consumer,United States,New York City,New York,10011,East,OFF-ST-10000689,Office Supplies,Storage,"Fellowes Strictly Business Drawer File, Letter/Legal Size",563.4,4,0.0,67.608
1895,US-2014-108063,2014-03-12,2014-06-12,First Class,AS-10090,Adam Shillingsburg,Consumer,United States,Charlottesville,Virginia,22901,South,OFF-AR-10001446,Office Supplies,Art,Newell 309,34.65,3,0.0,10.395
1897,CA-2014-141789,2014-04-10,2014-07-10,First Class,AC-10450,Amy Cox,Consumer,United States,Minneapolis,Minnesota,55407,Central,OFF-BI-10001359,Office Supplies,Binders,GBC DocuBind TL300 Electric Binding System,1793.98,2,0.0,843.1706
1909,CA-2012-157959,2012-03-02,2012-04-02,First Class,RW-19540,Rick Wilson,Corporate,United States,Los Angeles,California,90008,West,FUR-FU-10004093,Furniture,Furnishings,Hand-Finished Solid Wood Document Frame,136.92,4,0.0,41.076
1912,CA-2014-121503,2014-04-07,2014-07-07,Second Class,FH-14275,Frank Hawley,Corporate,United States,Houston,Texas,77041,Central,OFF-PA-10001878,Office Supplies,Paper,Xerox 1891,273.896,7,0.2,92.4399
1913,CA-2014-121503,2014-04-07,2014-07-07,Second Class,FH-14275,Frank Hawley,Corporate,United States,Houston,Texas,77041,Central,TEC-MA-10003674,Technology,Machines,Hewlett-Packard Deskjet 5550 Printer,597.132,3,0.4,49.761
1915,CA-2014-124597,2014-01-05,2014-06-05,Standard Class,AS-10630,Ann Steele,Home Office,United States,Boynton Beach,Florida,33437,South,OFF-LA-10003190,Office Supplies,Labels,Avery 474,4.608,2,0.2,1.6704
1916,CA-2014-124597,2014-01-05,2014-06-05,Standard Class,AS-10630,Ann Steele,Home Office,United States,Boynton Beach,Florida,33437,South,OFF-AR-10002280,Office Supplies,Art,Staples,15.528,3,0.2,4.8525
1917,CA-2014-124597,2014-01-05,2014-06-05,Standard Class,AS-10630,Ann Steele,Home Office,United States,Boynton Beach,Florida,33437,South,OFF-LA-10001569,Office Supplies,Labels,Avery 499,11.952,3,0.2,3.8844
1918,CA-2012-105634,2012-08-11,,Standard Class,HA-14905,Helen Abelman,Consumer,United States,Franklin,Massachusetts,2038,East,OFF-AR-10001573,Office Supplies,Art,American Pencil,11.65,5,0.0,3.3785
1922,CA-2012-125178,2012-03-10,2012-09-10,Standard Class,MZ-17515,Mary Zewe,Corporate,United States,Reading,Pennsylvania,19601,East,OFF-ST-10002562,Office Supplies,Storage,Staples,15.008,2,0.2,1.5008
1923,CA-2013-156685,2013-09-07,2013-11-07,Second Class,SC-20230,Scot Coram,Corporate,United States,Arlington,Texas,76017,Central,TEC-PH-10004345,Technology,Phones,Cisco SPA 502G IP Phone,863.64,9,0.2,107.955
1924,CA-2013-156685,2013-09-07,2013-11-07,Second Class,SC-20230,Scot Coram,Corporate,United States,Arlington,Texas,76017,Central,OFF-AR-10000588,Office Supplies,Art,Newell 345,47.616,3,0.2,3.5712
1925,CA-2014-126865,2014-06-12,2014-08-12,Second Class,NP-18325,Naresj Patel,Consumer,United States,San Diego,California,92024,West,OFF-PA-10003039,Office Supplies,Paper,Xerox 1960,92.94,3,0.0,41.823
1926,CA-2014-102834,2014-10-03,,Standard Class,LW-16990,Lindsay Williams,Corporate,United States,San Francisco,California,94110,West,TEC-AC-10001908,Technology,Accessories,Logitech Wireless Headset h800,199.98,2,0.0,69.993
1927,US-2013-139710,2013-10-06,,Standard Class,GM-14680,Greg Matthias,Consumer,United States,Los Angeles,California,90045,West,TEC-PH-10001198,Technology,Phones,Avaya 4621SW VoIP phone,177.48,3,0.2,19.9665
1933,CA-2014-161200,2014-07-08,2014-11-08,Second Class,SV-20365,Seth Vernon,Consumer,United States,Lafayette,Louisiana,70506,South,FUR-BO-10000468,Furniture,Bookcases,O'Sullivan 2-Shelf Heavy-Duty Bookcases,145.74,3,0.0,23.3184
1934,CA-2014-161200,2014-07-08,2014-11-08,Second Class,SV-20365,Seth Vernon,Consumer,United States,Lafayette,Louisiana,70506,South,FUR-FU-10001706,Furniture,Furnishings,Longer-Life Soft White Bulbs,15.4,5,0.0,7.392
1938,CA-2013-112109,2013-09-07,,Standard Class,JE-15715,Joe Elijah,Consumer,United States,Broomfield,Colorado,80020,West,OFF-BI-10002082,Office Supplies,Binders,GBC Twin Loop Wire Binding Elements,19.968,2,0.7,-13.312
1939,CA-2013-112109,2013-09-07,,Standard Class,JE-15715,Joe Elijah,Consumer,United States,Broomfield,Colorado,80020,West,OFF-ST-10001505,Office Supplies,Storage,"Perma STOR-ALL Hanging File Box, 13 1/8""W x 12 1/4""D x 10 1/2""H",33.488,7,0.2,-1.2558
1940,CA-2013-112109,2013-09-07,,Standard Class,JE-15715,Joe Elijah,Consumer,United States,Broomfield,Colorado,80020,West,OFF-BI-10001634,Office Supplies,Binders,Wilson Jones Active Use Binders,8.736,4,0.7,-6.1152
1941,CA-2013-112109,2013-09-07,,Standard Class,JE-15715,Joe Elijah,Consumer,United States,Broomfield,Colorado,80020,West,FUR-CH-10004287,Furniture,Chairs,SAFCO Arco Folding Chair,662.88,3,0.2,74.574
1947,CA-2014-157987,2014-03-09,2014-07-09,Standard Class,AC-10615,Ann Chong,Corporate,United States,New York City,New York,10009,East,OFF-AR-10000658,Office Supplies,Art,Newell 324,23.1,2,0.0,6.468
1948,CA-2014-157987,2014-03-09,2014-07-09,Standard Class,AC-10615,Ann Chong,Corporate,United States,New York City,New York,10009,East,FUR-FU-10001196,Furniture,Furnishings,DAX Cubicle Frames - 8x10,11.54,2,0.0,3.462
1949,CA-2014-157987,2014-03-09,2014-07-09,Standard Class,AC-10615,Ann Chong,Corporate,United States,New York City,New York,10009,East,FUR-TA-10001889,Furniture,Tables,Bush Advantage Collection Racetrack Conference Table,254.526,1,0.4,-93.3262
1950,CA-2014-157987,2014-03-09,2014-07-09,Standard Class,AC-10615,Ann Chong,Corporate,United States,New York City,New York,10009,East,OFF-AP-10000358,Office Supplies,Appliances,Fellowes Basic Home/Office Series Surge Protectors,12.98,1,0.0,3.7642
1951,CA-2014-157987,2014-03-09,2014-07-09,Standard Class,AC-10615,Ann Chong,Corporate,United States,New York City,New York,10009,East,OFF-BI-10004970,Office Supplies,Binders,"ACCOHIDE 3-Ring Binder, Blue, 1""",26.432,8,0.2,8.9208
1952,CA-2014-157987,2014-03-09,2014-07-09,Standard Class,AC-10615,Ann Chong,Corporate,United States,New York City,New York,10009,East,TEC-PH-10003885,Technology,Phones,Cisco SPA508G,197.97,3,0.0,57.4113
1953,CA-2014-157987,2014-03-09,2014-07-09,Standard Class,AC-10615,Ann Chong,Corporate,United States,New York City,New York,10009,East,OFF-LA-10001641,Office Supplies,Labels,Avery 518,18.9,6,0.0,9.072
1954,CA-2014-157987,2014-03-09,2014-07-09,Standard Class,AC-10615,Ann Chong,Corporate,United States,New York City,New York,10009,East,FUR-CH-10003379,Furniture,Chairs,Global Commerce Series High-Back Swivel/Tilt Chairs,1282.41,5,0.1,213.735
1955,CA-2014-157987,2014-03-09,2014-07-09,Standard Class,AC-10615,Ann Chong,Corporate,United States,New York City,New York,10009,East,OFF-AR-10004582,Office Supplies,Art,BIC Brite Liner Grip Highlighters,4.92,3,0.0,2.214
1956,CA-2014-157987,2014-03-09,2014-07-09,Standard Class,AC-10615,Ann Chong,Corporate,United States,New York City,New York,10009,East,TEC-AC-10002842,Technology,Accessories,WD My Passport Ultra 2TB Portable External Hard Drive,238.0,2,0.0,38.08
1957,CA-2014-157987,2014-03-09,2014-07-09,Standard Class,AC-10615,Ann Chong,Corporate,United States,New York City,New York,10009,East,TEC-AC-10000109,Technology,Accessories,Sony Micro Vault Click 16 GB USB 2.0 Flash Drive,167.97,3,0.0,40.3128
1958,CA-2014-157987,2014-03-09,2014-07-09,Standard Class,AC-10615,Ann Chong,Corporate,United States,New York City,New York,10009,East,OFF-PA-10003893,Office Supplies,Paper,Xerox 1962,17.12,4,0.0,7.704
1959,CA-2014-110905,2014-11-09,,Second Class,RW-19690,Robert Waldorf,Consumer,United States,Springfield,Missouri,65807,Central,OFF-BI-10003669,Office Supplies,Binders,3M Organizer Strips,16.2,3,0.0,7.776
1960,CA-2014-110905,2014-11-09,,Second Class,RW-19690,Robert Waldorf,Consumer,United States,Springfield,Missouri,65807,Central,OFF-AP-10004785,Office Supplies,Appliances,"Holmes Replacement Filter for HEPA Air Cleaner, Medium Room",33.99,3,0.0,14.6157
1961,CA-2014-110905,2014-11-09,,Second Class,RW-19690,Robert Waldorf,Consumer,United States,Springfield,Missouri,65807,Central,TEC-AC-10003023,Technology,Accessories,Logitech G105 Gaming Keyboard,296.85,5,0.0,53.433
1962,CA-2014-110905,2014-11-09,,Second Class,RW-19690,Robert Waldorf,Consumer,United States,Springfield,Missouri,65807,Central,TEC-AC-10002217,Technology,Accessories,Imation Clip USB flash drive - 8 GB,112.8,6,0.0,6.768
1963,CA-2014-110905,2014-11-09,,Second Class,RW-19690,Robert Waldorf,Consumer,United States,Springfield,Missouri,65807,Central,OFF-BI-10002954,Office Supplies,Binders,Newell 3-Hole Punched Plastic Slotted Magazine Holders for Binders,13.71,3,0.0,6.5808
1964,CA-2014-110905,2014-11-09,,Second Class,RW-19690,Robert Waldorf,Consumer,United States,Springfield,Missouri,65807,Central,OFF-PA-10002586,Office Supplies,Paper,Xerox 1970,24.9,5,0.0,11.703
1965,CA-2014-110905,2014-11-09,,Second Class,RW-19690,Robert Waldorf,Consumer,United States,Springfield,Missouri,65807,Central,OFF-ST-10000025,Office Supplies,Storage,Fellowes Stor/Drawer Steel Plus Storage Drawers,286.29,3,0.0,17.1774
1966,CA-2014-110905,2014-11-09,,Second Class,RW-19690,Robert Waldorf,Consumer,United States,Springfield,Missouri,65807,Central,OFF-AP-10003281,Office Supplies,Appliances,Acco 6 Outlet Guardian Standard Surge Suppressor,24.18,2,0.0,7.254
1971,CA-2014-140242,2014-07-05,2014-12-05,Standard Class,ML-17755,Max Ludwig,Home Office,United States,Chicago,Illinois,60623,Central,OFF-AR-10004752,Office Supplies,Art,Blackstonian Pencils,6.408,3,0.2,0.6408
1972,CA-2014-140242,2014-07-05,2014-12-05,Standard Class,ML-17755,Max Ludwig,Home Office,United States,Chicago,Illinois,60623,Central,TEC-AC-10004659,Technology,Accessories,Imation Secure+ Hardware Encrypted USB 2.0 Flash Drive; 16GB,408.744,7,0.2,76.6395
1979,CA-2012-109939,2012-08-05,2012-12-05,Standard Class,AA-10375,Allen Armold,Consumer,United States,Salem,Oregon,97301,West,OFF-AR-10000127,Office Supplies,Art,Newell 321,5.248,2,0.2,0.5904
1983,CA-2011-122749,2011-03-12,2011-09-12,Standard Class,NG-18430,Nathan Gelder,Consumer,United States,Oklahoma City,Oklahoma,73120,Central,TEC-PH-10003811,Technology,Phones,Jabra Supreme Plus Driver Edition Headset,479.96,4,0.0,134.3888
1988,CA-2012-127509,2012-09-11,,Standard Class,AS-10090,Adam Shillingsburg,Consumer,United States,Springfield,Missouri,65807,Central,OFF-BI-10002393,Office Supplies,Binders,Binder Posts,17.22,3,0.0,7.9212
1989,CA-2012-127509,2012-09-11,,Standard Class,AS-10090,Adam Shillingsburg,Consumer,United States,Springfield,Missouri,65807,Central,FUR-TA-10002855,Furniture,Tables,Bevis Round Conference Table Top & Single Column Base,1024.38,7,0.0,215.1198
1990,CA-2012-127509,2012-09-11,,Standard Class,AS-10090,Adam Shillingsburg,Consumer,United States,Springfield,Missouri,65807,Central,OFF-EN-10000781,Office Supplies,Envelopes,"#10- 4 1/8"" x 9 1/2"" Recycled Envelopes",26.22,3,0.0,12.3234
1991,CA-2012-127509,2012-09-11,,Standard Class,AS-10090,Adam Shillingsburg,Consumer,United States,Springfield,Missouri,65807,Central,OFF-PA-10002160,Office Supplies,Paper,Xerox 1978,17.34,3,0.0,8.4966
1996,US-2014-147221,2014-03-12,2014-05-12,Second Class,JS-16030,Joy Smith,Consumer,United States,Houston,Texas,77036,Central,OFF-AP-10002534,Office Supplies,Appliances,3.6 Cubic Foot Counter Height Office Refrigerator,294.62,5,0.8,-766.012
1997,US-2014-147221,2014-03-12,2014-05-12,Second Class,JS-16030,Joy Smith,Consumer,United States,Houston,Texas,77036,Central,FUR-FU-10004020,Furniture,Furnishings,Advantus Panel Wall Acrylic Frame,8.752,4,0.6,-3.7196
1998,CA-2011-131905,2011-07-02,2011-10-02,First Class,ND-18460,Neil Ducich,Corporate,United States,Chesapeake,Virginia,23320,South,OFF-LA-10002787,Office Supplies,Labels,Avery 480,15.0,4,0.0,7.2
1999,CA-2011-131905,2011-07-02,2011-10-02,First Class,ND-18460,Neil Ducich,Corporate,United States,Chesapeake,Virginia,23320,South,TEC-PH-10003645,Technology,Phones,Aastra 57i VoIP phone,161.61,1,0.0,42.0186
2000,CA-2011-131905,2011-07-02,2011-10-02,First Class,ND-18460,Neil Ducich,Corporate,United States,Chesapeake,Virginia,23320,South,TEC-PH-10001615,Technology,Phones,AT&T CL82213,144.95,5,0.0,42.0355
2001,CA-2014-166128,2014-12-04,,Standard Class,LW-17215,Luke Weiss,Consumer,United States,Pasadena,California,91104,West,TEC-AC-10001767,Technology,Accessories,SanDisk Ultra 64 GB MicroSDHC Class 10 Memory Card,199.95,5,0.0,21.9945
2002,CA-2014-166128,2014-12-04,,Standard Class,LW-17215,Luke Weiss,Consumer,United States,Pasadena,California,91104,West,OFF-AR-10001221,Office Supplies,Art,"Dixon Ticonderoga Erasable Colored Pencil Set, 12-Color",41.86,7,0.0,14.2324
2005,US-2014-143028,2014-12-04,,Standard Class,SC-20050,Sample Company A,Home Office,United States,Lubbock,Texas,79424,Central,OFF-BI-10004738,Office Supplies,Binders,Flexible Leather- Look Classic Collection Ring Binder,11.364,3,0.8,-17.046
2008,CA-2014-165386,2014-04-08,2014-05-08,First Class,CM-12190,Charlotte Melton,Consumer,United States,Chicago,Illinois,60623,Central,FUR-BO-10003034,Furniture,Bookcases,"O'Sullivan Elevations Bookcase, Cherry Finish",183.372,2,0.3,-36.6744
2012,CA-2012-155761,2012-11-12,2012-11-12,Same Day,SC-20800,Stuart Calhoun,Consumer,United States,Houston,Texas,77041,Central,TEC-AC-10001606,Technology,Accessories,Logitech Wireless Performance Mouse MX for PC and Mac,159.984,2,0.2,35.9964
2013,CA-2012-155761,2012-11-12,2012-11-12,Same Day,SC-20800,Stuart Calhoun,Consumer,United States,Houston,Texas,77041,Central,OFF-ST-10000943,Office Supplies,Storage,Eldon ProFile File 'N Store Portable File Tub Letter/Legal Size Black,46.344,3,0.2,4.6344
2027,CA-2013-113516,2013-09-09,2013-11-09,Second Class,VM-21685,Valerie Mitchum,Home Office,United States,Lancaster,California,93534,West,OFF-BI-10002225,Office Supplies,Binders,"Square Ring Data Binders, Rigid 75 Pt. Covers, 11"" x 14-7/8""",33.024,2,0.2,11.5584
2028,CA-2013-113516,2013-09-09,2013-11-09,Second Class,VM-21685,Valerie Mitchum,Home Office,United States,Lancaster,California,93534,West,OFF-BI-10001989,Office Supplies,Binders,Premium Transparent Presentation Covers by GBC,67.136,4,0.2,23.4976
2033,CA-2013-128923,2013-10-12,,Standard Class,GB-14530,George Bell,Corporate,United States,Fort Worth,Texas,76106,Central,OFF-PA-10002250,Office Supplies,Paper,Things To Do Today Pad,9.392,2,0.2,3.2872
2034,CA-2013-128923,2013-10-12,,Standard Class,GB-14530,George Bell,Corporate,United States,Fort Worth,Texas,76106,Central,OFF-AR-10000475,Office Supplies,Art,"Hunt BOSTON Vista Battery-Operated Pencil Sharpener, Black",9.328,1,0.2,0.8162
2043,CA-2012-104493,2012-02-10,2012-08-10,Standard Class,EB-13705,Ed Braxton,Corporate,United States,San Diego,California,92105,West,OFF-BI-10004817,Office Supplies,Binders,GBC Personal VeloBind Strips,57.504,6,0.2,20.1264
2049,CA-2012-142237,2012-11-07,,First Class,CK-12595,Clytie Kelty,Consumer,United States,Philadelphia,Pennsylvania,19134,East,FUR-FU-10004848,Furniture,Furnishings,"Howard Miller 13-3/4"" Diameter Brushed Chrome Round Wall Clock",289.8,7,0.2,36.225
2050,CA-2012-142237,2012-11-07,,First Class,CK-12595,Clytie Kelty,Consumer,United States,Philadelphia,Pennsylvania,19134,East,OFF-BI-10004022,Office Supplies,Binders,Acco Suede Grain Vinyl Round Ring Binder,2.502,3,0.7,-2.0016
2051,CA-2012-142237,2012-11-07,,First Class,CK-12595,Clytie Kelty,Consumer,United States,Philadelphia,Pennsylvania,19134,East,OFF-BI-10003669,Office Supplies,Binders,3M Organizer Strips,6.48,4,0.7,-4.752
2052,CA-2012-142237,2012-11-07,,First Class,CK-12595,Clytie Kelty,Consumer,United States,Philadelphia,Pennsylvania,19134,East,FUR-CH-10003833,Furniture,Chairs,Novimex Fabric Task Chair,341.488,8,0.3,-73.176
2053,CA-2012-142237,2012-11-07,,First Class,CK-12595,Clytie Kelty,Consumer,United States,Philadelphia,Pennsylvania,19134,East,OFF-AR-10003732,Office Supplies,Art,Newell 333,11.12,5,0.2,0.834
2054,CA-2012-142237,2012-11-07,,First Class,CK-12595,Clytie Kelty,Consumer,United States,Philadelphia,Pennsylvania,19134,East,FUR-FU-10003142,Furniture,Furnishings,"Master Big Foot Doorstop, Beige",25.344,6,0.2,3.4848
2055,CA-2013-136434,2013-02-12,2013-08-12,Standard Class,RD-19480,Rick Duston,Consumer,United States,Richmond,Indiana,47374,Central,FUR-FU-10001196,Furniture,Furnishings,DAX Cubicle Frames - 8x10,17.31,3,0.0,5.193
2074,CA-2014-122504,2014-08-11,,Second Class,DB-13270,Deborah Brumfield,Home Office,United States,Brentwood,California,94513,West,TEC-AC-10003289,Technology,Accessories,Anker Ultra-Slim Mini Bluetooth 3.0 Wireless Keyboard,59.97,3,0.0,13.7931
2075,CA-2014-122504,2014-08-11,,Second Class,DB-13270,Deborah Brumfield,Home Office,United States,Brentwood,California,94513,West,TEC-PH-10002468,Technology,Phones,"Plantronics CS 50-USB - headset - Convertible, Monaural",761.544,7,0.2,66.6351
2076,CA-2011-131051,2011-01-12,2011-05-12,Standard Class,TR-21325,Toby Ritter,Consumer,United States,San Francisco,California,94122,West,FUR-FU-10001861,Furniture,Furnishings,"Floodlight Indoor Halogen Bulbs, 1 Bulb per Pack, 60 Watts",58.2,3,0.0,28.518
2099,CA-2014-124401,2014-08-09,,Standard Class,RD-19900,Ruben Dartt,Consumer,United States,Portland,Oregon,97206,West,OFF-ST-10000649,Office Supplies,Storage,Hanging Personal Folder File,37.68,3,0.2,2.355
2100,CA-2014-124401,2014-08-09,,Standard Class,RD-19900,Ruben Dartt,Consumer,United States,Portland,Oregon,97206,West,TEC-AC-10002926,Technology,Accessories,Logitech Wireless Marathon Mouse M705,279.944,7,0.2,80.4839
2101,US-2011-140116,2011-10-03,,Standard Class,KT-16480,Kean Thornton,Consumer,United States,Denver,Colorado,80219,West,OFF-ST-10000078,Office Supplies,Storage,Tennsco 6- and 18-Compartment Lockers,636.408,3,0.2,-15.9102
2102,US-2011-140116,2011-10-03,,Standard Class,KT-16480,Kean Thornton,Consumer,United States,Denver,Colorado,80219,West,OFF-AR-10001044,Office Supplies,Art,"BOSTON Ranger #55 Pencil Sharpener, Black",83.168,4,0.2,9.3564
2117,CA-2012-159786,2012-12-10,,Second Class,RK-19300,Ralph Kennedy,Consumer,United States,Rochester,New York,14609,East,FUR-TA-10001307,Furniture,Tables,"SAFCO PlanMaster Heigh-Adjustable Drafting Table Base, 43w x 30d x 30-37h, Black",209.67,1,0.4,-13.978
2121,US-2014-168690,2014-08-01,,Standard Class,TS-21085,Thais Sissman,Consumer,United States,Ormond Beach,Florida,32174,South,OFF-BI-10000145,Office Supplies,Binders,Zipper Ring Binder Pockets,2.808,3,0.7,-1.9656
2122,CA-2014-158246,2014-10-11,2014-12-11,First Class,JB-15400,Jennifer Braxton,Corporate,United States,Sunnyvale,California,94086,West,FUR-CH-10003061,Furniture,Chairs,"Global Leather Task Chair, Black",215.976,3,0.2,-2.6997
2125,CA-2014-144862,2014-02-12,2014-06-12,Standard Class,EH-14005,Erica Hernandez,Home Office,United States,Philadelphia,Pennsylvania,19143,East,OFF-EN-10003040,Office Supplies,Envelopes,Quality Park Security Envelopes,104.68,5,0.2,35.3295
2126,CA-2014-144862,2014-02-12,2014-06-12,Standard Class,EH-14005,Erica Hernandez,Home Office,United States,Philadelphia,Pennsylvania,19143,East,TEC-PH-10000923,Technology,Phones,"Belkin SportFit Armband For iPhone 5s/5c, Fuchsia",62.958,7,0.4,9.4437
2128,CA-2012-134859,2012-04-10,2012-09-10,Standard Class,JK-16120,Julie Kriz,Home Office,United States,Philadelphia,Pennsylvania,19134,East,FUR-FU-10003623,Furniture,Furnishings,"DataProducts Ampli Magnifier Task Lamp, Black,",64.944,3,0.2,6.4944
2129,CA-2012-134859,2012-04-10,2012-09-10,Standard Class,JK-16120,Julie Kriz,Home Office,United States,Philadelphia,Pennsylvania,19134,East,OFF-PA-10001293,Office Supplies,Paper,Xerox 1946,20.736,4,0.2,7.2576
2140,CA-2011-159520,2011-06-06,2011-11-06,Standard Class,GT-14635,Grant Thornton,Corporate,United States,Long Beach,New York,11561,East,OFF-BI-10003982,Office Supplies,Binders,Wilson Jones Century Plastic Molded Ring Binders,149.544,9,0.2,50.4711
2141,CA-2011-159520,2011-06-06,2011-11-06,Standard Class,GT-14635,Grant Thornton,Corporate,United States,Long Beach,New York,11561,East,OFF-SU-10001664,Office Supplies,Supplies,Acme Office Executive Series Stainless Steel Trimmers,17.14,2,0.0,4.4564
2142,CA-2011-159520,2011-06-06,2011-11-06,Standard Class,GT-14635,Grant Thornton,Corporate,United States,Long Beach,New York,11561,East,FUR-TA-10003238,Furniture,Tables,"Chromcraft Bull-Nose Wood 48"" x 96"" Rectangular Conference Tables",991.764,3,0.4,-347.1174
2143,CA-2013-155481,2013-02-09,2013-06-09,Standard Class,DK-13225,Dean Katz,Corporate,United States,Philadelphia,Pennsylvania,19140,East,OFF-PA-10004675,Office Supplies,Paper,"Telephone Message Books with Fax/Mobile Section, 5 1/2"" x 3 3/16""",30.48,6,0.2,9.906
2144,CA-2013-155481,2013-02-09,2013-06-09,Standard Class,DK-13225,Dean Katz,Corporate,United States,Philadelphia,Pennsylvania,19140,East,TEC-PH-10002293,Technology,Phones,Anker 36W 4-Port USB Wall Charger Travel Power Adapter for iPhone 5s 5c 5,23.988,2,0.4,-4.7976
2145,CA-2013-155481,2013-02-09,2013-06-09,Standard Class,DK-13225,Dean Katz,Corporate,United States,Philadelphia,Pennsylvania,19140,East,OFF-FA-10002780,Office Supplies,Fasteners,Staples,16.688,7,0.2,5.4236
2149,CA-2011-141607,2011-12-12,,Standard Class,WB-21850,William Brown,Consumer,United States,Concord,California,94521,West,FUR-FU-10003975,Furniture,Furnishings,Eldon Advantage Chair Mats for Low to Medium Pile Carpets,43.31,1,0.0,4.331
2150,CA-2014-102771,2014-01-04,2014-06-04,Standard Class,DO-13435,Denny Ordway,Consumer,United States,New York City,New York,10035,East,TEC-PH-10001536,Technology,Phones,Spigen Samsung Galaxy S5 Case Wallet,84.95,5,0.0,22.087
2155,US-2013-120460,2013-01-05,2013-06-05,Standard Class,BF-11170,Ben Ferrer,Home Office,United States,Dallas,Texas,75081,Central,FUR-FU-10004973,Furniture,Furnishings,Flat Face Poster Frame,22.608,3,0.6,-10.1736
2160,CA-2013-159737,2013-04-09,2013-10-09,Standard Class,CS-11950,Carlos Soltero,Consumer,United States,Chicago,Illinois,60610,Central,OFF-BI-10004236,Office Supplies,Binders,"XtraLife ClearVue Slant-D Ring Binder, White, 3""",8.808,3,0.8,-14.9736
2162,CA-2013-101938,2013-07-01,2013-12-01,Standard Class,DW-13480,Dianna Wilson,Home Office,United States,Oakland,California,94601,West,OFF-AR-10003696,Office Supplies,Art,Panasonic KP-350BK Electric Pencil Sharpener with Auto Stop,34.58,1,0.0,10.0282
2173,CA-2011-152296,2011-01-08,2011-03-08,First Class,IL-15100,Ivan Liston,Consumer,United States,San Francisco,California,94122,West,OFF-BI-10004506,Office Supplies,Binders,Wilson Jones data.warehouse D-Ring Binders with DublLock,19.752,3,0.2,6.9132
2180,CA-2013-128818,2013-08-05,2013-12-05,Standard Class,CJ-12010,Caroline Jumper,Consumer,United States,New York City,New York,10009,East,OFF-BI-10000309,Office Supplies,Binders,"GBC Twin Loop Wire Binding Elements, 9/16"" Spine, Black",85.232,7,0.2,30.8966
2181,CA-2013-128818,2013-08-05,2013-12-05,Standard Class,CJ-12010,Caroline Jumper,Consumer,United States,New York City,New York,10009,East,OFF-LA-10003923,Office Supplies,Labels,Alphabetical Labels for Top Tab Filing,44.4,3,0.0,22.2
2182,CA-2013-128818,2013-08-05,2013-12-05,Standard Class,CJ-12010,Caroline Jumper,Consumer,United States,New York City,New York,10009,East,FUR-CH-10002084,Furniture,Chairs,Hon Mobius Operator's Chair,442.764,4,0.1,59.0352
2183,CA-2013-128818,2013-08-05,2013-12-05,Standard Class,CJ-12010,Caroline Jumper,Consumer,United States,New York City,New York,10009,East,TEC-MA-10000488,Technology,Machines,Bady BDG101FRU Card Printer,3999.95,5,0.0,1159.9855
2184,CA-2013-128818,2013-08-05,2013-12-05,Standard Class,CJ-12010,Caroline Jumper,Consumer,United States,New York City,New York,10009,East,TEC-AC-10001767,Technology,Accessories,SanDisk Ultra 64 GB MicroSDHC Class 10 Memory Card,199.95,5,0.0,21.9945
2185,CA-2013-128818,2013-08-05,2013-12-05,Standard Class,CJ-12010,Caroline Jumper,Consumer,United States,New York City,New York,10009,East,FUR-FU-10001940,Furniture,Furnishings,Staples,63.68,8,0.0,28.0192
2186,CA-2014-124576,2014-02-08,2014-05-08,Second Class,HK-14890,Heather Kirkland,Corporate,United States,Salinas,California,93905,West,OFF-BI-10002735,Office Supplies,Binders,GBC Prestige Therm-A-Bind Covers,54.896,2,0.2,18.5274
2188,CA-2014-143063,2014-11-08,,Standard Class,IL-15100,Ivan Liston,Consumer,United States,Columbus,Indiana,47201,Central,OFF-EN-10003134,Office Supplies,Envelopes,Staples,70.08,6,0.0,35.04
2189,CA-2014-143063,2014-11-08,,Standard Class,IL-15100,Ivan Liston,Consumer,United States,Columbus,Indiana,47201,Central,FUR-FU-10003708,Furniture,Furnishings,"Tenex Traditional Chairmats for Medium Pile Carpet, Standard Lip, 36"" x 48""",121.3,2,0.0,25.473
2190,CA-2014-143063,2014-11-08,,Standard Class,IL-15100,Ivan Liston,Consumer,United States,Columbus,Indiana,47201,Central,TEC-PH-10003645,Technology,Phones,Aastra 57i VoIP phone,1454.49,9,0.0,378.1674
2192,CA-2013-128412,2013-11-12,,Standard Class,AP-10915,Arthur Prichep,Consumer,United States,Seattle,Washington,98105,West,OFF-BI-10001718,Office Supplies,Binders,GBC DocuBind P50 Personal Binding Machine,153.552,3,0.2,51.8238
2193,CA-2013-128412,2013-11-12,,Standard Class,AP-10915,Arthur Prichep,Consumer,United States,Seattle,Washington,98105,West,OFF-AP-10002082,Office Supplies,Appliances,Holmes HEPA Air Purifier,65.34,3,0.0,22.869
2194,CA-2013-128412,2013-11-12,,Standard Class,AP-10915,Arthur Prichep,Consumer,United States,Seattle,Washington,98105,West,OFF-PA-10001125,Office Supplies,Paper,Xerox 1988,123.92,4,0.0,55.764
2195,CA-2013-128412,2013-11-12,,Standard Class,AP-10915,Arthur Prichep,Consumer,United States,Seattle,Washington,98105,West,OFF-AP-10000252,Office Supplies,Appliances,Harmony HEPA Quiet Air Purifiers,35.1,3,0.0,12.285
2196,CA-2013-128412,2013-11-12,,Standard Class,AP-10915,Arthur Prichep,Consumer,United States,Seattle,Washington,98105,West,TEC-AC-10003038,Technology,Accessories,Kingston Digital DataTraveler 16GB USB 2.0,44.75,5,0.0,8.5025
2197,CA-2013-136483,2013-02-12,2013-07-12,Standard Class,AG-10390,Allen Goldenen,Consumer,United States,Knoxville,Tennessee,37918,South,OFF-AR-10000940,Office Supplies,Art,Newell 343,4.704,2,0.2,0.4116
2201,US-2011-165659,2011-01-06,2011-06-06,Standard Class,LT-17110,Liz Thompson,Consumer,United States,Little Rock,Arkansas,72209,South,FUR-FU-10001935,Furniture,Furnishings,3M Hangers With Command Adhesive,22.2,6,0.0,9.102
2202,US-2011-165659,2011-01-06,2011-06-06,Standard Class,LT-17110,Liz Thompson,Consumer,United States,Little Rock,Arkansas,72209,South,TEC-PH-10002563,Technology,Phones,Adtran 1202752G1,881.93,7,0.0,229.3018
2203,CA-2012-138002,2012-06-09,2012-12-09,Standard Class,BT-11305,Beth Thompson,Home Office,United States,Seattle,Washington,98103,West,OFF-BI-10002160,Office Supplies,Binders,Acco Hanging Data Binders,6.096,2,0.2,2.1336
2204,CA-2012-138002,2012-06-09,2012-12-09,Standard Class,BT-11305,Beth Thompson,Home Office,United States,Seattle,Washington,98103,West,FUR-FU-10004748,Furniture,Furnishings,"Howard Miller 16"" Diameter Gallery Wall Clock",191.82,3,0.0,74.8098
2206,CA-2013-164350,2013-11-09,,Second Class,CG-12040,Catherine Glotzbach,Home Office,United States,Bristol,Tennessee,37620,South,OFF-AR-10000538,Office Supplies,Art,"Boston Model 1800 Electric Pencil Sharpener, Gray",67.56,3,0.2,8.445
2214,CA-2014-129378,2014-02-10,2014-03-10,First Class,NS-18505,Neola Schneider,Consumer,United States,San Jose,California,95123,West,OFF-BI-10002012,Office Supplies,Binders,Wilson Jones Easy Flow II Sheet Lifters,1.44,1,0.2,0.504
2215,CA-2014-129378,2014-02-10,2014-03-10,First Class,NS-18505,Neola Schneider,Consumer,United States,San Jose,California,95123,West,OFF-BI-10001922,Office Supplies,Binders,Storex Dura Pro Binders,61.776,13,0.2,20.8494
2216,CA-2014-129378,2014-02-10,2014-03-10,First Class,NS-18505,Neola Schneider,Consumer,United States,San Jose,California,95123,West,OFF-AP-10000576,Office Supplies,Appliances,"Belkin 325VA UPS Surge Protector, 6'",241.96,2,0.0,60.49
2217,CA-2014-129378,2014-02-10,2014-03-10,First Class,NS-18505,Neola Schneider,Consumer,United States,San Jose,California,95123,West,FUR-CH-10000553,Furniture,Chairs,"Metal Folding Chairs, Beige, 4/Carton",108.608,4,0.2,9.5032
2222,CA-2012-131884,2012-06-12,2012-06-12,Same Day,DK-13375,Dennis Kane,Consumer,United States,Marion,Ohio,43302,East,TEC-PH-10001578,Technology,Phones,Polycom SoundStation2 EX Conference phone,485.94,2,0.4,-89.089
2223,CA-2012-131884,2012-06-12,2012-06-12,Same Day,DK-13375,Dennis Kane,Consumer,United States,Marion,Ohio,43302,East,OFF-AR-10004078,Office Supplies,Art,Newell 312,37.376,8,0.2,4.672
2224,CA-2012-131884,2012-06-12,2012-06-12,Same Day,DK-13375,Dennis Kane,Consumer,United States,Marion,Ohio,43302,East,FUR-CH-10004860,Furniture,Chairs,Global Low Back Tilter Chair,70.686,1,0.3,-24.2352
2225,CA-2014-121909,2014-01-08,2014-06-08,Standard Class,EA-14035,Erin Ashbrook,Corporate,United States,Philadelphia,Pennsylvania,19134,East,OFF-PA-10003790,Office Supplies,Paper,Xerox 1991,54.816,3,0.2,17.8152
2229,CA-2013-139157,2013-02-10,2013-06-10,Standard Class,GM-14680,Greg Matthias,Consumer,United States,New York City,New York,10024,East,FUR-TA-10003238,Furniture,Tables,"Chromcraft Bull-Nose Wood 48"" x 96"" Rectangular Conference Tables",330.588,1,0.4,-115.7058
2233,CA-2014-132122,2014-10-07,,Standard Class,JH-15820,John Huston,Consumer,United States,Chicago,Illinois,60610,Central,OFF-ST-10003692,Office Supplies,Storage,Recycled Steel Personal File for Hanging File Folders,228.92,5,0.2,14.3075
2235,CA-2014-104066,2014-06-12,2014-11-12,Standard Class,QJ-19255,Quincy Jones,Corporate,United States,Burlington,Vermont,5408,East,TEC-AC-10001013,Technology,Accessories,Logitech ClearChat Comfort/USB Headset H390,205.03,7,0.0,67.6599
2260,CA-2012-117611,2012-08-11,2012-10-11,Second Class,MZ-17335,Maria Zettner,Home Office,United States,San Diego,California,92024,West,OFF-FA-10002280,Office Supplies,Fasteners,Advantus Plastic Paper Clips,5.0,1,0.0,2.4
2261,CA-2012-117611,2012-08-11,2012-10-11,Second Class,MZ-17335,Maria Zettner,Home Office,United States,San Diego,California,92024,West,TEC-AC-10002049,Technology,Accessories,Logitech G19 Programmable Gaming Keyboard,371.97,3,0.0,66.9546
2263,CA-2014-122994,2014-07-02,2014-10-02,First Class,MV-17485,Mark Van Huff,Consumer,United States,Arlington,Virginia,22204,South,FUR-BO-10004015,Furniture,Bookcases,"Bush Andora Bookcase, Maple/Graphite Gray Finish",359.97,3,0.0,79.1934
2271,CA-2014-164917,2014-03-12,2014-08-12,Standard Class,MK-17905,Michael Kennedy,Corporate,United States,Miami,Florida,33180,South,OFF-AR-10004344,Office Supplies,Art,Bulldog Vacuum Base Pencil Sharpener,47.96,5,0.2,4.1965
2273,CA-2012-142944,2012-06-03,2012-11-03,Standard Class,JL-15850,John Lucas,Consumer,United States,San Francisco,California,94122,West,FUR-FU-10000308,Furniture,Furnishings,Deflect-o Glass Clear Studded Chair Mats,435.26,7,0.0,95.7572
2274,CA-2012-142944,2012-06-03,2012-11-03,Standard Class,JL-15850,John Lucas,Consumer,United States,San Francisco,California,94122,West,TEC-CO-10003763,Technology,Copiers,Canon PC1060 Personal Laser Copier,1119.984,2,0.2,377.9946
2275,CA-2011-157882,2011-03-10,2011-08-10,Second Class,AR-10405,Allen Rosenblatt,Corporate,United States,Los Angeles,California,90036,West,FUR-TA-10001866,Furniture,Tables,Bevis Round Conference Room Tables and Bases,143.432,1,0.2,3.5858
2276,CA-2011-157882,2011-03-10,2011-08-10,Second Class,AR-10405,Allen Rosenblatt,Corporate,United States,Los Angeles,California,90036,West,FUR-CH-10002774,Furniture,Chairs,"Global Deluxe Stacking Chair, Gray",122.352,3,0.2,13.7646
2283,CA-2013-132143,2013-04-09,2013-06-09,First Class,FM-14215,Filia McAdams,Corporate,United States,Middletown,Connecticut,6457,East,OFF-PA-10002713,Office Supplies,Paper,"Adams Phone Message Book, 200 Message Capacity, 8 1/16 x 11",48.16,7,0.0,22.1536
2284,CA-2012-153108,2012-05-03,2012-09-03,Standard Class,SF-20200,Sarah Foster,Consumer,United States,New Castle,Indiana,47362,Central,TEC-PH-10001552,Technology,Phones,I Need's 3d Hello Kitty Hybrid Silicone Case Cover for HTC One X 4g with 3d Hello Kitty Stylus Pen Green/pink,23.92,2,0.0,6.6976
2285,CA-2012-153108,2012-05-03,2012-09-03,Standard Class,SF-20200,Sarah Foster,Consumer,United States,New Castle,Indiana,47362,Central,OFF-AP-10002222,Office Supplies,Appliances,Staples,60.69,7,0.0,16.3863
2286,CA-2013-112676,2013-06-05,2013-09-05,First Class,PJ-18835,Patrick Jones,Corporate,United States,Murfreesboro,Tennessee,37130,South,OFF-PA-10003971,Office Supplies,Paper,Xerox 1965,14.352,3,0.2,5.2026
2288,US-2014-112928,2014-02-06,2014-06-06,Second Class,BB-10990,Barry Blumstein,Corporate,United States,Toledo,Ohio,43615,East,OFF-AP-10002287,Office Supplies,Appliances,"Eureka Sanitaire  Multi-Pro Heavy-Duty Upright, Disposable Bags",17.48,5,0.2,1.311
2289,CA-2014-143343,2014-11-06,,First Class,BW-11200,Ben Wallace,Consumer,United States,Los Angeles,California,90032,West,OFF-AR-10002375,Office Supplies,Art,Newell 351,16.4,5,0.0,4.756
2290,CA-2014-115154,2014-09-01,2014-12-01,First Class,RS-19420,Ricardo Sperren,Corporate,United States,Seattle,Washington,98115,West,FUR-TA-10001950,Furniture,Tables,Balt Solid Wood Round Tables,892.98,2,0.0,80.3682
2294,CA-2012-130995,2012-01-11,2012-06-11,Standard Class,QJ-19255,Quincy Jones,Corporate,United States,New York City,New York,10009,East,TEC-PH-10000347,Technology,Phones,Cush Cases Heavy Duty Rugged Cover Case for Samsung Galaxy S5 - Purple,4.95,1,0.0,1.3365
2296,CA-2012-113145,2012-01-11,2012-05-11,Standard Class,VD-21670,Valerie Dominguez,Consumer,United States,New York City,New York,10011,East,OFF-PA-10002659,Office Supplies,Paper,Avoid Verbal Orders Carbonless Minifold Book,13.52,4,0.0,6.2192
2297,CA-2012-113145,2012-01-11,2012-05-11,Standard Class,VD-21670,Valerie Dominguez,Consumer,United States,New York City,New York,10011,East,FUR-FU-10000965,Furniture,Furnishings,"Howard Miller 11-1/2"" Diameter Ridgewood Wall Clock",259.7,5,0.0,106.477
2298,CA-2012-113145,2012-01-11,2012-05-11,Standard Class,VD-21670,Valerie Dominguez,Consumer,United States,New York City,New York,10011,East,TEC-PH-10001527,Technology,Phones,Plantronics MX500i Earset,42.95,1,0.0,1.2885
2299,CA-2012-113145,2012-01-11,2012-05-11,Standard Class,VD-21670,Valerie Dominguez,Consumer,United States,New York City,New York,10011,East,TEC-AC-10001838,Technology,Accessories,Razer Tiamat Over Ear 7.1 Surround Sound PC Gaming Headset,1399.93,7,0.0,601.9699
2300,CA-2012-113145,2012-01-11,2012-05-11,Standard Class,VD-21670,Valerie Dominguez,Consumer,United States,New York City,New York,10011,East,TEC-PH-10002597,Technology,Phones,Xblue XB-1670-86 X16 Small Office Telephone - Titanium,503.96,4,0.0,125.99
2307,CA-2012-160794,2012-06-08,2012-08-08,First Class,MS-17980,Michael Stewart,Corporate,United States,Houston,Texas,77041,Central,OFF-PA-10004156,Office Supplies,Paper,Xerox 188,27.216,3,0.2,9.8658
2308,CA-2014-116225,2014-06-11,2014-10-11,Standard Class,SV-20935,Susan Vittorini,Consumer,United States,New York City,New York,10009,East,TEC-AC-10001432,Technology,Accessories,Enermax Aurora Lite Keyboard,390.75,5,0.0,171.93
2309,US-2014-120418,2014-12-06,,First Class,BC-11125,Becky Castell,Home Office,United States,Peoria,Arizona,85345,West,FUR-CH-10001394,Furniture,Chairs,Global Leather Executive Chair,280.792,1,0.2,35.099
2310,US-2014-120418,2014-12-06,,First Class,BC-11125,Becky Castell,Home Office,United States,Peoria,Arizona,85345,West,OFF-ST-10002370,Office Supplies,Storage,"Sortfiler Multipurpose Personal File Organizer, Black",68.448,4,0.2,7.7004
2311,US-2014-120418,2014-12-06,,First Class,BC-11125,Becky Castell,Home Office,United States,Peoria,Arizona,85345,West,OFF-AR-10002956,Office Supplies,Art,Boston 16801 Nautilus Battery Pencil Sharpener,88.04,5,0.2,6.603
2312,US-2014-120418,2014-12-06,,First Class,BC-11125,Becky Castell,Home Office,United States,Peoria,Arizona,85345,West,OFF-AR-10001955,Office Supplies,Art,Newell 319,15.872,1,0.2,1.984
2313,US-2014-120418,2014-12-06,,First Class,BC-11125,Becky Castell,Home Office,United States,Peoria,Arizona,85345,West,OFF-ST-10001809,Office Supplies,Storage,Fellowes Officeware Wire Shelving,215.592,3,0.2,-48.5082
2336,CA-2014-152695,2014-11-12,2014-11-12,Same Day,CC-12220,Chris Cortes,Consumer,United States,Fairfield,Connecticut,6824,East,OFF-EN-10004030,Office Supplies,Envelopes,Convenience Packs of Business Envelopes,10.86,3,0.0,5.1042
2337,CA-2014-152695,2014-11-12,2014-11-12,Same Day,CC-12220,Chris Cortes,Consumer,United States,Fairfield,Connecticut,6824,East,OFF-AP-10000026,Office Supplies,Appliances,Tripp Lite Isotel 6 Outlet Surge Protector with Fax/Modem Protection,426.79,7,0.0,123.7691
2341,CA-2013-137736,2013-11-11,,Standard Class,DC-13285,Debra Catini,Consumer,United States,Warner Robins,Georgia,31088,South,OFF-AR-10004999,Office Supplies,Art,Newell 315,41.86,7,0.0,10.465
2349,CA-2014-109701,2014-03-12,2014-04-12,Same Day,AM-10360,Alice McCarthy,Corporate,United States,Los Angeles,California,90032,West,OFF-BI-10004187,Office Supplies,Binders,Staples,9.024,6,0.2,3.1584
2350,CA-2014-109701,2014-03-12,2014-04-12,Same Day,AM-10360,Alice McCarthy,Corporate,United States,Los Angeles,California,90032,West,OFF-BI-10000632,Office Supplies,Binders,Satellite Sectional Post Binders,69.456,2,0.2,22.5732
2351,CA-2014-109701,2014-03-12,2014-04-12,Same Day,AM-10360,Alice McCarthy,Corporate,United States,Los Angeles,California,90032,West,OFF-PA-10003724,Office Supplies,Paper,"Wirebound Message Book, 4 per Page",10.86,2,0.0,5.3214
2352,CA-2014-109701,2014-03-12,2014-04-12,Same Day,AM-10360,Alice McCarthy,Corporate,United States,Los Angeles,California,90032,West,OFF-AP-10002765,Office Supplies,Appliances,Fellowes Advanced Computer Series Surge Protectors,79.47,3,0.0,22.2516
2353,CA-2014-109701,2014-03-12,2014-04-12,Same Day,AM-10360,Alice McCarthy,Corporate,United States,Los Angeles,California,90032,West,OFF-AR-10001868,Office Supplies,Art,Prang Dustless Chalk Sticks,10.08,6,0.0,5.04
2368,CA-2014-123659,2014-11-02,,First Class,MN-17935,Michael Nguyen,Consumer,United States,Clinton,Maryland,20735,East,OFF-PA-10002464,Office Supplies,Paper,HP Office Recycled Paper (20Lb. and 87 Bright),23.12,4,0.0,11.3288
2371,CA-2014-155152,2014-08-07,2014-10-07,Second Class,MP-17965,Michael Paige,Corporate,United States,Warwick,Rhode Island,2886,East,TEC-AC-10004353,Technology,Accessories,Hypercom P1300 Pinpad,252.0,4,0.0,93.24
2372,CA-2013-159940,2013-08-07,2013-12-07,Second Class,BF-11020,Barry Französisch,Corporate,United States,Aurora,Illinois,60505,Central,FUR-FU-10004973,Furniture,Furnishings,Flat Face Poster Frame,60.288,8,0.6,-27.1296
2373,CA-2013-159940,2013-08-07,2013-12-07,Second Class,BF-11020,Barry Französisch,Corporate,United States,Aurora,Illinois,60505,Central,OFF-FA-10000936,Office Supplies,Fasteners,Acco Hot Clips Clips to Go,2.632,1,0.2,0.8225
2374,CA-2013-159940,2013-08-07,2013-12-07,Second Class,BF-11020,Barry Französisch,Corporate,United States,Aurora,Illinois,60505,Central,OFF-PA-10001609,Office Supplies,Paper,Tops Wirebound Message Log Books,23.688,9,0.2,7.6986
2375,CA-2013-159940,2013-08-07,2013-12-07,Second Class,BF-11020,Barry Französisch,Corporate,United States,Aurora,Illinois,60505,Central,FUR-CH-10000785,Furniture,Chairs,Global Ergonomic Managers Chair,253.372,2,0.3,-14.4784
2379,CA-2012-148628,2012-06-12,2012-11-12,Standard Class,KM-16375,Katherine Murray,Home Office,United States,Thousand Oaks,California,91360,West,OFF-PA-10003883,Office Supplies,Paper,"Message Book, Phone, Wirebound Standard Line Memo, 2 3/4"" X 5""",32.75,5,0.0,15.065
2380,CA-2013-118052,2013-07-05,2013-11-05,Standard Class,BE-11455,Brad Eason,Home Office,United States,Lorain,Ohio,44052,East,OFF-FA-10004248,Office Supplies,Fasteners,Advantus T-Pin Paper Clips,7.216,2,0.2,1.7138
2381,CA-2013-118052,2013-07-05,2013-11-05,Standard Class,BE-11455,Brad Eason,Home Office,United States,Lorain,Ohio,44052,East,OFF-PA-10002581,Office Supplies,Paper,Xerox 1951,49.568,2,0.2,15.49
2382,CA-2013-118052,2013-07-05,2013-11-05,Standard Class,BE-11455,Brad Eason,Home Office,United States,Lorain,Ohio,44052,East,FUR-FU-10004848,Furniture,Furnishings,DAX Solid Wood Frames,54.712,7,0.2,11.6263
2388,CA-2012-145065,2012-12-12,,First Class,DK-13375,Dennis Kane,Consumer,United States,San Diego,California,92105,West,OFF-FA-10001229,Office Supplies,Fasteners,Staples,7.86,2,0.0,3.6156
2389,CA-2012-145065,2012-12-12,,First Class,DK-13375,Dennis Kane,Consumer,United States,San Diego,California,92105,West,OFF-BI-10002437,Office Supplies,Binders,Recycled Premium Regency Composition Covers,24.448,2,0.2,8.8624
2390,US-2012-127040,2012-06-12,2012-10-12,Standard Class,SG-20605,Speros Goranitis,Consumer,United States,New York City,New York,10009,East,OFF-PA-10004255,Office Supplies,Paper,Xerox 219,6.48,1,0.0,3.1104
2391,US-2012-127040,2012-06-12,2012-10-12,Standard Class,SG-20605,Speros Goranitis,Consumer,United States,New York City,New York,10009,East,OFF-PA-10001184,Office Supplies,Paper,Xerox 1903,41.86,7,0.0,20.5114
2392,US-2012-127040,2012-06-12,2012-10-12,Standard Class,SG-20605,Speros Goranitis,Consumer,United States,New York City,New York,10009,East,TEC-AC-10002637,Technology,Accessories,Logitech VX Revolution Cordless Laser Mouse for Notebooks (Black),1619.91,9,0.0,97.1946
2393,US-2012-127040,2012-06-12,2012-10-12,Standard Class,SG-20605,Speros Goranitis,Consumer,United States,New York City,New York,10009,East,FUR-FU-10002878,Furniture,Furnishings,"Seth Thomas 14"" Day/Date Wall Clock",113.92,4,0.0,42.1504
2400,CA-2014-147361,2014-10-09,,Standard Class,SB-20290,Sean Braxton,Corporate,United States,Florence,South Carolina,29501,South,OFF-ST-10001809,Office Supplies,Storage,Fellowes Officeware Wire Shelving,628.81,7,0.0,12.5762
2401,CA-2014-147361,2014-10-09,,Standard Class,SB-20290,Sean Braxton,Corporate,United States,Florence,South Carolina,29501,South,OFF-ST-10002214,Office Supplies,Storage,X-Rack File for Hanging Folders,56.45,5,0.0,14.677
2402,CA-2014-145877,2014-02-04,2014-05-04,Second Class,AS-10090,Adam Shillingsburg,Consumer,United States,Springfield,Missouri,65807,Central,OFF-ST-10000649,Office Supplies,Storage,Hanging Personal Folder File,94.2,6,0.0,23.55
2403,CA-2014-145877,2014-02-04,2014-05-04,Second Class,AS-10090,Adam Shillingsburg,Consumer,United States,Springfield,Missouri,65807,Central,OFF-EN-10001990,Office Supplies,Envelopes,Staples,28.4,5,0.0,13.348
2405,CA-2014-108574,2014-08-10,2014-12-10,Standard Class,MG-18145,Mike Gockenbach,Consumer,United States,Los Angeles,California,90045,West,TEC-AC-10002049,Technology,Accessories,Logitech G19 Programmable Gaming Keyboard,1115.91,9,0.0,200.8638
2406,CA-2014-108574,2014-08-10,2014-12-10,Standard Class,MG-18145,Mike Gockenbach,Consumer,United States,Los Angeles,California,90045,West,TEC-PH-10003555,Technology,Phones,Motorola HK250 Universal Bluetooth Headset,128.744,7,0.2,-28.9674
2407,CA-2014-108574,2014-08-10,2014-12-10,Standard Class,MG-18145,Mike Gockenbach,Consumer,United States,Los Angeles,California,90045,West,TEC-PH-10000702,Technology,Phones,"Square Credit Card Reader, 4 1/2"" x 4 1/2"" x 1"", White",79.92,10,0.2,26.973
2411,CA-2011-162684,2011-01-08,2011-06-08,Standard Class,AS-10630,Ann Steele,Home Office,United States,Philadelphia,Pennsylvania,19120,East,OFF-FA-10000992,Office Supplies,Fasteners,"Acco Clips to Go Binder Clips, 24 Clips in Two Sizes",5.68,2,0.2,1.917
2412,CA-2012-142041,2012-07-06,2012-09-06,Second Class,EM-13810,Eleni McCrary,Corporate,United States,Los Angeles,California,90036,West,OFF-BI-10004187,Office Supplies,Binders,Staples,7.52,5,0.2,2.632
2413,CA-2011-151295,2011-12-11,,Standard Class,JA-15970,Joseph Airdo,Consumer,United States,Los Angeles,California,90045,West,OFF-PA-10001947,Office Supplies,Paper,Xerox 1974,11.96,2,0.0,5.8604
2414,CA-2011-151295,2011-12-11,,Standard Class,JA-15970,Joseph Airdo,Consumer,United States,Los Angeles,California,90045,West,FUR-TA-10002356,Furniture,Tables,Bevis Boat-Shaped Conference Table,629.064,3,0.2,31.4532
2416,CA-2012-146087,2012-06-07,2012-11-07,Standard Class,PP-18955,Paul Prost,Home Office,United States,Holyoke,Massachusetts,1040,East,FUR-BO-10002824,Furniture,Bookcases,Bush Mission Pointe Library,301.96,2,0.0,60.392
2420,CA-2014-159597,2014-10-11,,Standard Class,MC-17590,Matt Collister,Corporate,United States,Coachella,California,92236,West,OFF-ST-10002289,Office Supplies,Storage,"Safco Wire Cube Shelving System, For Use as 4 or 5 14"" Cubes, Black",63.56,2,0.0,3.178
2421,CA-2014-159597,2014-10-11,,Standard Class,MC-17590,Matt Collister,Corporate,United States,Coachella,California,92236,West,TEC-AC-10004171,Technology,Accessories,Razer Kraken 7.1 Surround Sound Over Ear USB Gaming Headset,99.99,1,0.0,43.9956
2428,CA-2013-169922,2013-12-06,,Standard Class,MZ-17515,Mary Zewe,Corporate,United States,Arlington,Texas,76017,Central,OFF-BI-10003784,Office Supplies,Binders,Computer Printout Index Tabs,1.344,4,0.8,-2.1504
2429,CA-2013-169922,2013-12-06,,Standard Class,MZ-17515,Mary Zewe,Corporate,United States,Arlington,Texas,76017,Central,OFF-BI-10001617,Office Supplies,Binders,GBC Wire Binding Combs,8.272,4,0.8,-13.6488
2430,CA-2013-169922,2013-12-06,,Standard Class,MZ-17515,Mary Zewe,Corporate,United States,Arlington,Texas,76017,Central,FUR-FU-10004415,Furniture,Furnishings,"Stacking Tray, Side-Loading, Legal, Smoke",12.544,7,0.6,-9.0944
2437,CA-2014-140053,2014-04-07,2014-11-07,Standard Class,CA-12265,Christina Anderson,Consumer,United States,Farmington,New Mexico,87401,West,FUR-FU-10003708,Furniture,Furnishings,"Tenex Traditional Chairmats for Medium Pile Carpet, Standard Lip, 36"" x 48""",545.85,9,0.0,114.6285
2448,CA-2013-119165,2013-01-11,2013-07-11,Standard Class,BD-11320,Bill Donatelli,Consumer,United States,Philadelphia,Pennsylvania,19143,East,FUR-CH-10000988,Furniture,Chairs,Hon Olson Stacker Stools,492.835,5,0.3,-14.081
2450,CA-2013-140207,2013-06-11,2013-11-11,Standard Class,CS-12400,Christopher Schild,Home Office,United States,San Jose,California,95123,West,OFF-BI-10003963,Office Supplies,Binders,Cardinal Holdit Data Disk Pockets,29.12,5,0.2,9.828
2461,CA-2012-142419,2012-11-07,,Second Class,SC-20380,Shahid Collister,Consumer,United States,Seattle,Washington,98115,West,OFF-PA-10001763,Office Supplies,Paper,Xerox 1896,29.97,3,0.0,13.4865
2462,CA-2012-142419,2012-11-07,,Second Class,SC-20380,Shahid Collister,Consumer,United States,Seattle,Washington,98115,West,OFF-BI-10001597,Office Supplies,Binders,"Wilson Jones Ledger-Size, Piano-Hinge Binder, 2"", Blue",98.352,3,0.2,34.4232
2463,CA-2014-148691,2014-04-12,2014-10-12,Standard Class,CS-12460,Chuck Sachs,Consumer,United States,New York City,New York,10009,East,OFF-BI-10001524,Office Supplies,Binders,GBC Premium Transparent Covers with Diagonal Lined Pattern,83.92,5,0.2,29.372
2464,CA-2014-148691,2014-04-12,2014-10-12,Standard Class,CS-12460,Chuck Sachs,Consumer,United States,New York City,New York,10009,East,OFF-BI-10001553,Office Supplies,Binders,SpineVue Locking Slant-D Ring Binders by Cardinal,14.624,2,0.2,5.1184
2465,CA-2014-148691,2014-04-12,2014-10-12,Standard Class,CS-12460,Chuck Sachs,Consumer,United States,New York City,New York,10009,East,TEC-PH-10000576,Technology,Phones,AT&T 1080 Corded phone,136.99,1,0.0,36.9873
2466,CA-2014-148691,2014-04-12,2014-10-12,Standard Class,CS-12460,Chuck Sachs,Consumer,United States,New York City,New York,10009,East,OFF-LA-10001317,Office Supplies,Labels,Avery 520,3.15,1,0.0,1.512
2467,CA-2014-128755,2014-05-05,2014-09-05,Standard Class,MK-18160,Mike Kennedy,Consumer,United States,Newport News,Virginia,23602,South,OFF-PA-10000726,Office Supplies,Paper,"Black Print Carbonless Snap-Off Rapid Letter, 8 1/2"" x 7""",9.11,1,0.0,4.0995
2468,CA-2014-128755,2014-05-05,2014-09-05,Standard Class,MK-18160,Mike Kennedy,Consumer,United States,Newport News,Virginia,23602,South,OFF-ST-10003306,Office Supplies,Storage,Letter Size Cart,571.44,4,0.0,165.7176
2469,CA-2014-128755,2014-05-05,2014-09-05,Standard Class,MK-18160,Mike Kennedy,Consumer,United States,Newport News,Virginia,23602,South,OFF-PA-10004983,Office Supplies,Paper,Xerox 23,32.4,5,0.0,15.552
2470,CA-2014-128755,2014-05-05,2014-09-05,Standard Class,MK-18160,Mike Kennedy,Consumer,United States,Newport News,Virginia,23602,South,OFF-ST-10001291,Office Supplies,Storage,"Tenex Personal Self-Stacking Standard File Box, Black/Gray",16.91,1,0.0,4.5657
2474,CA-2013-114972,2013-04-11,2013-07-11,First Class,PF-19225,Phillip Flathmann,Consumer,United States,Los Angeles,California,90032,West,FUR-CH-10001190,Furniture,Chairs,Global Deluxe High-Back Office Chair in Storm,217.584,2,0.2,-29.9178
2475,CA-2013-114972,2013-04-11,2013-07-11,First Class,PF-19225,Phillip Flathmann,Consumer,United States,Los Angeles,California,90032,West,TEC-AC-10000682,Technology,Accessories,Kensington K72356US Mouse-in-a-Box USB Desktop Mouse,82.95,5,0.0,29.0325
2476,CA-2013-114972,2013-04-11,2013-07-11,First Class,PF-19225,Phillip Flathmann,Consumer,United States,Los Angeles,California,90032,West,OFF-LA-10004545,Office Supplies,Labels,Avery 50,87.71,7,0.0,41.2237
2477,CA-2013-114972,2013-04-11,2013-07-11,First Class,PF-19225,Phillip Flathmann,Consumer,United States,Los Angeles,California,90032,West,OFF-AP-10003057,Office Supplies,Appliances,Honeywell Enviracaire Portable HEPA Air Cleaner for 16' x 20' Room,1101.48,4,0.0,429.5772
2478,CA-2014-102750,2014-05-09,2014-09-09,Second Class,GM-14695,Greg Maxwell,Corporate,United States,Los Angeles,California,90036,West,FUR-TA-10000198,Furniture,Tables,Chromcraft Bull-Nose Wood Oval Conference Tables & Bases,1322.352,3,0.2,-99.1764
2487,CA-2012-104514,2012-02-01,2012-04-01,Second Class,CB-12535,Claudia Bergmann,Corporate,United States,Newark,Delaware,19711,East,OFF-ST-10001837,Office Supplies,Storage,"SAFCO Mobile Desk Side File, Wire Frame",85.52,2,0.0,22.2352
2488,CA-2012-104514,2012-02-01,2012-04-01,Second Class,CB-12535,Claudia Bergmann,Corporate,United States,Newark,Delaware,19711,East,OFF-AR-10001473,Office Supplies,Art,Newell 313,9.84,3,0.0,2.6568
2489,CA-2012-104514,2012-02-01,2012-04-01,Second Class,CB-12535,Claudia Bergmann,Corporate,United States,Newark,Delaware,19711,East,OFF-PA-10004285,Office Supplies,Paper,Xerox 1959,20.04,3,0.0,9.6192
2490,CA-2012-141040,2012-09-10,,Second Class,TB-21250,Tim Brockman,Consumer,United States,New York City,New York,10024,East,TEC-PH-10001835,Technology,Phones,Jawbone JAMBOX Wireless Bluetooth Speaker,631.96,4,0.0,303.3408
2491,CA-2012-141040,2012-09-10,,Second Class,TB-21250,Tim Brockman,Consumer,United States,New York City,New York,10024,East,OFF-PA-10002245,Office Supplies,Paper,Xerox 1895,23.92,4,0.0,10.764
2494,CA-2013-146206,2013-11-09,,Second Class,KT-16480,Kean Thornton,Consumer,United States,Houston,Texas,77095,Central,FUR-TA-10004086,Furniture,Tables,KI Adjustable-Height Table,300.93,5,0.3,-34.392
2495,CA-2013-146206,2013-11-09,,Second Class,KT-16480,Kean Thornton,Consumer,United States,Houston,Texas,77095,Central,TEC-PH-10000895,Technology,Phones,Polycom VVX 310 VoIP phone,719.96,5,0.2,53.997
2508,CA-2012-120397,2012-02-07,2012-02-07,Same Day,RB-19435,Richard Bierner,Consumer,United States,Houston,Texas,77070,Central,OFF-AP-10001293,Office Supplies,Appliances,Belkin 8 Outlet Surge Protector,32.784,4,0.8,-85.2384
2509,CA-2014-163902,2014-03-03,2014-09-03,Standard Class,MY-17380,Maribeth Yedwab,Corporate,United States,Los Angeles,California,90045,West,TEC-PH-10000675,Technology,Phones,Panasonic KX TS3282B Corded phone,196.776,3,0.2,14.7582
2510,CA-2014-163902,2014-03-03,2014-09-03,Standard Class,MY-17380,Maribeth Yedwab,Corporate,United States,Los Angeles,California,90045,West,TEC-AC-10000580,Technology,Accessories,Logitech G13 Programmable Gameboard with LCD Display,479.94,6,0.0,52.7934
2513,CA-2014-155089,2014-03-12,2014-07-12,Standard Class,DB-12910,Daniel Byrd,Home Office,United States,Tampa,Florida,33614,South,OFF-BI-10002429,Office Supplies,Binders,"Premier Elliptical Ring Binder, Black",45.66,5,0.7,-33.484
2514,CA-2013-124506,2013-12-11,,Standard Class,BB-11545,Brenda Bowman,Corporate,United States,Chicago,Illinois,60623,Central,TEC-AC-10003280,Technology,Accessories,Belkin F8E887 USB Wired Ergonomic Keyboard,95.968,4,0.2,1.1996
2515,CA-2013-124506,2013-12-11,,Standard Class,BB-11545,Brenda Bowman,Corporate,United States,Chicago,Illinois,60623,Central,FUR-CH-10004540,Furniture,Chairs,Global Chrome Stack Chair,47.992,2,0.3,-2.0568
2516,CA-2011-106572,2011-05-09,2011-10-09,Standard Class,NP-18700,Nora Preis,Consumer,United States,Bowling Green,Ohio,43402,East,OFF-ST-10000585,Office Supplies,Storage,Economy Rollaway Files,264.32,2,0.2,19.824
2518,CA-2014-123134,2014-03-05,2014-08-05,Standard Class,DW-13585,Dorothy Wardle,Corporate,United States,Westfield,New Jersey,7090,East,FUR-FU-10003975,Furniture,Furnishings,Eldon Advantage Chair Mats for Low to Medium Pile Carpets,129.93,3,0.0,12.993
2525,CA-2012-124541,2012-06-04,2012-10-04,Standard Class,TT-21220,Thomas Thornton,Consumer,United States,Houston,Texas,77041,Central,OFF-AR-10004078,Office Supplies,Art,Newell 312,42.048,9,0.2,5.256
2526,CA-2012-124541,2012-06-04,2012-10-04,Standard Class,TT-21220,Thomas Thornton,Consumer,United States,Houston,Texas,77041,Central,TEC-AC-10002550,Technology,Accessories,Maxell 4.7GB DVD-RW 3/Pack,25.488,2,0.2,4.4604
2527,CA-2012-124541,2012-06-04,2012-10-04,Standard Class,TT-21220,Thomas Thornton,Consumer,United States,Houston,Texas,77041,Central,OFF-BI-10004965,Office Supplies,Binders,Ibico Covers for Plastic or Wire Binding Elements,6.9,3,0.8,-12.075
2528,CA-2012-124541,2012-06-04,2012-10-04,Standard Class,TT-21220,Thomas Thornton,Consumer,United States,Houston,Texas,77041,Central,OFF-BI-10004209,Office Supplies,Binders,"Fellowes Twister Kit, Gray/Clear, 3/pkg",9.648,6,0.8,-16.884
2529,CA-2012-124541,2012-06-04,2012-10-04,Standard Class,TT-21220,Thomas Thornton,Consumer,United States,Houston,Texas,77041,Central,OFF-PA-10001526,Office Supplies,Paper,Xerox 1949,7.968,2,0.2,2.8884
2536,CA-2012-143238,2012-06-09,2012-08-09,First Class,LO-17170,Lori Olson,Corporate,United States,La Quinta,California,92253,West,TEC-AC-10003499,Technology,Accessories,Memorex Mini Travel Drive 8 GB USB 2.0 Flash Drive,46.32,4,0.0,18.0648
2542,CA-2013-144792,2013-01-05,2013-05-05,Standard Class,KD-16615,Ken Dana,Corporate,United States,Scottsdale,Arizona,85254,West,FUR-FU-10002759,Furniture,Furnishings,12-1/2 Diameter Round Wall Clock,111.888,7,0.2,22.3776
2544,US-2013-114174,2013-09-09,,Standard Class,AP-10720,Anne Pryor,Home Office,United States,Malden,Massachusetts,2148,East,FUR-BO-10003450,Furniture,Bookcases,"Bush Westfield Collection Bookcases, Dark Cherry Finish",173.94,3,0.0,13.9152
2545,US-2013-114174,2013-09-09,,Standard Class,AP-10720,Anne Pryor,Home Office,United States,Malden,Massachusetts,2148,East,OFF-LA-10000248,Office Supplies,Labels,Avery 52,14.76,4,0.0,6.9372
2557,US-2013-126844,2013-09-10,,Standard Class,BW-11110,Bart Watters,Corporate,United States,Houston,Texas,77070,Central,FUR-FU-10004909,Furniture,Furnishings,Contemporary Wood/Metal Frame,51.712,8,0.6,-32.32
2567,CA-2014-123967,2014-02-11,2014-04-11,Second Class,SF-20200,Sarah Foster,Consumer,United States,Bellingham,Washington,98226,West,OFF-BI-10001308,Office Supplies,Binders,GBC Standard Plastic Binding Systems' Combs,25.12,5,0.2,7.85
2568,CA-2014-123967,2014-02-11,2014-04-11,Second Class,SF-20200,Sarah Foster,Consumer,United States,Bellingham,Washington,98226,West,FUR-TA-10003954,Furniture,Tables,Hon 94000 Series Round Tables,2665.62,9,0.0,239.9058
2569,CA-2014-148929,2014-08-09,2014-12-09,Standard Class,SP-20620,Stefania Perrino,Corporate,United States,New York City,New York,10011,East,OFF-ST-10003282,Office Supplies,Storage,"Advantus 10-Drawer Portable Organizer, Chrome Metal Frame, Smoke Drawers",478.08,8,0.0,133.8624
2574,CA-2014-145128,2014-10-07,,Standard Class,SM-20320,Sean Miller,Home Office,United States,Lafayette,Indiana,47905,Central,FUR-FU-10000293,Furniture,Furnishings,Eldon Antistatic Chair Mats for Low to Medium Pile Carpets,526.45,5,0.0,31.587
2586,CA-2012-121041,2012-03-11,2012-10-11,Standard Class,CS-12250,Chris Selesnick,Corporate,United States,Haltom City,Texas,76117,Central,OFF-EN-10001137,Office Supplies,Envelopes,"#10 Gummed Flap White Envelopes, 100/Box",6.608,2,0.2,2.1476
2587,CA-2014-131695,2014-01-07,2014-07-07,Standard Class,RA-19285,Ralph Arnett,Consumer,United States,New York City,New York,10024,East,OFF-ST-10001476,Office Supplies,Storage,Steel Personal Filing/Posting Tote,248.57,7,0.0,67.1139
2588,CA-2014-131695,2014-01-07,2014-07-07,Standard Class,RA-19285,Ralph Arnett,Consumer,United States,New York City,New York,10024,East,FUR-FU-10002045,Furniture,Furnishings,"Executive Impressions 14""",22.23,1,0.0,9.7812
2589,CA-2013-137729,2013-06-05,2013-10-05,Standard Class,BF-11005,Barry Franz,Home Office,United States,Los Angeles,California,90004,West,OFF-ST-10001505,Office Supplies,Storage,"Perma STOR-ALL Hanging File Box, 13 1/8""W x 12 1/4""D x 10 1/2""H",5.98,1,0.0,1.0166
2590,CA-2013-137729,2013-06-05,2013-10-05,Standard Class,BF-11005,Barry Franz,Home Office,United States,Los Angeles,California,90004,West,TEC-PH-10001433,Technology,Phones,Cisco Small Business SPA 502G VoIP phone,246.168,3,0.2,21.5397
2591,US-2013-115455,2013-09-09,,Standard Class,SE-20110,Sanjit Engle,Consumer,United States,Wheeling,Illinois,60090,Central,FUR-FU-10004671,Furniture,Furnishings,"Executive Impressions 12"" Wall Clock",14.136,2,0.6,-7.7748
2592,US-2013-115455,2013-09-09,,Standard Class,SE-20110,Sanjit Engle,Consumer,United States,Wheeling,Illinois,60090,Central,FUR-TA-10003569,Furniture,Tables,Bretford CR8500 Series Meeting Room Furniture,601.47,3,0.5,-300.735
2602,CA-2013-165848,2013-05-06,2013-05-06,Same Day,EN-13780,Edward Nazzal,Consumer,United States,New York City,New York,10035,East,OFF-PA-10000349,Office Supplies,Paper,Staples,14.94,3,0.0,7.0218
2603,CA-2013-165848,2013-05-06,2013-05-06,Same Day,EN-13780,Edward Nazzal,Consumer,United States,New York City,New York,10035,East,TEC-MA-10003356,Technology,Machines,Panasonic KX MC6040 Color Laser Multifunction Printer,1349.85,3,0.0,364.4595
2604,CA-2013-165848,2013-05-06,2013-05-06,Same Day,EN-13780,Edward Nazzal,Consumer,United States,New York City,New York,10035,East,FUR-BO-10000362,Furniture,Bookcases,Sauder Inglewood Library Bookcases,136.784,1,0.2,5.1294
2605,CA-2013-165848,2013-05-06,2013-05-06,Same Day,EN-13780,Edward Nazzal,Consumer,United States,New York City,New York,10035,East,FUR-FU-10003878,Furniture,Furnishings,"Linden 10"" Round Wall Clock, Black",61.12,4,0.0,20.7808
2607,CA-2013-154053,2013-05-03,2013-11-03,Standard Class,MG-17890,Michael Granlund,Home Office,United States,San Diego,California,92024,West,OFF-AR-10003727,Office Supplies,Art,Berol Giant Pencil Sharpener,16.99,1,0.0,4.9271
2617,CA-2014-147942,2014-02-04,2014-06-04,Standard Class,MS-17365,Maribeth Schnelling,Consumer,United States,San Francisco,California,94110,West,OFF-LA-10003663,Office Supplies,Labels,Avery 498,5.78,2,0.0,2.7166
2618,CA-2014-147942,2014-02-04,2014-06-04,Standard Class,MS-17365,Maribeth Schnelling,Consumer,United States,San Francisco,California,94110,West,OFF-BI-10001294,Office Supplies,Binders,Fellowes Binding Cases,121.68,13,0.2,38.025
2623,CA-2011-164861,2011-03-12,2011-06-12,Second Class,MC-17635,Matthew Clasen,Corporate,United States,Saint Louis,Missouri,63116,Central,OFF-PA-10001972,Office Supplies,Paper,Xerox 214,25.92,4,0.0,12.4416
2631,CA-2012-168186,2012-10-09,,Standard Class,AB-10150,Aimee Bixby,Consumer,United States,Tulsa,Oklahoma,74133,Central,OFF-PA-10000477,Office Supplies,Paper,Xerox 1952,14.94,3,0.0,7.0218
2635,CA-2012-116750,2012-05-07,2012-10-07,Second Class,BF-10975,Barbara Fisher,Corporate,United States,Fayetteville,North Carolina,28314,South,FUR-FU-10003829,Furniture,Furnishings,Stackable Trays,4.928,2,0.2,0.7392
2636,CA-2012-116750,2012-05-07,2012-10-07,Second Class,BF-10975,Barbara Fisher,Corporate,United States,Fayetteville,North Carolina,28314,South,OFF-BI-10004728,Office Supplies,Binders,Wilson Jones Turn Tabs Binder Tool for Ring Binders,7.23,5,0.7,-5.784
2646,CA-2011-131002,2011-07-09,2011-12-09,Second Class,TB-21400,Tom Boeckenhauer,Consumer,United States,Tulsa,Oklahoma,74133,Central,FUR-FU-10004270,Furniture,Furnishings,"Executive Impressions 13"" Clairmont Wall Clock",57.69,3,0.0,23.6529
2647,CA-2011-131002,2011-07-09,2011-12-09,Second Class,TB-21400,Tom Boeckenhauer,Consumer,United States,Tulsa,Oklahoma,74133,Central,OFF-BI-10000948,Office Supplies,Binders,"GBC Laser Imprintable Binding System Covers, Desert Sand",42.81,3,0.0,20.1207
2648,CA-2011-131002,2011-07-09,2011-12-09,Second Class,TB-21400,Tom Boeckenhauer,Consumer,United States,Tulsa,Oklahoma,74133,Central,OFF-PA-10000223,Office Supplies,Paper,Xerox 2000,12.96,2,0.0,6.2208
2649,CA-2011-131002,2011-07-09,2011-12-09,Second Class,TB-21400,Tom Boeckenhauer,Consumer,United States,Tulsa,Oklahoma,74133,Central,FUR-FU-10004665,Furniture,Furnishings,"3M Polarizing Task Lamp with Clamp Arm, Light Gray",821.88,6,0.0,213.6888
2650,CA-2011-131002,2011-07-09,2011-12-09,Second Class,TB-21400,Tom Boeckenhauer,Consumer,United States,Tulsa,Oklahoma,74133,Central,TEC-PH-10000215,Technology,Phones,Plantronics Cordless Phone Headset with In-line Volume - M214C,104.85,3,0.0,28.3095
2664,CA-2013-164784,2013-02-05,2013-05-05,First Class,HF-14995,Herbert Flentye,Consumer,United States,Memphis,Tennessee,38109,South,OFF-LA-10001569,Office Supplies,Labels,Avery 499,3.984,1,0.2,1.2948
2665,CA-2013-164784,2013-02-05,2013-05-05,First Class,HF-14995,Herbert Flentye,Consumer,United States,Memphis,Tennessee,38109,South,FUR-TA-10004534,Furniture,Tables,Bevis 44 x 96 Conference Tables,370.62,3,0.4,-142.071
2666,CA-2013-164784,2013-02-05,2013-05-05,First Class,HF-14995,Herbert Flentye,Consumer,United States,Memphis,Tennessee,38109,South,OFF-BI-10002954,Office Supplies,Binders,Newell 3-Hole Punched Plastic Slotted Magazine Holders for Binders,2.742,2,0.7,-2.0108
2667,CA-2013-111794,2013-02-10,2013-02-10,Same Day,HG-15025,Hunter Glantz,Consumer,United States,Amarillo,Texas,79109,Central,TEC-AC-10003832,Technology,Accessories,Imation 16GB Mini TravelDrive USB 2.0 Flash Drive,79.512,3,0.2,20.8719
2668,CA-2013-111794,2013-02-10,2013-02-10,Same Day,HG-15025,Hunter Glantz,Consumer,United States,Amarillo,Texas,79109,Central,OFF-PA-10000474,Office Supplies,Paper,Staples,28.352,1,0.2,9.5688
2671,CA-2011-126403,2011-09-09,2011-12-09,Second Class,RR-19525,Rick Reed,Corporate,United States,Lowell,Massachusetts,1852,East,OFF-PA-10001144,Office Supplies,Paper,Xerox 1913,166.44,3,0.0,79.8912
2672,CA-2011-126403,2011-09-09,2011-12-09,Second Class,RR-19525,Rick Reed,Corporate,United States,Lowell,Massachusetts,1852,East,FUR-CH-10003761,Furniture,Chairs,Global Italian Leather Office Chair,785.88,6,0.0,212.1876
2673,CA-2011-126403,2011-09-09,2011-12-09,Second Class,RR-19525,Rick Reed,Corporate,United States,Lowell,Massachusetts,1852,East,OFF-PA-10004665,Office Supplies,Paper,Advantus Motivational Note Cards,26.2,2,0.0,12.838
2674,CA-2011-126403,2011-09-09,2011-12-09,Second Class,RR-19525,Rick Reed,Corporate,United States,Lowell,Massachusetts,1852,East,OFF-ST-10000078,Office Supplies,Storage,Tennsco 6- and 18-Compartment Lockers,1325.85,5,0.0,238.653
2675,CA-2014-136875,2014-04-12,2014-04-12,Same Day,TC-21295,Toby Carlisle,Consumer,United States,San Diego,California,92024,West,OFF-PA-10000357,Office Supplies,Paper,Xerox 1888,166.44,3,0.0,79.8912
2686,CA-2013-133123,2013-07-09,2013-12-09,Standard Class,KB-16315,Karl Braun,Consumer,United States,Thomasville,North Carolina,27360,South,OFF-EN-10003055,Office Supplies,Envelopes,"Blue String-Tie & Button Interoffice Envelopes, 10 x 13",95.952,3,0.2,29.985
2687,CA-2013-133123,2013-07-09,2013-12-09,Standard Class,KB-16315,Karl Braun,Consumer,United States,Thomasville,North Carolina,27360,South,OFF-BI-10001031,Office Supplies,Binders,Pressboard Data Binders by Wilson Jones,3.204,2,0.7,-2.4564
2688,US-2013-128195,2013-05-08,2013-06-08,First Class,RA-19285,Ralph Arnett,Consumer,United States,Peoria,Illinois,61604,Central,OFF-BI-10002003,Office Supplies,Binders,Ibico Presentation Index for Binding Systems,3.98,5,0.8,-6.567
2689,CA-2012-153220,2012-12-11,,First Class,YC-21895,Yoseph Carroll,Corporate,United States,Los Angeles,California,90032,West,OFF-PA-10003016,Office Supplies,Paper,"Adams ""While You Were Out"" Message Pads",15.7,5,0.0,7.065
2691,CA-2014-156412,2014-05-12,2014-09-12,Standard Class,CM-12160,Charles McCrossin,Consumer,United States,Philadelphia,Pennsylvania,19134,East,OFF-BI-10004364,Office Supplies,Binders,Storex Dura Pro Binders,5.346,3,0.7,-4.455
2696,CA-2013-161662,2013-07-02,2013-09-02,First Class,BE-11410,Bobby Elias,Consumer,United States,Lancaster,Ohio,43130,East,OFF-PA-10003465,Office Supplies,Paper,Xerox 1912,30.352,2,0.2,10.6232
2705,CA-2014-156818,2014-12-07,,Second Class,JD-16015,Joy Daniels,Consumer,United States,New York City,New York,10009,East,TEC-AC-10002323,Technology,Accessories,SanDisk Ultra 32 GB MicroSDHC Class 10 Memory Card,132.6,6,0.0,17.238
2711,US-2012-120572,2012-11-12,,Standard Class,GH-14425,Gary Hwang,Consumer,United States,Jacksonville,Florida,32216,South,OFF-BI-10001098,Office Supplies,Binders,Acco D-Ring Binder w/DublLock,12.828,2,0.7,-8.9796
2712,CA-2014-132430,2014-10-10,2014-12-10,First Class,CP-12085,Cathy Prescott,Corporate,United States,Lakewood,Ohio,44107,East,FUR-FU-10003577,Furniture,Furnishings,Nu-Dell Leatherette Frames,45.888,4,0.2,9.1776
2715,CA-2012-103723,2012-01-12,2012-06-12,Standard Class,BT-11305,Beth Thompson,Home Office,United States,Seattle,Washington,98105,West,OFF-AR-10003251,Office Supplies,Art,Prang Drawing Pencil Set,13.9,5,0.0,5.56
2716,CA-2011-127187,2011-04-12,2011-08-12,Standard Class,CP-12085,Cathy Prescott,Corporate,United States,New York City,New York,10024,East,TEC-PH-10000673,Technology,Phones,Plantronics Voyager Pro HD - Bluetooth Headset,129.98,2,0.0,62.3904
2718,CA-2011-100006,2011-07-09,,Standard Class,DK-13375,Dennis Kane,Consumer,United States,New York City,New York,10024,East,TEC-PH-10002075,Technology,Phones,AT&T EL51110 DECT,377.97,3,0.0,109.6113
2720,CA-2011-110030,2011-06-12,2011-08-12,Second Class,LF-17185,Luke Foster,Consumer,United States,Houston,Texas,77095,Central,FUR-FU-10002759,Furniture,Furnishings,12-1/2 Diameter Round Wall Clock,23.976,3,0.6,-14.3856
2721,CA-2011-121286,2011-04-11,2011-08-11,Second Class,ON-18715,Odella Nelson,Corporate,United States,Cary,North Carolina,27511,South,OFF-FA-10000585,Office Supplies,Fasteners,OIC Bulk Pack Metal Binder Clips,8.376,3,0.2,2.7222
2722,CA-2011-121286,2011-04-11,2011-08-11,Second Class,ON-18715,Odella Nelson,Corporate,United States,Cary,North Carolina,27511,South,OFF-AP-10004859,Office Supplies,Appliances,Acco 6 Outlet Guardian Premium Surge Suppressor,58.24,5,0.2,5.096
2724,CA-2011-153479,2011-04-10,2011-08-10,Standard Class,DF-13135,David Flashing,Consumer,United States,Vallejo,California,94591,West,OFF-LA-10004689,Office Supplies,Labels,Avery 512,14.45,5,0.0,6.7915
2725,CA-2011-153479,2011-04-10,2011-08-10,Standard Class,DF-13135,David Flashing,Consumer,United States,Vallejo,California,94591,West,OFF-BI-10002867,Office Supplies,Binders,GBC Recycled Regency Composition Covers,95.648,2,0.2,31.0856
2726,CA-2014-149888,2014-08-11,,Standard Class,EP-13915,Emily Phan,Consumer,United States,Philadelphia,Pennsylvania,19120,East,TEC-PH-10003811,Technology,Phones,Jabra Supreme Plus Driver Edition Headset,359.97,5,0.4,-71.994
2727,CA-2014-149888,2014-08-11,,Standard Class,EP-13915,Emily Phan,Consumer,United States,Philadelphia,Pennsylvania,19120,East,FUR-TA-10000849,Furniture,Tables,Bevis Rectangular Conference Tables,350.352,4,0.4,-140.1408
2733,CA-2011-107594,2011-02-07,2011-06-07,Standard Class,EH-13945,Eric Hoffmann,Consumer,United States,Plainfield,New Jersey,7060,East,TEC-PH-10002923,Technology,Phones,"Logitech B530 USB Headset - headset - Full size, Binaural",73.98,2,0.0,19.9746
2734,CA-2011-107594,2011-02-07,2011-06-07,Standard Class,EH-13945,Eric Hoffmann,Consumer,United States,Plainfield,New Jersey,7060,East,OFF-AR-10000716,Office Supplies,Art,DIXON Ticonderoga Erasable Checking Pencils,5.58,1,0.0,2.1762
2743,CA-2011-149244,2011-04-11,2011-08-11,Standard Class,MS-17530,MaryBeth Skach,Consumer,United States,San Diego,California,92037,West,FUR-FU-10004671,Furniture,Furnishings,"Executive Impressions 12"" Wall Clock",35.34,2,0.0,13.4292
2746,CA-2014-163321,2014-08-08,2014-12-08,Second Class,FM-14380,Fred McMath,Consumer,United States,Jacksonville,North Carolina,28540,South,TEC-AC-10004571,Technology,Accessories,Logitech G700s Rechargeable Gaming Mouse,79.992,1,0.2,21.9978
2747,CA-2011-155887,2011-12-05,,Standard Class,KT-16480,Kean Thornton,Consumer,United States,Franklin,Massachusetts,2038,East,FUR-TA-10002228,Furniture,Tables,"Bevis Traditional Conference Table Top, Plinth Base",700.056,3,0.3,-130.0104
2749,CA-2012-110247,2012-04-12,2012-08-12,Standard Class,RH-19555,Ritsa Hightower,Consumer,United States,Tallahassee,Florida,32303,South,OFF-BI-10001553,Office Supplies,Binders,SpineVue Locking Slant-D Ring Binders by Cardinal,8.226,3,0.7,-6.0324
2750,US-2011-141257,2011-08-06,,Standard Class,CS-11950,Carlos Soltero,Consumer,United States,Seattle,Washington,98115,West,FUR-CH-10002758,Furniture,Chairs,"Hon Deluxe Fabric Upholstered Stacking Chairs, Squared Back",585.552,3,0.2,73.194
2751,CA-2011-154669,2011-08-08,2011-11-08,Second Class,TM-21010,Tamara Manning,Consumer,United States,Vacaville,California,95687,West,OFF-ST-10000532,Office Supplies,Storage,Advantus Rolling Drawer Organizers,423.28,11,0.0,110.0528
2758,CA-2013-127775,2013-12-06,,Second Class,ES-14020,Erica Smith,Consumer,United States,New York City,New York,10035,East,TEC-AC-10002402,Technology,Accessories,Razer Kraken PRO Over Ear PC and Music Headset,239.97,3,0.0,71.991
2759,CA-2013-146171,2013-12-03,,Standard Class,JP-16135,Julie Prescott,Home Office,United States,Columbus,Georgia,31907,South,FUR-FU-10004270,Furniture,Furnishings,"Executive Impressions 13"" Clairmont Wall Clock",76.92,4,0.0,31.5372
2760,CA-2013-146171,2013-12-03,,Standard Class,JP-16135,Julie Prescott,Home Office,United States,Columbus,Georgia,31907,South,OFF-ST-10001526,Office Supplies,Storage,Iceberg Mobile Mega Data/Printer Cart,481.32,4,0.0,125.1432
2769,US-2012-122140,2012-02-04,2012-07-04,Standard Class,MO-17950,Michael Oakman,Consumer,United States,Dallas,Texas,75220,Central,OFF-AP-10001242,Office Supplies,Appliances,APC 7 Outlet Network SurgeArrest Surge Protector,32.192,2,0.8,-80.48
2770,US-2012-122140,2012-02-04,2012-07-04,Standard Class,MO-17950,Michael Oakman,Consumer,United States,Dallas,Texas,75220,Central,TEC-AC-10003038,Technology,Accessories,Kingston Digital DataTraveler 16GB USB 2.0,50.12,7,0.2,-0.6265
2771,US-2012-122140,2012-02-04,2012-07-04,Standard Class,MO-17950,Michael Oakman,Consumer,United States,Dallas,Texas,75220,Central,TEC-AC-10003289,Technology,Accessories,Anker Ultra-Slim Mini Bluetooth 3.0 Wireless Keyboard,47.976,3,0.2,1.7991
2772,CA-2013-163986,2013-04-09,2013-11-09,Standard Class,JJ-15445,Jennifer Jackson,Consumer,United States,Waukesha,Wisconsin,53186,Central,OFF-ST-10000918,Office Supplies,Storage,Crate-A-Files,54.5,5,0.0,14.17
2773,CA-2014-158967,2014-11-12,,First Class,BT-11680,Brian Thompson,Consumer,United States,Fort Lauderdale,Florida,33311,South,FUR-FU-10001940,Furniture,Furnishings,Staples,19.104,3,0.2,5.7312
2775,CA-2014-143455,2014-12-11,,Standard Class,ML-17755,Max Ludwig,Home Office,United States,Springfield,Ohio,45503,East,OFF-PA-10004451,Office Supplies,Paper,Xerox 222,10.368,2,0.2,3.6288
2779,CA-2014-108322,2014-01-05,2014-06-05,Standard Class,SS-20140,Saphhira Shifley,Corporate,United States,Pompano Beach,Florida,33068,South,FUR-FU-10001935,Furniture,Furnishings,3M Hangers With Command Adhesive,23.68,8,0.2,6.216
2780,CA-2014-108322,2014-01-05,2014-06-05,Standard Class,SS-20140,Saphhira Shifley,Corporate,United States,Pompano Beach,Florida,33068,South,TEC-AC-10003433,Technology,Accessories,Maxell 4.7GB DVD+R 5/Pack,2.376,3,0.2,0.7425
2781,CA-2014-167668,2014-07-05,2014-09-05,First Class,TC-21295,Toby Carlisle,Consumer,United States,New York City,New York,10035,East,OFF-LA-10004544,Office Supplies,Labels,Avery 505,59.2,4,0.0,29.6
2783,CA-2013-139878,2013-12-11,,Standard Class,LD-17005,Lisa DeCherney,Consumer,United States,Detroit,Michigan,48234,Central,TEC-PH-10001336,Technology,Phones,Digium D40 VoIP phone,257.98,2,0.0,74.8142
2784,US-2013-106677,2013-06-11,2013-11-11,Standard Class,AS-10285,Alejandro Savely,Corporate,United States,Philadelphia,Pennsylvania,19134,East,TEC-PH-10003187,Technology,Phones,Anker Astro Mini 3000mAh Ultra-Compact Portable Charger,23.988,2,0.4,-15.992
2785,CA-2013-116974,2013-10-10,,Standard Class,MP-17965,Michael Paige,Corporate,United States,Troy,Ohio,45373,East,TEC-PH-10004897,Technology,Phones,Mediabridge Sport Armband iPhone 5s,23.976,4,0.4,-15.5844
2788,US-2011-117744,2011-02-12,2011-06-12,Standard Class,MD-17860,Michael Dominguez,Corporate,United States,Corpus Christi,Texas,78415,Central,FUR-FU-10001588,Furniture,Furnishings,"Deflect-o SuperTray Unbreakable Stackable Tray, Letter, Black",58.36,5,0.6,-24.803
2789,US-2011-117744,2011-02-12,2011-06-12,Standard Class,MD-17860,Michael Dominguez,Corporate,United States,Corpus Christi,Texas,78415,Central,OFF-AR-10000940,Office Supplies,Art,Newell 343,16.464,7,0.2,1.4406
2790,US-2011-117744,2011-02-12,2011-06-12,Standard Class,MD-17860,Michael Dominguez,Corporate,United States,Corpus Christi,Texas,78415,Central,FUR-FU-10002759,Furniture,Furnishings,12-1/2 Diameter Round Wall Clock,39.96,5,0.6,-23.976
2794,CA-2011-154599,2011-12-04,,Standard Class,KN-16450,Kean Nguyen,Corporate,United States,Redondo Beach,California,90278,West,TEC-PH-10001557,Technology,Phones,Pyle PMP37LED,1075.088,14,0.2,94.0702
2795,CA-2011-154599,2011-12-04,,Standard Class,KN-16450,Kean Nguyen,Corporate,United States,Redondo Beach,California,90278,West,TEC-PH-10000576,Technology,Phones,AT&T 1080 Corded phone,438.368,4,0.2,38.3572
2796,CA-2011-154599,2011-12-04,,Standard Class,KN-16450,Kean Nguyen,Corporate,United States,Redondo Beach,California,90278,West,OFF-BI-10002764,Office Supplies,Binders,Recycled Pressboard Report Cover with Reinforced Top Hinge,18.088,7,0.2,6.5569
2797,CA-2011-154599,2011-12-04,,Standard Class,KN-16450,Kean Nguyen,Corporate,United States,Redondo Beach,California,90278,West,FUR-BO-10001337,Furniture,Bookcases,O'Sullivan Living Dimensions 2-Shelf Bookcases,308.499,3,0.15,-18.147
2802,US-2012-110163,2012-01-11,2012-04-11,First Class,GA-14725,Guy Armstrong,Consumer,United States,Salem,Oregon,97301,West,OFF-AR-10001683,Office Supplies,Art,Lumber Crayons,7.88,1,0.2,1.773
2803,CA-2014-143329,2014-04-11,2014-09-11,Standard Class,DL-13330,Denise Leinenbach,Consumer,United States,Las Cruces,New Mexico,88001,West,FUR-FU-10000629,Furniture,Furnishings,9-3/4 Diameter Round Wall Clock,41.37,3,0.0,17.3754
2804,CA-2012-159380,2012-12-05,,Standard Class,CS-12505,Cindy Stewart,Consumer,United States,San Francisco,California,94122,West,OFF-PA-10003893,Office Supplies,Paper,Xerox 1962,12.84,3,0.0,5.778
2805,CA-2012-159380,2012-12-05,,Standard Class,CS-12505,Cindy Stewart,Consumer,United States,San Francisco,California,94122,West,OFF-PA-10004239,Office Supplies,Paper,Xerox 1953,25.68,6,0.0,11.556
2806,CA-2012-122623,2012-07-09,2012-11-09,Standard Class,CC-12145,Charles Crestani,Consumer,United States,El Paso,Texas,79907,Central,FUR-CH-10000553,Furniture,Chairs,"Metal Folding Chairs, Beige, 4/Carton",47.516,2,0.3,-2.0364
2816,CA-2012-104626,2012-01-09,2012-08-09,Standard Class,DR-12940,Daniel Raglin,Home Office,United States,Franklin,Massachusetts,2038,East,OFF-BI-10001510,Office Supplies,Binders,Deluxe Heavy-Duty Vinyl Round Ring Binder,114.6,5,0.0,51.57
2817,CA-2012-104626,2012-01-09,2012-08-09,Standard Class,DR-12940,Daniel Raglin,Home Office,United States,Franklin,Massachusetts,2038,East,FUR-CH-10003817,Furniture,Chairs,"Global Value Steno Chair, Gray",60.74,1,0.0,15.185
2818,CA-2012-104626,2012-01-09,2012-08-09,Standard Class,DR-12940,Daniel Raglin,Home Office,United States,Franklin,Massachusetts,2038,East,FUR-FU-10000308,Furniture,Furnishings,Deflect-o Glass Clear Studded Chair Mats,124.36,2,0.0,27.3592
2819,CA-2012-104626,2012-01-09,2012-08-09,Standard Class,DR-12940,Daniel Raglin,Home Office,United States,Franklin,Massachusetts,2038,East,OFF-ST-10003208,Office Supplies,Storage,Adjustable Depth Letter/Legal Cart,1088.76,6,0.0,315.7404
2820,CA-2013-160500,2013-06-05,2013-09-05,First Class,DM-13015,Darrin Martin,Consumer,United States,Encinitas,California,92024,West,OFF-BI-10003784,Office Supplies,Binders,Computer Printout Index Tabs,6.72,5,0.2,2.352
2821,CA-2013-160500,2013-06-05,2013-09-05,First Class,DM-13015,Darrin Martin,Consumer,United States,Encinitas,California,92024,West,FUR-TA-10003748,Furniture,Tables,Bevis 36 x 72 Conference Tables,298.776,3,0.2,7.4694
2822,CA-2014-100202,2014-01-01,2014-06-01,Standard Class,BD-11620,Brian DeCherney,Consumer,United States,Anaheim,California,92804,West,TEC-PH-10002563,Technology,Phones,Adtran 1202752G1,302.376,3,0.2,22.6782
2832,CA-2011-148915,2011-01-11,2011-05-11,Standard Class,ND-18370,Natalie DeCherney,Consumer,United States,Portland,Oregon,97206,West,OFF-ST-10001128,Office Supplies,Storage,"Carina Mini System Audio Rack, Model AR050B",443.92,5,0.2,-94.333
2833,CA-2011-148915,2011-01-11,2011-05-11,Standard Class,ND-18370,Natalie DeCherney,Consumer,United States,Portland,Oregon,97206,West,TEC-PH-10000673,Technology,Phones,Plantronics Voyager Pro HD - Bluetooth Headset,155.976,3,0.2,54.5916
2836,CA-2014-110842,2014-12-11,,Standard Class,GA-14725,Guy Armstrong,Consumer,United States,Los Angeles,California,90036,West,OFF-AP-10003971,Office Supplies,Appliances,Belkin 6 Outlet Metallic Surge Strip,10.89,1,0.0,2.8314
2837,CA-2014-110842,2014-12-11,,Standard Class,GA-14725,Guy Armstrong,Consumer,United States,Los Angeles,California,90036,West,OFF-PA-10000520,Office Supplies,Paper,Xerox 201,19.44,3,0.0,9.3312
2838,CA-2014-110842,2014-12-11,,Standard Class,GA-14725,Guy Armstrong,Consumer,United States,Los Angeles,California,90036,West,OFF-BI-10000977,Office Supplies,Binders,Ibico Plastic Spiral Binding Combs,121.6,5,0.2,39.52
2839,CA-2013-147368,2013-10-06,,First Class,TC-21295,Toby Carlisle,Consumer,United States,Tallahassee,Florida,32303,South,TEC-MA-10002178,Technology,Machines,Cisco CP-7937G Unified IP Conference Station Phone,695.7,2,0.5,-27.828
2840,US-2012-104185,2012-03-09,2012-08-09,Second Class,JB-15400,Jennifer Braxton,Corporate,United States,New York City,New York,10009,East,OFF-ST-10001526,Office Supplies,Storage,Iceberg Mobile Mega Data/Printer Cart,120.33,1,0.0,31.2858
2842,US-2014-135062,2014-01-09,2014-05-09,Second Class,RL-19615,Rob Lucas,Consumer,United States,Fayetteville,North Carolina,28314,South,OFF-PA-10000100,Office Supplies,Paper,Xerox 1945,229.544,7,0.2,83.2097
2847,CA-2014-152093,2014-11-09,,Standard Class,SN-20560,Skye Norling,Home Office,United States,Chicago,Illinois,60653,Central,OFF-BI-10003527,Office Supplies,Binders,Fellowes PB500 Electric Punch Plastic Comb Binding Machine with Manual Bind,762.594,3,0.8,-1143.891
2848,CA-2014-157854,2014-09-04,,Standard Class,DM-13345,Denise Monton,Corporate,United States,Roswell,Georgia,30076,South,FUR-FU-10003832,Furniture,Furnishings,"Eldon Expressions Punched Metal & Wood Desk Accessories, Black & Cherry",56.28,6,0.0,15.7584
2849,CA-2014-157854,2014-09-04,,Standard Class,DM-13345,Denise Monton,Corporate,United States,Roswell,Georgia,30076,South,OFF-BI-10001359,Office Supplies,Binders,GBC DocuBind TL300 Electric Binding System,2690.97,3,0.0,1264.7559
2851,US-2013-128293,2013-03-06,2013-06-06,First Class,KC-16255,Karen Carlisle,Corporate,United States,Philadelphia,Pennsylvania,19120,East,OFF-ST-10000736,Office Supplies,Storage,Carina Double Wide Media Storage Towers in Natural & Black,64.784,1,0.2,-12.9568
2868,CA-2013-115588,2013-11-11,,Second Class,AF-10885,Art Foster,Consumer,United States,Toledo,Ohio,43615,East,OFF-SU-10001225,Office Supplies,Supplies,Staples,14.72,5,0.2,-3.312
2869,CA-2013-115588,2013-11-11,,Second Class,AF-10885,Art Foster,Consumer,United States,Toledo,Ohio,43615,East,OFF-ST-10001558,Office Supplies,Storage,Acco Perma 4000 Stacking Storage Drawers,38.976,3,0.2,-2.436
2884,CA-2013-130799,2013-12-11,,Second Class,BK-11260,Berenike Kampe,Consumer,United States,San Francisco,California,94110,West,FUR-FU-10001852,Furniture,Furnishings,"Eldon Regeneration Recycled Desk Accessories, Smoke",6.96,4,0.0,2.2272
2890,CA-2014-164049,2014-03-11,2014-07-11,Standard Class,KH-16630,Ken Heidel,Corporate,United States,Seattle,Washington,98105,West,OFF-PA-10000791,Office Supplies,Paper,"Wirebound Message Books, Four 2 3/4 x 5 Forms per Page, 200 Sets per Book",23.85,5,0.0,10.7325
2898,US-2013-164630,2013-04-01,2013-09-01,Standard Class,EB-13975,Erica Bern,Corporate,United States,Charlotte,North Carolina,28205,South,TEC-CO-10000971,Technology,Copiers,Hewlett Packard 310 Color Digital Copier,959.968,4,0.2,119.996
2900,CA-2012-166464,2012-12-09,,Standard Class,PG-18895,Paul Gonzalez,Consumer,United States,New York City,New York,10035,East,TEC-CO-10000971,Technology,Copiers,Hewlett Packard 310 Color Digital Copier,479.984,2,0.2,59.998
2901,CA-2012-166464,2012-12-09,,Standard Class,PG-18895,Paul Gonzalez,Consumer,United States,New York City,New York,10035,East,OFF-LA-10001317,Office Supplies,Labels,Avery 520,12.6,4,0.0,6.048
2902,CA-2014-124898,2014-12-09,,Standard Class,DB-12910,Daniel Byrd,Home Office,United States,Columbus,Georgia,31907,South,OFF-PA-10003656,Office Supplies,Paper,Xerox 1935,184.66,7,0.0,84.9436
2907,CA-2014-121615,2014-04-11,2014-10-11,Standard Class,DL-12925,Daniel Lacy,Consumer,United States,Eagan,Minnesota,55122,Central,OFF-PA-10000327,Office Supplies,Paper,Xerox 1971,8.56,2,0.0,3.852
2908,CA-2014-121615,2014-04-11,2014-10-11,Standard Class,DL-12925,Daniel Lacy,Consumer,United States,Eagan,Minnesota,55122,Central,OFF-ST-10001325,Office Supplies,Storage,Sterilite Officeware Hinged File Box,52.4,5,0.0,14.148
2909,CA-2014-121615,2014-04-11,2014-10-11,Standard Class,DL-12925,Daniel Lacy,Consumer,United States,Eagan,Minnesota,55122,Central,OFF-LA-10001771,Office Supplies,Labels,Avery 513,14.94,3,0.0,6.8724
2911,CA-2012-118444,2012-05-11,2012-09-11,Standard Class,VD-21670,Valerie Dominguez,Consumer,United States,Coral Springs,Florida,33065,South,OFF-AP-10000576,Office Supplies,Appliances,"Belkin 325VA UPS Surge Protector, 6'",387.136,4,0.2,24.196
2915,CA-2012-134747,2012-12-10,,Second Class,DL-12925,Daniel Lacy,Consumer,United States,Noblesville,Indiana,46060,Central,TEC-PH-10002890,Technology,Phones,AT&T 17929 Lendline Telephone,135.72,3,0.0,35.2872
2916,CA-2012-134747,2012-12-10,,Second Class,DL-12925,Daniel Lacy,Consumer,United States,Noblesville,Indiana,46060,Central,OFF-BI-10001308,Office Supplies,Binders,GBC Standard Plastic Binding Systems' Combs,12.56,2,0.0,5.652
2917,CA-2012-134747,2012-12-10,,Second Class,DL-12925,Daniel Lacy,Consumer,United States,Noblesville,Indiana,46060,Central,TEC-PH-10001750,Technology,Phones,Samsung Rugby III,263.96,4,0.0,71.2692
2925,CA-2011-157721,2011-02-09,2011-05-09,First Class,JM-16195,Justin MacKendrick,Consumer,United States,Watertown,New York,13601,East,OFF-AP-10001303,Office Supplies,Appliances,"Holmes Cool Mist Humidifier for the Whole House with 8-Gallon Output per Day, Extended Life Filter",19.9,1,0.0,8.955
2926,CA-2011-157721,2011-02-09,2011-05-09,First Class,JM-16195,Justin MacKendrick,Consumer,United States,Watertown,New York,13601,East,FUR-FU-10002116,Furniture,Furnishings,"Tenex Carpeted, Granite-Look or Clear Contemporary Contour Shape Chair Mats",70.71,1,0.0,4.9497
2927,CA-2014-128629,2014-11-07,,Second Class,BP-11155,Becky Pak,Consumer,United States,Columbus,Georgia,31907,South,FUR-FU-10000771,Furniture,Furnishings,"Eldon 200 Class Desk Accessories, Smoke",18.84,3,0.0,7.9128
2928,CA-2014-158106,2014-05-06,2014-11-06,Standard Class,CT-11995,Carol Triggs,Consumer,United States,Apple Valley,Minnesota,55124,Central,OFF-AR-10002255,Office Supplies,Art,Newell 346,8.64,3,0.0,2.5056
2931,CA-2012-168564,2012-08-08,2012-08-08,Same Day,TT-21220,Thomas Thornton,Consumer,United States,San Francisco,California,94109,West,OFF-BI-10004970,Office Supplies,Binders,"ACCOHIDE 3-Ring Binder, Blue, 1""",6.608,2,0.2,2.2302
2932,CA-2012-168564,2012-08-08,2012-08-08,Same Day,TT-21220,Thomas Thornton,Consumer,United States,San Francisco,California,94109,West,OFF-BI-10002557,Office Supplies,Binders,Presstex Flexible Ring Binders,7.28,2,0.2,2.73
2933,CA-2012-168564,2012-08-08,2012-08-08,Same Day,TT-21220,Thomas Thornton,Consumer,United States,San Francisco,California,94109,West,FUR-CH-10000785,Furniture,Chairs,Global Ergonomic Managers Chair,144.784,1,0.2,10.8588
2934,US-2013-169040,2013-07-12,,Standard Class,GT-14710,Greg Tran,Consumer,United States,Seattle,Washington,98105,West,TEC-PH-10002310,Technology,Phones,Plantronics Calisto P620-M USB Wireless Speakerphone System,156.792,1,0.2,13.7193
2935,US-2013-169040,2013-07-12,,Standard Class,GT-14710,Greg Tran,Consumer,United States,Seattle,Washington,98105,West,TEC-PH-10002834,Technology,Phones,Google Nexus 5,431.976,3,0.2,26.9985
2936,US-2013-169040,2013-07-12,,Standard Class,GT-14710,Greg Tran,Consumer,United States,Seattle,Washington,98105,West,OFF-EN-10000927,Office Supplies,Envelopes,Jet-Pak Recycled Peel 'N' Seal Padded Mailers,35.89,1,0.0,16.1505
2937,US-2013-169040,2013-07-12,,Standard Class,GT-14710,Greg Tran,Consumer,United States,Seattle,Washington,98105,West,OFF-BI-10001636,Office Supplies,Binders,Ibico Plastic and Wire Spiral Binding Combs,47.208,7,0.2,15.3426
2938,US-2013-169040,2013-07-12,,Standard Class,GT-14710,Greg Tran,Consumer,United States,Seattle,Washington,98105,West,OFF-PA-10001736,Office Supplies,Paper,Xerox 1880,248.08,7,0.0,116.5976
2939,US-2013-169040,2013-07-12,,Standard Class,GT-14710,Greg Tran,Consumer,United States,Seattle,Washington,98105,West,OFF-PA-10000482,Office Supplies,Paper,"Snap-A-Way Black Print Carbonless Ruled Speed Letter, Triplicate",189.7,5,0.0,89.159
2940,US-2013-169040,2013-07-12,,Standard Class,GT-14710,Greg Tran,Consumer,United States,Seattle,Washington,98105,West,OFF-BI-10001658,Office Supplies,Binders,GBC Standard Therm-A-Bind Covers,59.808,3,0.2,19.4376
2946,CA-2013-166443,2013-05-11,2013-06-11,First Class,LH-17020,Lisa Hazard,Consumer,United States,San Francisco,California,94122,West,FUR-FU-10004020,Furniture,Furnishings,Advantus Panel Wall Acrylic Frame,38.29,7,0.0,16.4647
2958,CA-2014-168900,2014-05-05,2014-10-05,Standard Class,SH-20395,Shahid Hopkins,Consumer,United States,Springfield,Ohio,45503,East,OFF-BI-10003910,Office Supplies,Binders,DXL Angle-View Binders with Locking Rings by Samsill,2.313,1,0.7,-1.9275
2969,CA-2014-167941,2014-07-11,2014-10-11,Second Class,JF-15565,Jill Fjeld,Consumer,United States,Fayetteville,North Carolina,28314,South,OFF-AP-10002118,Office Supplies,Appliances,"1.7 Cubic Foot Compact ""Cube"" Office Refrigerators",499.584,3,0.2,43.7136
2970,CA-2014-167941,2014-07-11,2014-10-11,Second Class,JF-15565,Jill Fjeld,Consumer,United States,Fayetteville,North Carolina,28314,South,OFF-PA-10001800,Office Supplies,Paper,Xerox 220,31.104,6,0.2,10.8864
2971,CA-2014-167941,2014-07-11,2014-10-11,Second Class,JF-15565,Jill Fjeld,Consumer,United States,Fayetteville,North Carolina,28314,South,OFF-BI-10002827,Office Supplies,Binders,Avery Durable Poly Binders,13.272,8,0.7,-10.6176
2972,CA-2014-167941,2014-07-11,2014-10-11,Second Class,JF-15565,Jill Fjeld,Consumer,United States,Fayetteville,North Carolina,28314,South,FUR-FU-10004671,Furniture,Furnishings,"Executive Impressions 12"" Wall Clock",28.272,2,0.2,6.3612
2973,CA-2014-167941,2014-07-11,2014-10-11,Second Class,JF-15565,Jill Fjeld,Consumer,United States,Fayetteville,North Carolina,28314,South,OFF-ST-10000736,Office Supplies,Storage,Carina Double Wide Media Storage Towers in Natural & Black,259.136,4,0.2,-51.8272
2975,CA-2012-137512,2012-07-05,2012-12-05,Standard Class,AG-10675,Anna Gayman,Consumer,United States,Allen,Texas,75002,Central,FUR-TA-10001095,Furniture,Tables,Chromcraft Round Conference Tables,244.006,2,0.3,-31.3722
2976,CA-2012-137512,2012-07-05,2012-12-05,Standard Class,AG-10675,Anna Gayman,Consumer,United States,Allen,Texas,75002,Central,OFF-PA-10000213,Office Supplies,Paper,Xerox 198,15.936,4,0.2,5.3784
2977,CA-2014-139773,2014-05-12,2014-05-12,Same Day,DV-13045,Darrin Van Huff,Corporate,United States,Philadelphia,Pennsylvania,19143,East,FUR-CH-10001797,Furniture,Chairs,"Safco Chair Connectors, 6/Carton",188.552,7,0.3,-2.6936
2978,CA-2014-134607,2014-04-10,2014-09-10,Second Class,HL-15040,Hunter Lopez,Consumer,United States,Rochester,New York,14609,East,OFF-ST-10002214,Office Supplies,Storage,X-Rack File for Hanging Folders,22.58,2,0.0,5.8708
2980,CA-2012-139850,2012-12-06,,Standard Class,GB-14575,Giulietta Baptist,Consumer,United States,Philadelphia,Pennsylvania,19134,East,OFF-PA-10003848,Office Supplies,Paper,Xerox 1997,20.736,4,0.2,7.2576
2981,CA-2012-139850,2012-12-06,,Standard Class,GB-14575,Giulietta Baptist,Consumer,United States,Philadelphia,Pennsylvania,19134,East,FUR-FU-10003623,Furniture,Furnishings,"DataProducts Ampli Magnifier Task Lamp, Black,",43.296,2,0.2,4.3296
2982,CA-2011-131310,2011-12-07,,Standard Class,CL-12565,Clay Ludtke,Consumer,United States,Seattle,Washington,98115,West,FUR-CH-10001797,Furniture,Chairs,"Safco Chair Connectors, 6/Carton",123.136,4,0.2,13.8528
2983,CA-2011-131310,2011-12-07,,Standard Class,CL-12565,Clay Ludtke,Consumer,United States,Seattle,Washington,98115,West,OFF-BI-10003094,Office Supplies,Binders,Self-Adhesive Ring Binder Labels,11.264,4,0.2,3.8016
2984,US-2011-112872,2011-06-12,2011-11-12,Second Class,RC-19960,Ryan Crowe,Consumer,United States,Springfield,Oregon,97477,West,OFF-ST-10002205,Office Supplies,Storage,File Shuttle I and Handi-File,53.424,3,0.2,4.6746
2985,US-2011-112872,2011-06-12,2011-11-12,Second Class,RC-19960,Ryan Crowe,Consumer,United States,Springfield,Oregon,97477,West,FUR-TA-10003238,Furniture,Tables,"Chromcraft Bull-Nose Wood 48"" x 96"" Rectangular Conference Tables",275.49,1,0.5,-170.8038
2993,CA-2013-134376,2013-03-10,2013-07-10,Standard Class,TT-21265,Tim Taslimi,Corporate,United States,New York City,New York,10024,East,OFF-AP-10004532,Office Supplies,Appliances,Kensington 6 Outlet Guardian Standard Surge Protector,61.44,3,0.0,16.5888
2994,CA-2014-147291,2014-12-03,,Standard Class,MJ-17740,Max Jones,Consumer,United States,Detroit,Michigan,48227,Central,OFF-BI-10003091,Office Supplies,Binders,GBC DocuBind TL200 Manual Binding Machine,895.92,4,0.0,421.0824
2995,CA-2013-112893,2013-10-09,,Second Class,AT-10735,Annie Thurman,Consumer,United States,Stockton,California,95207,West,OFF-BI-10004654,Office Supplies,Binders,VariCap6 Expandable Binder,55.36,4,0.2,18.684
3003,CA-2012-130610,2012-05-07,2012-10-07,Standard Class,VP-21730,Victor Preis,Home Office,United States,Sterling Heights,Michigan,48310,Central,OFF-BI-10003655,Office Supplies,Binders,Durable Pressboard Binders,19.0,5,0.0,8.93
3005,CA-2013-131499,2013-09-09,2013-11-09,First Class,MG-17875,Michael Grace,Home Office,United States,New York City,New York,10011,East,OFF-AP-10003779,Office Supplies,Appliances,Kensington 7 Outlet MasterPiece Power Center with Fax/Phone Line Protection,207.48,1,0.0,62.244
3009,CA-2013-124772,2013-06-12,2013-07-12,First Class,JG-15160,James Galang,Consumer,United States,Murray,Kentucky,42071,South,FUR-FU-10004748,Furniture,Furnishings,"Howard Miller 16"" Diameter Gallery Wall Clock",191.82,3,0.0,74.8098
3020,CA-2012-123568,2012-08-11,,Standard Class,SC-20095,Sanjit Chand,Consumer,United States,West Jordan,Utah,84084,West,OFF-FA-10002701,Office Supplies,Fasteners,Alliance Rubber Bands,5.04,3,0.0,0.2016
3021,CA-2012-123568,2012-08-11,,Standard Class,SC-20095,Sanjit Chand,Consumer,United States,West Jordan,Utah,84084,West,OFF-PA-10001125,Office Supplies,Paper,Xerox 1988,92.94,3,0.0,41.823
3022,CA-2012-123568,2012-08-11,,Standard Class,SC-20095,Sanjit Chand,Consumer,United States,West Jordan,Utah,84084,West,FUR-FU-10004090,Furniture,Furnishings,"Executive Impressions 14"" Contract Wall Clock",66.69,3,0.0,22.0077
3023,CA-2012-123568,2012-08-11,,Standard Class,SC-20095,Sanjit Chand,Consumer,United States,West Jordan,Utah,84084,West,OFF-BI-10001510,Office Supplies,Binders,Deluxe Heavy-Duty Vinyl Round Ring Binder,91.68,5,0.2,28.65
3025,CA-2012-164441,2012-08-11,,Standard Class,AC-10450,Amy Cox,Consumer,United States,New York City,New York,10011,East,OFF-BI-10001922,Office Supplies,Binders,Storex Dura Pro Binders,52.272,11,0.2,17.6418
3026,CA-2012-164441,2012-08-11,,Standard Class,AC-10450,Amy Cox,Consumer,United States,New York City,New York,10011,East,OFF-PA-10001667,Office Supplies,Paper,Great White Multi-Use Recycled Paper (20Lb. and 84 Bright),17.94,3,0.0,8.073
3035,US-2012-123960,2012-11-06,,Standard Class,BD-11605,Brian Dahlen,Consumer,United States,Monroe,Louisiana,71203,South,TEC-AC-10003038,Technology,Accessories,Kingston Digital DataTraveler 16GB USB 2.0,53.7,6,0.0,10.203
3036,US-2012-123960,2012-11-06,,Standard Class,BD-11605,Brian Dahlen,Consumer,United States,Monroe,Louisiana,71203,South,OFF-BI-10002799,Office Supplies,Binders,"SlimView Poly Binder, 3/8""",36.26,7,0.0,16.6796
3037,US-2012-123960,2012-11-06,,Standard Class,BD-11605,Brian Dahlen,Consumer,United States,Monroe,Louisiana,71203,South,OFF-AR-10003582,Office Supplies,Art,"Boston Electric Pencil Sharpener, Model 1818, Charcoal Black",56.3,2,0.0,15.764
3038,US-2012-123960,2012-11-06,,Standard Class,BD-11605,Brian Dahlen,Consumer,United States,Monroe,Louisiana,71203,South,OFF-PA-10004451,Office Supplies,Paper,Xerox 222,32.4,5,0.0,15.552
3039,US-2012-123960,2012-11-06,,Standard Class,BD-11605,Brian Dahlen,Consumer,United States,Monroe,Louisiana,71203,South,FUR-FU-10004666,Furniture,Furnishings,DAX Clear Channel Poster Frame,29.16,2,0.0,10.7892
3040,CA-2014-101749,2014-04-10,2014-09-10,Standard Class,AS-10045,Aaron Smayling,Corporate,United States,Pasadena,California,91104,West,FUR-TA-10001520,Furniture,Tables,"Lesro Sheffield Collection Coffee Table, End Table, Center Table, Corner Table",171.288,3,0.2,-6.4233
3041,US-2013-147991,2013-06-05,2013-10-05,Standard Class,ZD-21925,Zuschuss Donatelli,Consumer,United States,Chattanooga,Tennessee,37421,South,FUR-FU-10004270,Furniture,Furnishings,"Eldon Image Series Desk Accessories, Burgundy",16.72,5,0.2,3.344
3042,CA-2014-149559,2014-12-09,,Same Day,KF-16285,Karen Ferguson,Home Office,United States,Long Beach,California,90805,West,OFF-PA-10003172,Office Supplies,Paper,Xerox 1996,12.96,2,0.0,6.2208
3043,CA-2014-149559,2014-12-09,,Same Day,KF-16285,Karen Ferguson,Home Office,United States,Long Beach,California,90805,West,OFF-EN-10002312,Office Supplies,Envelopes,#10 Self-Seal White Envelopes,22.18,2,0.0,10.8682
3044,CA-2014-149559,2014-12-09,,Same Day,KF-16285,Karen Ferguson,Home Office,United States,Long Beach,California,90805,West,FUR-CH-10002320,Furniture,Chairs,Hon Pagoda Stacking Chairs,2054.272,8,0.2,256.784
3046,CA-2014-125290,2014-07-11,2014-11-11,Second Class,CC-12430,Chuck Clark,Home Office,United States,Minneapolis,Minnesota,55407,Central,OFF-AR-10001216,Office Supplies,Art,Newell 339,13.9,5,0.0,3.614
3047,CA-2014-125290,2014-07-11,2014-11-11,Second Class,CC-12430,Chuck Clark,Home Office,United States,Minneapolis,Minnesota,55407,Central,OFF-PA-10003127,Office Supplies,Paper,Staples,26.38,1,0.0,12.1348
3049,CA-2014-121419,2014-03-04,2014-05-04,First Class,TC-21475,Tony Chapman,Home Office,United States,Columbus,Georgia,31907,South,FUR-TA-10004534,Furniture,Tables,Bevis 44 x 96 Conference Tables,411.8,2,0.0,70.006
3050,CA-2014-121419,2014-03-04,2014-05-04,First Class,TC-21475,Tony Chapman,Home Office,United States,Columbus,Georgia,31907,South,TEC-AC-10000892,Technology,Accessories,NETGEAR N750 Dual Band Wi-Fi Gigabit Router,360.0,4,0.0,129.6
3051,US-2014-148054,2014-07-10,2014-12-10,Standard Class,NZ-18565,Nick Zandusky,Home Office,United States,Meridian,Idaho,83642,West,FUR-FU-10003247,Furniture,Furnishings,36X48 HARDFLOOR CHAIRMAT,41.96,2,0.0,2.9372
3052,US-2014-148054,2014-07-10,2014-12-10,Standard Class,NZ-18565,Nick Zandusky,Home Office,United States,Meridian,Idaho,83642,West,OFF-AP-10004336,Office Supplies,Appliances,"Conquest 14 Commercial Heavy-Duty Upright Vacuum, Collection System, Accessory Kit",227.84,4,0.0,66.0736
3053,US-2014-148054,2014-07-10,2014-12-10,Standard Class,NZ-18565,Nick Zandusky,Home Office,United States,Meridian,Idaho,83642,West,OFF-PA-10001295,Office Supplies,Paper,Computer Printout Paper with Letter-Trim Perforations,37.94,2,0.0,18.2112
3054,CA-2013-128517,2013-10-04,,Second Class,SW-20350,Sean Wendt,Home Office,United States,Detroit,Michigan,48227,Central,TEC-PH-10002555,Technology,Phones,Nortel Meridian M5316 Digital phone,517.9,2,0.0,134.654
3055,CA-2013-128517,2013-10-04,,Second Class,SW-20350,Sean Wendt,Home Office,United States,Detroit,Michigan,48227,Central,OFF-BI-10000831,Office Supplies,Binders,Storex Flexible Poly Binders with Double Pockets,5.28,2,0.0,2.4288
3061,CA-2013-144554,2013-08-11,,Standard Class,DM-13345,Denise Monton,Corporate,United States,Newark,Ohio,43055,East,TEC-AC-10002800,Technology,Accessories,Plantronics Audio 478 Stereo USB Headset,119.976,3,0.2,22.4955
3062,CA-2014-127621,2014-04-03,2014-08-03,Standard Class,RE-19450,Richard Eichhorn,Consumer,United States,Dallas,Texas,75081,Central,OFF-PA-10001307,Office Supplies,Paper,"Important Message Pads, 50 4-1/4 x 5-1/2 Forms per Pad",26.88,8,0.2,9.744
3070,US-2014-120089,2014-01-12,2014-01-12,Same Day,ML-17755,Max Ludwig,Home Office,United States,Toledo,Ohio,43615,East,OFF-AP-10003779,Office Supplies,Appliances,Kensington 7 Outlet MasterPiece Power Center with Fax/Phone Line Protection,663.936,4,0.2,82.992
3074,CA-2013-125206,2013-03-01,2013-05-01,First Class,LR-16915,Lena Radford,Consumer,United States,Los Angeles,California,90045,West,OFF-ST-10003692,Office Supplies,Storage,Recycled Steel Personal File for Hanging File Folders,114.46,2,0.0,28.615
3075,CA-2012-126137,2012-03-10,2012-08-10,Standard Class,BS-11755,Bruce Stewart,Consumer,United States,Los Angeles,California,90032,West,FUR-BO-10004409,Furniture,Bookcases,"Safco Value Mate Series Steel Bookcases, Baked Enamel Finish on Steel, Gray",120.666,2,0.15,18.4548
3080,CA-2014-101182,2014-05-09,2014-06-09,First Class,KB-16405,Katrina Bavinger,Home Office,United States,Apple Valley,California,92307,West,OFF-PA-10001800,Office Supplies,Paper,Xerox 220,12.96,2,0.0,6.2208
3081,CA-2014-101182,2014-05-09,2014-06-09,First Class,KB-16405,Katrina Bavinger,Home Office,United States,Apple Valley,California,92307,West,TEC-PH-10003589,Technology,Phones,invisibleSHIELD by ZAGG Smudge-Free Screen Protector,43.176,3,0.2,15.1116
3085,CA-2014-118773,2014-10-02,,Standard Class,TP-21415,Tom Prescott,Consumer,United States,Houston,Texas,77070,Central,OFF-BI-10004584,Office Supplies,Binders,GBC ProClick 150 Presentation Binding System,252.784,4,0.8,-417.0936
3086,CA-2014-118773,2014-10-02,,Standard Class,TP-21415,Tom Prescott,Consumer,United States,Houston,Texas,77070,Central,TEC-AC-10002402,Technology,Accessories,Razer Kraken PRO Over Ear PC and Music Headset,127.984,2,0.2,15.998
3087,CA-2014-118773,2014-10-02,,Standard Class,TP-21415,Tom Prescott,Consumer,United States,Houston,Texas,77070,Central,FUR-FU-10000550,Furniture,Furnishings,Stacking Trays by OIC,3.984,2,0.6,-2.6892
3088,CA-2014-118773,2014-10-02,,Standard Class,TP-21415,Tom Prescott,Consumer,United States,Houston,Texas,77070,Central,OFF-AP-10000055,Office Supplies,Appliances,Belkin F9S820V06 8 Outlet Surge,12.992,2,0.8,-32.48
3089,US-2014-159205,2014-01-04,2014-03-04,Second Class,DB-12910,Daniel Byrd,Home Office,United States,Henderson,Kentucky,42420,South,FUR-FU-10001591,Furniture,Furnishings,Advantus Panel Wall Certificate Holder - 8.5x11,61.0,5,0.0,25.62
3090,US-2014-159205,2014-01-04,2014-03-04,Second Class,DB-12910,Daniel Byrd,Home Office,United States,Henderson,Kentucky,42420,South,TEC-PH-10000526,Technology,Phones,Vtech CS6719,671.93,7,0.0,188.1404
3091,CA-2013-112123,2013-04-03,2013-09-03,Standard Class,BH-11710,Brosina Hoffman,Consumer,United States,Newark,Delaware,19711,East,OFF-BI-10001071,Office Supplies,Binders,GBC ProClick Punch Binding System,447.86,7,0.0,219.4514
3092,CA-2013-112123,2013-04-03,2013-09-03,Standard Class,BH-11710,Brosina Hoffman,Consumer,United States,Newark,Delaware,19711,East,TEC-PH-10001557,Technology,Phones,Pyle PMP37LED,479.95,5,0.0,129.5865
3093,CA-2013-112123,2013-04-03,2013-09-03,Standard Class,BH-11710,Brosina Hoffman,Consumer,United States,Newark,Delaware,19711,East,OFF-PA-10001977,Office Supplies,Paper,Xerox 194,166.44,3,0.0,79.8912
3104,CA-2013-124562,2013-09-12,,Standard Class,JP-16135,Julie Prescott,Home Office,United States,Columbus,Ohio,43229,East,OFF-BI-10001267,Office Supplies,Binders,"Universal Recycled Hanging Pressboard Report Binders, Letter Size",12.957,7,0.7,-9.5018
3107,CA-2014-127460,2014-11-07,,Standard Class,FG-14260,Frank Gastineau,Home Office,United States,Aurora,Illinois,60505,Central,OFF-ST-10004340,Office Supplies,Storage,"Fellowes Mobile File Cart, Black",298.464,6,0.2,26.1156
3119,CA-2012-121720,2012-11-06,2012-12-06,First Class,JE-15610,Jim Epp,Corporate,United States,Lakeland,Florida,33801,South,FUR-CH-10003312,Furniture,Chairs,Hon 2090 Pillow Soft Series Mid Back Swivel/Tilt Chairs,1123.92,5,0.2,-182.637
3120,CA-2012-121720,2012-11-06,2012-12-06,First Class,JE-15610,Jim Epp,Corporate,United States,Lakeland,Florida,33801,South,TEC-PH-10002496,Technology,Phones,Cisco SPA301,249.584,2,0.2,31.198
3121,CA-2012-121720,2012-11-06,2012-12-06,First Class,JE-15610,Jim Epp,Corporate,United States,Lakeland,Florida,33801,South,FUR-FU-10003464,Furniture,Furnishings,"Seth Thomas 8 1/2"" Cubicle Clock",48.672,3,0.2,7.3008
3122,CA-2012-121720,2012-11-06,2012-12-06,First Class,JE-15610,Jim Epp,Corporate,United States,Lakeland,Florida,33801,South,OFF-AR-10000380,Office Supplies,Art,"Hunt PowerHouse Electric Pencil Sharpener, Blue",60.768,2,0.2,7.596
3123,CA-2012-121720,2012-11-06,2012-12-06,First Class,JE-15610,Jim Epp,Corporate,United States,Lakeland,Florida,33801,South,OFF-BI-10004593,Office Supplies,Binders,Ibico Laser Imprintable Binding System Covers,78.6,5,0.7,-62.88
3124,CA-2012-121720,2012-11-06,2012-12-06,First Class,JE-15610,Jim Epp,Corporate,United States,Lakeland,Florida,33801,South,OFF-BI-10001308,Office Supplies,Binders,GBC Standard Plastic Binding Systems' Combs,3.768,2,0.7,-3.14
3125,CA-2012-121720,2012-11-06,2012-12-06,First Class,JE-15610,Jim Epp,Corporate,United States,Lakeland,Florida,33801,South,OFF-ST-10001780,Office Supplies,Storage,Tennsco 16-Compartment Lockers with Coat Rack,1036.624,2,0.2,51.8312
3126,CA-2012-121720,2012-11-06,2012-12-06,First Class,JE-15610,Jim Epp,Corporate,United States,Lakeland,Florida,33801,South,OFF-ST-10003816,Office Supplies,Storage,Fellowes High-Stak Drawer Files,563.808,4,0.2,21.1428
3127,CA-2014-149895,2014-09-09,,Standard Class,EB-14110,Eugene Barchas,Consumer,United States,Philadelphia,Pennsylvania,19134,East,TEC-PH-10002200,Technology,Phones,Aastra 6757i CT Wireless VoIP phone,258.528,2,0.4,-47.3968
3128,CA-2014-147564,2014-03-10,2014-07-10,Standard Class,BP-11155,Becky Pak,Consumer,United States,New York City,New York,10011,East,OFF-PA-10004438,Office Supplies,Paper,Xerox 1907,49.12,4,0.0,23.0864
3142,US-2011-122959,2011-12-12,2011-12-12,Same Day,CY-12745,Craig Yedwab,Corporate,United States,San Antonio,Texas,78207,Central,OFF-BI-10003650,Office Supplies,Binders,GBC DocuBind 300 Electric Binding Machine,210.392,2,0.8,-336.6272
3145,US-2013-148110,2013-06-09,2013-12-09,Standard Class,AR-10825,Anthony Rawles,Corporate,United States,Austin,Texas,78745,Central,FUR-CH-10002647,Furniture,Chairs,"Situations Contoured Folding Chairs, 4/Set",347.802,7,0.3,-24.843
3146,CA-2014-131828,2014-12-02,,Second Class,CS-11845,Cari Sayre,Corporate,United States,Seattle,Washington,98105,West,FUR-CH-10004495,Furniture,Chairs,"Global Leather and Oak Executive Chair, Black",963.136,4,0.2,108.3528
3147,CA-2014-131828,2014-12-02,,Second Class,CS-11845,Cari Sayre,Corporate,United States,Seattle,Washington,98105,West,TEC-PH-10002923,Technology,Phones,"Logitech B530 USB Headset - headset - Full size, Binaural",88.776,3,0.2,7.7679
3149,CA-2013-120558,2013-08-06,2013-11-06,First Class,RD-19810,Ross DeVincentis,Home Office,United States,New York City,New York,10035,East,OFF-PA-10003441,Office Supplies,Paper,Xerox 226,32.4,5,0.0,15.552
3156,CA-2011-128986,2011-03-08,2011-05-08,Second Class,GH-14410,Gary Hansen,Home Office,United States,Glendale,Arizona,85301,West,OFF-PA-10001289,Office Supplies,Paper,White Computer Printout Paper by Universal,93.024,3,0.2,33.7212
3161,US-2011-150924,2011-12-09,,Second Class,PT-19090,Pete Takahito,Consumer,United States,Houston,Texas,77070,Central,OFF-BI-10004040,Office Supplies,Binders,Wilson Jones Impact Binders,5.18,5,0.8,-8.029
3175,CA-2014-157483,2014-12-11,,Standard Class,EP-13915,Emily Phan,Consumer,United States,Detroit,Michigan,48227,Central,OFF-AR-10004260,Office Supplies,Art,Boston 1799 Powerhouse Electric Pencil Sharpener,181.86,7,0.0,50.9208
3178,CA-2014-122280,2014-11-09,2014-11-09,Same Day,SH-20395,Shahid Hopkins,Consumer,United States,New York City,New York,10024,East,OFF-PA-10004911,Office Supplies,Paper,"Rediform S.O.S. 1-Up Phone Message Bk, 4-1/4x3-1/16 Bk, 1 Form/Pg, 40 Messages/Bk, 3/Pk",18.76,2,0.0,9.0048
3179,CA-2014-105235,2014-06-12,2014-12-12,Standard Class,SM-20950,Suzanne McNair,Corporate,United States,New York City,New York,10011,East,FUR-FU-10001487,Furniture,Furnishings,"Eldon Expressions Wood and Plastic Desk Accessories, Cherry Wood",20.94,3,0.0,6.0726
3180,CA-2014-105235,2014-06-12,2014-12-12,Standard Class,SM-20950,Suzanne McNair,Corporate,United States,New York City,New York,10011,East,FUR-FU-10000521,Furniture,Furnishings,"Seth Thomas 14"" Putty-Colored Wall Clock",58.68,2,0.0,18.1908
3181,CA-2014-105235,2014-06-12,2014-12-12,Standard Class,SM-20950,Suzanne McNair,Corporate,United States,New York City,New York,10011,East,OFF-AP-10001271,Office Supplies,Appliances,Eureka The Boss Cordless Rechargeable Stick Vac,254.9,5,0.0,68.823
3182,CA-2014-152912,2014-10-11,,Second Class,BM-11650,Brian Moss,Corporate,United States,Columbia,Maryland,21044,East,OFF-BI-10004728,Office Supplies,Binders,Wilson Jones Turn Tabs Binder Tool for Ring Binders,9.64,2,0.0,4.4344
3183,CA-2014-152912,2014-10-11,,Second Class,BM-11650,Brian Moss,Corporate,United States,Columbia,Maryland,21044,East,TEC-AC-10004666,Technology,Accessories,Maxell iVDR EX 500GB Cartridge,826.62,3,0.0,355.4466
3184,CA-2014-152912,2014-10-11,,Second Class,BM-11650,Brian Moss,Corporate,United States,Columbia,Maryland,21044,East,OFF-ST-10003208,Office Supplies,Storage,Adjustable Depth Letter/Legal Cart,1633.14,9,0.0,473.6106
3185,CA-2014-152912,2014-10-11,,Second Class,BM-11650,Brian Moss,Corporate,United States,Columbia,Maryland,21044,East,OFF-ST-10003208,Office Supplies,Storage,Adjustable Depth Letter/Legal Cart,544.38,3,0.0,157.8702
3186,CA-2011-123498,2011-07-11,2011-09-11,First Class,TC-20980,Tamara Chand,Corporate,United States,Houston,Texas,77041,Central,OFF-BI-10000632,Office Supplies,Binders,Satellite Sectional Post Binders,26.046,3,0.8,-44.2782
3187,CA-2011-123498,2011-07-11,2011-09-11,First Class,TC-20980,Tamara Chand,Corporate,United States,Houston,Texas,77041,Central,OFF-EN-10004773,Office Supplies,Envelopes,Staples,74.352,3,0.2,26.9526
3192,CA-2014-123981,2014-03-10,2014-09-10,Standard Class,RW-19630,Rob Williams,Corporate,United States,New York City,New York,10035,East,TEC-PH-10002115,Technology,Phones,Plantronics 81402,65.99,1,0.0,17.1574
3193,CA-2014-158953,2014-05-06,2014-09-06,Standard Class,ML-18040,Michelle Lonsdale,Corporate,United States,Missouri City,Texas,77489,Central,OFF-BI-10002557,Office Supplies,Binders,Presstex Flexible Ring Binders,6.37,7,0.8,-9.555
3194,CA-2011-165428,2011-01-09,2011-04-09,First Class,JL-15130,Jack Lebron,Consumer,United States,Houston,Texas,77036,Central,OFF-BI-10002949,Office Supplies,Binders,Prestige Round Ring Binders,3.648,3,0.8,-6.0192
3195,CA-2011-165428,2011-01-09,2011-04-09,First Class,JL-15130,Jack Lebron,Consumer,United States,Houston,Texas,77036,Central,OFF-PA-10004100,Office Supplies,Paper,Xerox 216,31.104,6,0.2,10.8864
3196,CA-2013-169026,2013-09-08,,Standard Class,CM-12655,Corinna Mitchell,Home Office,United States,Jackson,Mississippi,39212,South,OFF-FA-10001883,Office Supplies,Fasteners,"Alliance Super-Size Bands, Assorted Sizes",23.34,3,0.0,0.2334
3198,CA-2012-149384,2012-10-07,2012-10-07,Same Day,EH-13945,Eric Hoffmann,Consumer,United States,Tempe,Arizona,85281,West,OFF-BI-10003196,Office Supplies,Binders,Accohide Poly Flexible Ring Binders,3.366,3,0.7,-2.244
3199,CA-2011-131527,2011-01-12,2011-07-12,Standard Class,TB-21280,Toby Braunhardt,Consumer,United States,Jacksonville,North Carolina,28540,South,TEC-PH-10001644,Technology,Phones,"BlueLounge Milo Smartphone Stand, White/Metallic",95.968,4,0.2,9.5968
3203,CA-2011-158372,2011-10-11,,Standard Class,RD-19900,Ruben Dartt,Consumer,United States,San Diego,California,92037,West,TEC-PH-10002103,Technology,Phones,Jabra SPEAK 410,601.536,8,0.2,60.1536
3204,CA-2011-158372,2011-10-11,,Standard Class,RD-19900,Ruben Dartt,Consumer,United States,San Diego,California,92037,West,TEC-AC-10004209,Technology,Accessories,Memorex Froggy Flash Drive 4 GB,10.99,1,0.0,4.2861
3205,CA-2011-158372,2011-10-11,,Standard Class,RD-19900,Ruben Dartt,Consumer,United States,San Diego,California,92037,West,FUR-FU-10000397,Furniture,Furnishings,Luxo Economy Swing Arm Lamp,39.88,2,0.0,11.1664
3206,CA-2011-158372,2011-10-11,,Standard Class,RD-19900,Ruben Dartt,Consumer,United States,San Diego,California,92037,West,OFF-PA-10002137,Office Supplies,Paper,"Southworth 100% Résumé Paper, 24lb.",62.24,8,0.0,28.008
3207,CA-2011-158372,2011-10-11,,Standard Class,RD-19900,Ruben Dartt,Consumer,United States,San Diego,California,92037,West,FUR-FU-10001867,Furniture,Furnishings,"Eldon Expressions Punched Metal & Wood Desk Accessories, Pewter & Cherry",53.2,5,0.0,14.896
3208,CA-2011-158372,2011-10-11,,Standard Class,RD-19900,Ruben Dartt,Consumer,United States,San Diego,California,92037,West,OFF-LA-10000407,Office Supplies,Labels,Avery White Multi-Purpose Labels,39.84,8,0.0,18.3264
3209,CA-2013-108882,2013-09-01,,Standard Class,LA-16780,Laura Armstrong,Corporate,United States,Fresno,California,93727,West,TEC-AC-10000420,Technology,Accessories,Logitech G500s Laser Gaming Mouse with Adjustable Weight Tuning,349.95,5,0.0,118.983
3210,CA-2013-108882,2013-09-01,,Standard Class,LA-16780,Laura Armstrong,Corporate,United States,Fresno,California,93727,West,TEC-PH-10002726,Technology,Phones,netTALK DUO VoIP Telephone Service,377.928,9,0.2,141.723
3216,CA-2014-150189,2014-09-07,2014-11-07,First Class,VG-21790,Vivek Gonzalez,Consumer,United States,San Mateo,California,94403,West,OFF-LA-10002762,Office Supplies,Labels,Avery 485,75.18,6,0.0,35.3346
3218,CA-2014-104640,2014-11-11,,Standard Class,FH-14275,Frank Hawley,Corporate,United States,New York City,New York,10024,East,OFF-BI-10003925,Office Supplies,Binders,Fellowes PB300 Plastic Comb Binding Machine,931.176,3,0.2,314.2719
3219,CA-2014-104640,2014-11-11,,Standard Class,FH-14275,Frank Hawley,Corporate,United States,New York City,New York,10024,East,TEC-PH-10002200,Technology,Phones,Aastra 6757i CT Wireless VoIP phone,430.88,2,0.0,124.9552
3220,US-2012-137008,2012-02-10,2012-08-10,Standard Class,JP-15460,Jennifer Patt,Corporate,United States,Lakewood,New Jersey,8701,East,OFF-PA-10001295,Office Supplies,Paper,Computer Printout Paper with Letter-Trim Perforations,94.85,5,0.0,45.528
3221,US-2012-137008,2012-02-10,2012-08-10,Standard Class,JP-15460,Jennifer Patt,Corporate,United States,Lakewood,New Jersey,8701,East,OFF-EN-10002500,Office Supplies,Envelopes,Globe Weis Peel & Seel First Class Envelopes,51.12,4,0.0,23.004
3222,US-2012-137008,2012-02-10,2012-08-10,Standard Class,JP-15460,Jennifer Patt,Corporate,United States,Lakewood,New Jersey,8701,East,TEC-AC-10000892,Technology,Accessories,NETGEAR N750 Dual Band Wi-Fi Gigabit Router,90.0,1,0.0,32.4
3223,CA-2011-108189,2011-02-10,2011-05-10,First Class,ES-14080,Erin Smith,Corporate,United States,Tempe,Arizona,85281,West,OFF-PA-10001838,Office Supplies,Paper,"Adams Telephone Message Book W/Dividers/Space For Phone Numbers, 5 1/4""X8 1/2"", 300/Messages",9.408,2,0.2,3.4104
3224,CA-2011-108189,2011-02-10,2011-05-10,First Class,ES-14080,Erin Smith,Corporate,United States,Tempe,Arizona,85281,West,OFF-FA-10000735,Office Supplies,Fasteners,Staples,4.672,2,0.2,1.46
3225,CA-2011-108189,2011-02-10,2011-05-10,First Class,ES-14080,Erin Smith,Corporate,United States,Tempe,Arizona,85281,West,TEC-PH-10001760,Technology,Phones,Bose SoundLink Bluetooth Speaker,318.4,2,0.2,107.46
3226,CA-2011-108189,2011-02-10,2011-05-10,First Class,ES-14080,Erin Smith,Corporate,United States,Tempe,Arizona,85281,West,OFF-EN-10004846,Office Supplies,Envelopes,Letter or Legal Size Expandable Poly String Tie Envelopes,12.768,6,0.2,4.6284
3227,CA-2011-108189,2011-02-10,2011-05-10,First Class,ES-14080,Erin Smith,Corporate,United States,Tempe,Arizona,85281,West,OFF-SU-10003567,Office Supplies,Supplies,Stiletto Hand Letter Openers,15.36,2,0.2,-3.264
3228,CA-2011-108189,2011-02-10,2011-05-10,First Class,ES-14080,Erin Smith,Corporate,United States,Tempe,Arizona,85281,West,TEC-PH-10001557,Technology,Phones,Pyle PMP37LED,230.376,3,0.2,20.1579
3229,CA-2011-108189,2011-02-10,2011-05-10,First Class,ES-14080,Erin Smith,Corporate,United States,Tempe,Arizona,85281,West,TEC-AC-10003038,Technology,Accessories,Kingston Digital DataTraveler 16GB USB 2.0,7.16,1,0.2,-0.0895
3230,CA-2011-154641,2011-11-08,,Standard Class,KL-16645,Ken Lonsdale,Consumer,United States,New York City,New York,10035,East,OFF-ST-10004459,Office Supplies,Storage,Tennsco Single-Tier Lockers,375.34,1,0.0,18.767
3231,CA-2014-131625,2014-02-09,2014-06-09,Second Class,BN-11515,Bradley Nguyen,Consumer,United States,New York City,New York,10009,East,FUR-FU-10004960,Furniture,Furnishings,"Seth Thomas 12"" Clock w/ Goldtone Case",114.9,5,0.0,39.066
3237,CA-2013-146836,2013-03-05,2013-03-05,Same Day,CC-12475,Cindy Chapman,Consumer,United States,New York City,New York,10024,East,OFF-ST-10001580,Office Supplies,Storage,Super Decoflex Portable Personal File,44.94,3,0.0,12.5832
3238,CA-2013-146836,2013-03-05,2013-03-05,Same Day,CC-12475,Cindy Chapman,Consumer,United States,New York City,New York,10024,East,OFF-BI-10000315,Office Supplies,Binders,Poly Designer Cover & Back,45.576,3,0.2,15.9516
3242,US-2013-140809,2013-01-02,2013-03-02,First Class,CK-12760,Cyma Kinney,Corporate,United States,Arlington,Virginia,22204,South,OFF-ST-10002214,Office Supplies,Storage,X-Rack File for Hanging Folders,56.45,5,0.0,14.677
3243,CA-2014-114524,2014-01-04,2014-06-04,Second Class,EG-13900,Emily Grady,Consumer,United States,Chicago,Illinois,60623,Central,OFF-BI-10002799,Office Supplies,Binders,"SlimView Poly Binder, 3/8""",13.468,13,0.8,-22.8956
3244,CA-2014-113355,2014-02-12,2014-06-12,Standard Class,SJ-20215,Sarah Jordon,Consumer,United States,Grand Prairie,Texas,75051,Central,TEC-PH-10004912,Technology,Phones,Cisco SPA112 2 Port Phone Adapter,219.8,5,0.2,24.7275
3245,CA-2014-113355,2014-02-12,2014-06-12,Standard Class,SJ-20215,Sarah Jordon,Consumer,United States,Grand Prairie,Texas,75051,Central,FUR-CH-10002602,Furniture,Chairs,DMI Arturo Collection Mission-style Design Wood Chair,317.058,3,0.3,-18.1176
3246,US-2014-140907,2014-11-12,,Second Class,BP-11185,Ben Peterman,Corporate,United States,Seattle,Washington,98103,West,TEC-AC-10004510,Technology,Accessories,Logitech Desktop MK120 Mouse and keyboard Combo,49.08,3,0.0,4.908
3247,US-2014-140907,2014-11-12,,Second Class,BP-11185,Ben Peterman,Corporate,United States,Seattle,Washington,98103,West,OFF-ST-10000060,Office Supplies,Storage,Fellowes Bankers Box Staxonsteel Drawer File/Stacking System,324.9,5,0.0,38.988
3248,US-2014-140907,2014-11-12,,Second Class,BP-11185,Ben Peterman,Corporate,United States,Seattle,Washington,98103,West,OFF-AR-10000799,Office Supplies,Art,Col-Erase Pencils with Erasers,18.24,3,0.0,5.2896
3255,CA-2013-155474,2013-09-07,,Standard Class,CC-12220,Chris Cortes,Consumer,United States,Seattle,Washington,98105,West,TEC-PH-10001580,Technology,Phones,Logitech Mobile Speakerphone P710e - speaker phone,107.984,1,0.2,9.4486
3256,CA-2013-155474,2013-09-07,,Standard Class,CC-12220,Chris Cortes,Consumer,United States,Seattle,Washington,98105,West,OFF-BI-10004209,Office Supplies,Binders,"Fellowes Twister Kit, Gray/Clear, 3/pkg",19.296,3,0.2,6.03
3257,CA-2012-155453,2012-09-08,,Standard Class,RA-19885,Ruben Ausman,Corporate,United States,Jacksonville,Florida,32216,South,OFF-LA-10001613,Office Supplies,Labels,Avery File Folder Labels,4.608,2,0.2,1.6704
3258,US-2013-161844,2013-10-12,,Second Class,DK-12835,Damala Kotsonis,Corporate,United States,Franklin,Tennessee,37064,South,FUR-TA-10001676,Furniture,Tables,Hon 61000 Series Interactive Training Tables,79.974,3,0.4,-29.3238
3259,US-2013-161844,2013-10-12,,Second Class,DK-12835,Damala Kotsonis,Corporate,United States,Franklin,Tennessee,37064,South,OFF-BI-10003712,Office Supplies,Binders,"Acco Pressboard Covers with Storage Hooks, 14 7/8"" x 11"", Light Blue",2.946,2,0.7,-2.0622
3265,CA-2013-122518,2013-05-03,2013-09-03,Second Class,RF-19345,Randy Ferguson,Corporate,United States,Miami,Florida,33180,South,OFF-LA-10001641,Office Supplies,Labels,Avery 518,10.08,4,0.2,3.528
3266,US-2011-126571,2011-11-10,,Standard Class,JF-15565,Jill Fjeld,Consumer,United States,Philadelphia,Pennsylvania,19120,East,OFF-ST-10003816,Office Supplies,Storage,Fellowes High-Stak Drawer Files,281.904,2,0.2,10.5714
3267,US-2011-126571,2011-11-10,,Standard Class,JF-15565,Jill Fjeld,Consumer,United States,Philadelphia,Pennsylvania,19120,East,OFF-EN-10002230,Office Supplies,Envelopes,Airmail Envelopes,201.432,3,0.2,67.9833
3273,CA-2012-146038,2012-09-02,,Standard Class,SJ-20215,Sarah Jordon,Consumer,United States,Los Angeles,California,90049,West,FUR-CH-10002774,Furniture,Chairs,"Global Deluxe Stacking Chair, Gray",203.92,5,0.2,22.941
3274,CA-2014-133865,2014-09-05,,Standard Class,PS-19045,Penelope Sewall,Home Office,United States,Los Angeles,California,90032,West,TEC-CO-10001046,Technology,Copiers,Canon Imageclass D680 Copier / Fax,3359.952,6,0.2,1049.985
3275,CA-2014-116358,2014-03-11,2014-07-11,Standard Class,KM-16225,Kalyca Meade,Corporate,United States,Overland Park,Kansas,66212,Central,OFF-FA-10003495,Office Supplies,Fasteners,Staples,18.24,3,0.0,9.12
3276,CA-2014-116358,2014-03-11,2014-07-11,Standard Class,KM-16225,Kalyca Meade,Corporate,United States,Overland Park,Kansas,66212,Central,OFF-AR-10004685,Office Supplies,Art,"Binney & Smith Crayola Metallic Colored Pencils, 8-Color Set",27.78,6,0.0,9.1674
3277,CA-2011-102988,2011-05-04,2011-09-04,Second Class,GM-14695,Greg Maxwell,Corporate,United States,Alexandria,Virginia,22304,South,OFF-AR-10004757,Office Supplies,Art,Crayola Colored Pencils,22.96,7,0.0,7.5768
3278,CA-2011-102988,2011-05-04,2011-09-04,Second Class,GM-14695,Greg Maxwell,Corporate,United States,Alexandria,Virginia,22304,South,TEC-PH-10001615,Technology,Phones,AT&T CL82213,28.99,1,0.0,8.4071
3279,CA-2011-102988,2011-05-04,2011-09-04,Second Class,GM-14695,Greg Maxwell,Corporate,United States,Alexandria,Virginia,22304,South,OFF-PA-10003349,Office Supplies,Paper,Xerox 1957,12.96,2,0.0,6.3504
3280,CA-2011-102988,2011-05-04,2011-09-04,Second Class,GM-14695,Greg Maxwell,Corporate,United States,Alexandria,Virginia,22304,South,OFF-AR-10000127,Office Supplies,Art,Newell 321,22.96,7,0.0,6.6584
3281,CA-2011-102988,2011-05-04,2011-09-04,Second Class,GM-14695,Greg Maxwell,Corporate,United States,Alexandria,Virginia,22304,South,OFF-SU-10002881,Office Supplies,Supplies,Martin Yale Chadless Opener Electric Letter Opener,4164.05,5,0.0,83.281
3285,CA-2011-103702,2011-12-09,,Standard Class,AF-10885,Art Foster,Consumer,United States,Fairfield,Ohio,45014,East,OFF-BI-10002429,Office Supplies,Binders,"Premier Elliptical Ring Binder, Black",63.924,7,0.7,-46.8776
3296,CA-2014-113418,2014-02-10,2014-04-10,First Class,CM-12655,Corinna Mitchell,Home Office,United States,New York City,New York,10035,East,TEC-MA-10002428,Technology,Machines,Fellowes Powershred HS-440 4-Sheet High Security Shredder,1704.89,11,0.0,767.2005
3310,CA-2012-144386,2012-05-11,2012-11-11,Standard Class,GT-14635,Grant Thornton,Corporate,United States,New York City,New York,10009,East,OFF-BI-10001116,Office Supplies,Binders,"Wilson Jones 1"" Hanging DublLock Ring Binders",25.344,6,0.2,8.8704
3317,CA-2014-161739,2014-11-11,,Second Class,EB-13750,Edward Becker,Corporate,United States,Round Rock,Texas,78664,Central,FUR-FU-10001468,Furniture,Furnishings,Tenex Antistatic Computer Chair Mats,341.96,5,0.6,-427.45
3318,CA-2012-165057,2012-11-09,,Standard Class,SC-20725,Steven Cartwright,Consumer,United States,Redlands,California,92374,West,OFF-AR-10004648,Office Supplies,Art,Boston 19500 Mighty Mite Electric Pencil Sharpener,181.35,9,0.0,48.9645
3319,CA-2012-165057,2012-11-09,,Standard Class,SC-20725,Steven Cartwright,Consumer,United States,Redlands,California,92374,West,OFF-LA-10003190,Office Supplies,Labels,Avery 474,8.64,3,0.0,4.2336
3325,CA-2011-165309,2011-11-11,,Standard Class,KD-16270,Karen Daniels,Consumer,United States,Houston,Texas,77095,Central,OFF-BI-10001359,Office Supplies,Binders,GBC DocuBind TL300 Electric Binding System,896.99,5,0.8,-1480.0335
3326,CA-2011-165309,2011-11-11,,Standard Class,KD-16270,Karen Daniels,Consumer,United States,Houston,Texas,77095,Central,OFF-BI-10001267,Office Supplies,Binders,"Universal Recycled Hanging Pressboard Report Binders, Letter Size",1.234,1,0.8,-1.9744
3327,CA-2011-165309,2011-11-11,,Standard Class,KD-16270,Karen Daniels,Consumer,United States,Houston,Texas,77095,Central,OFF-AR-10003582,Office Supplies,Art,"Boston Electric Pencil Sharpener, Model 1818, Charcoal Black",67.56,3,0.2,6.756
3328,CA-2011-165309,2011-11-11,,Standard Class,KD-16270,Karen Daniels,Consumer,United States,Houston,Texas,77095,Central,OFF-PA-10003724,Office Supplies,Paper,"Wirebound Message Book, 4 per Page",21.72,5,0.2,7.8735
3329,CA-2011-165309,2011-11-11,,Standard Class,KD-16270,Karen Daniels,Consumer,United States,Houston,Texas,77095,Central,OFF-PA-10001033,Office Supplies,Paper,Xerox 1893,262.336,8,0.2,95.0968
3330,CA-2011-165309,2011-11-11,,Standard Class,KD-16270,Karen Daniels,Consumer,United States,Houston,Texas,77095,Central,TEC-PH-10003505,Technology,Phones,Geemarc AmpliPOWER60,148.48,2,0.2,16.704
3331,CA-2011-165309,2011-11-11,,Standard Class,KD-16270,Karen Daniels,Consumer,United States,Houston,Texas,77095,Central,TEC-PH-10004959,Technology,Phones,Classic Ivory Antique Telephone ZL1810,241.176,3,0.2,15.0735
3349,CA-2014-154732,2014-06-11,2014-08-11,First Class,AH-10195,Alan Haines,Corporate,United States,Chicago,Illinois,60623,Central,OFF-BI-10000474,Office Supplies,Binders,Avery Recycled Flexi-View Covers for Binding Systems,16.03,5,0.8,-25.648
3358,CA-2014-100335,2014-08-09,,Standard Class,NF-18595,Nicole Fjeld,Home Office,United States,Chicago,Illinois,60610,Central,OFF-PA-10001685,Office Supplies,Paper,Staples,73.008,9,0.2,26.4654
3359,CA-2013-139234,2013-07-05,2013-11-05,Standard Class,AF-10870,Art Ferguson,Consumer,United States,Chicago,Illinois,60610,Central,OFF-BI-10000773,Office Supplies,Binders,Insertable Tab Post Binder Dividers,3.208,2,0.8,-5.2932
3360,CA-2013-139234,2013-07-05,2013-11-05,Standard Class,AF-10870,Art Ferguson,Consumer,United States,Chicago,Illinois,60610,Central,TEC-AC-10004510,Technology,Accessories,Logitech Desktop MK120 Mouse and keyboard Combo,26.176,2,0.2,-3.272
3361,US-2012-142020,2012-04-06,2012-08-06,Second Class,TC-21535,Tracy Collins,Home Office,United States,New York City,New York,10024,East,OFF-PA-10004569,Office Supplies,Paper,"Wirebound Message Books, Two 4 1/4"" x 5"" Forms per Page",30.44,4,0.0,14.3068
3362,US-2012-142020,2012-04-06,2012-08-06,Second Class,TC-21535,Tracy Collins,Home Office,United States,New York City,New York,10024,East,FUR-FU-10000672,Furniture,Furnishings,"Executive Impressions 10"" Spectator Wall Clock",35.28,3,0.0,11.9952
3366,CA-2011-115161,2011-01-02,2011-03-02,First Class,LC-17050,Liz Carlisle,Consumer,United States,Mission Viejo,California,92691,West,FUR-BO-10003966,Furniture,Bookcases,"Sauder Facets Collection Library, Sky Alder Finish",290.666,2,0.15,3.4196
3367,CA-2011-165379,2011-09-07,,Standard Class,BM-11650,Brian Moss,Corporate,United States,Dallas,Texas,75217,Central,OFF-PA-10003072,Office Supplies,Paper,"Eureka Recycled Copy Paper 8 1/2"" x 11"", Ream",10.368,2,0.2,3.6288
3368,CA-2011-165379,2011-09-07,,Standard Class,BM-11650,Brian Moss,Corporate,United States,Dallas,Texas,75217,Central,OFF-PA-10002245,Office Supplies,Paper,Xerox 1895,14.352,3,0.2,4.485
3374,CA-2012-161718,2012-04-12,2012-10-12,Standard Class,SO-20335,Sean O'Donnell,Consumer,United States,Hempstead,New York,11550,East,FUR-FU-10002445,Furniture,Furnishings,"DAX Two-Tone Rosewood/Black Document Frame, Desktop, 5 x 7",28.44,3,0.0,11.376
3375,CA-2012-161718,2012-04-12,2012-10-12,Standard Class,SO-20335,Sean O'Donnell,Consumer,United States,Hempstead,New York,11550,East,FUR-CH-10002372,Furniture,Chairs,Office Star - Ergonomically Designed Knee Chair,364.41,5,0.1,8.098
3376,CA-2012-161718,2012-04-12,2012-10-12,Standard Class,SO-20335,Sean O'Donnell,Consumer,United States,Hempstead,New York,11550,East,TEC-PH-10000376,Technology,Phones,Square Credit Card Reader,39.96,4,0.0,10.3896
3377,CA-2012-161718,2012-04-12,2012-10-12,Standard Class,SO-20335,Sean O'Donnell,Consumer,United States,Hempstead,New York,11550,East,FUR-CH-10002965,Furniture,Chairs,"Global Leather Highback Executive Chair with Pneumatic Height Adjustment, Black",361.764,2,0.1,68.3332
3378,CA-2013-100671,2013-02-11,2013-05-11,First Class,CS-12490,Cindy Schnelling,Corporate,United States,Conroe,Texas,77301,Central,OFF-ST-10004950,Office Supplies,Storage,"Tenex Personal Filing Tote With Secure Closure Lid, Black/Frost",111.672,9,0.2,6.9795
3383,CA-2012-130659,2012-04-12,2012-09-12,Second Class,MS-17365,Maribeth Schnelling,Consumer,United States,New York City,New York,10035,East,OFF-EN-10004147,Office Supplies,Envelopes,Wausau Papers Astrobrights Colored Envelopes,17.94,3,0.0,8.7906
3384,CA-2012-130659,2012-04-12,2012-09-12,Second Class,MS-17365,Maribeth Schnelling,Consumer,United States,New York City,New York,10035,East,FUR-CH-10003535,Furniture,Chairs,"Global Armless Task Chair, Royal Blue",384.174,7,0.1,29.8802
3385,CA-2012-130659,2012-04-12,2012-09-12,Second Class,MS-17365,Maribeth Schnelling,Consumer,United States,New York City,New York,10035,East,TEC-PH-10004586,Technology,Phones,Wilson SignalBoost 841262 DB PRO Amplifier Kit,1799.75,5,0.0,539.925
3386,CA-2014-148404,2014-08-10,2014-12-10,Standard Class,Dp-13240,Dean percer,Home Office,United States,Charlotte,North Carolina,28205,South,OFF-ST-10003208,Office Supplies,Storage,Adjustable Depth Letter/Legal Cart,580.672,4,0.2,65.3256
3387,CA-2014-148404,2014-08-10,2014-12-10,Standard Class,Dp-13240,Dean percer,Home Office,United States,Charlotte,North Carolina,28205,South,OFF-FA-10003112,Office Supplies,Fasteners,Staples,18.936,3,0.2,5.9175
3388,CA-2014-148404,2014-08-10,2014-12-10,Standard Class,Dp-13240,Dean percer,Home Office,United States,Charlotte,North Carolina,28205,South,TEC-PH-10004447,Technology,Phones,Toshiba IPT2010-SD IP Telephone,222.384,2,0.2,16.6788
3389,CA-2014-148404,2014-08-10,2014-12-10,Standard Class,Dp-13240,Dean percer,Home Office,United States,Charlotte,North Carolina,28205,South,OFF-BI-10002854,Office Supplies,Binders,"Performers Binder/Pad Holder, Black",50.454,6,0.7,-33.636
3390,CA-2014-148404,2014-08-10,2014-12-10,Standard Class,Dp-13240,Dean percer,Home Office,United States,Charlotte,North Carolina,28205,South,FUR-TA-10001039,Furniture,Tables,KI Adjustable-Height Table,154.764,3,0.4,-36.1116
3392,CA-2011-166471,2011-09-08,,Standard Class,MG-17650,Matthew Grinstein,Home Office,United States,Seattle,Washington,98103,West,TEC-PH-10001530,Technology,Phones,Cisco Unified IP Phone 7945G VoIP phone,1091.168,4,0.2,68.198
3393,CA-2011-166471,2011-09-08,,Standard Class,MG-17650,Matthew Grinstein,Home Office,United States,Seattle,Washington,98103,West,TEC-PH-10000038,Technology,Phones,Jawbone MINI JAMBOX Wireless Bluetooth Speaker,219.168,2,0.2,-43.8336
3395,US-2014-131583,2014-11-06,2014-11-06,Same Day,CL-11890,Carl Ludwig,Consumer,United States,Philadelphia,Pennsylvania,19143,East,OFF-PA-10000380,Office Supplies,Paper,"REDIFORM Incoming/Outgoing Call Register, 11"" X 8 1/2"", 100 Messages",40.032,6,0.2,15.012
3396,US-2014-148362,2014-02-07,2014-09-07,Standard Class,KF-16285,Karen Ferguson,Home Office,United States,Indianapolis,Indiana,46203,Central,OFF-ST-10001128,Office Supplies,Storage,"Carina Mini System Audio Rack, Model AR050B",443.92,4,0.0,13.3176
3397,US-2014-148362,2014-02-07,2014-09-07,Standard Class,KF-16285,Karen Ferguson,Home Office,United States,Indianapolis,Indiana,46203,Central,OFF-BI-10003656,Office Supplies,Binders,Fellowes PB200 Plastic Comb Binding Machine,169.99,1,0.0,78.1954
3398,US-2014-148362,2014-02-07,2014-09-07,Standard Class,KF-16285,Karen Ferguson,Home Office,United States,Indianapolis,Indiana,46203,Central,OFF-PA-10003441,Office Supplies,Paper,Xerox 226,25.92,4,0.0,12.4416
3403,CA-2012-129700,2012-04-05,2012-05-05,First Class,LA-16780,Laura Armstrong,Corporate,United States,Tinley Park,Illinois,60477,Central,FUR-FU-10001940,Furniture,Furnishings,Staples,22.288,7,0.6,-8.9152
3410,US-2014-150847,2014-01-05,2014-07-05,Standard Class,JF-15490,Jeremy Farry,Consumer,United States,Columbus,Ohio,43229,East,OFF-PA-10004451,Office Supplies,Paper,Xerox 222,10.368,2,0.2,3.6288
3416,CA-2013-116540,2013-03-09,2013-03-09,Same Day,SS-20590,Sonia Sunley,Consumer,United States,Madison,Wisconsin,53711,Central,OFF-FA-10002676,Office Supplies,Fasteners,Colored Push Pins,1.81,1,0.0,0.6516
3417,CA-2013-116540,2013-03-09,2013-03-09,Same Day,SS-20590,Sonia Sunley,Consumer,United States,Madison,Wisconsin,53711,Central,OFF-BI-10004970,Office Supplies,Binders,"ACCOHIDE 3-Ring Binder, Blue, 1""",8.26,2,0.0,3.8822
3420,CA-2012-150791,2012-06-09,,Standard Class,CC-12430,Chuck Clark,Home Office,United States,New York City,New York,10024,East,FUR-CH-10000665,Furniture,Chairs,"Global Airflow Leather Mesh Back Chair, Black",271.764,2,0.1,60.392
3428,US-2014-111024,2014-04-07,2014-07-07,Second Class,SZ-20035,Sam Zeldin,Home Office,United States,Lancaster,Ohio,43130,East,OFF-PA-10000174,Office Supplies,Paper,"Message Book, Wirebound, Four 5 1/2"" X 4"" Forms/Pg., 200 Dupl. Sets/Book",32.896,4,0.2,11.1024
3429,US-2014-111024,2014-04-07,2014-07-07,Second Class,SZ-20035,Sam Zeldin,Home Office,United States,Lancaster,Ohio,43130,East,FUR-TA-10002041,Furniture,Tables,"Bevis Round Conference Table Top, X-Base",215.148,2,0.4,-103.9882
3430,US-2014-111024,2014-04-07,2014-07-07,Second Class,SZ-20035,Sam Zeldin,Home Office,United States,Lancaster,Ohio,43130,East,OFF-PA-10002246,Office Supplies,Paper,"Wirebound Four 2-3/4 x 5 Forms per Page, 400 Sets per Book",30.96,6,0.2,11.223
3431,CA-2014-148264,2014-09-12,2014-10-12,First Class,LF-17185,Luke Foster,Consumer,United States,Inglewood,California,90301,West,OFF-ST-10003327,Office Supplies,Storage,Akro-Mils 12-Gallon Tote,29.79,3,0.0,8.6391
3432,CA-2014-148264,2014-09-12,2014-10-12,First Class,LF-17185,Luke Foster,Consumer,United States,Inglewood,California,90301,West,FUR-FU-10002703,Furniture,Furnishings,"Tenex Traditional Chairmats for Hard Floors, Average Lip, 36"" x 48""",128.9,2,0.0,15.468
3433,CA-2014-148264,2014-09-12,2014-10-12,First Class,LF-17185,Luke Foster,Consumer,United States,Inglewood,California,90301,West,OFF-PA-10003651,Office Supplies,Paper,Xerox 1968,60.12,9,0.0,28.8576
3434,CA-2014-131212,2014-06-12,2014-10-12,Standard Class,AB-10165,Alan Barnes,Consumer,United States,Bellevue,Washington,98006,West,OFF-BI-10001617,Office Supplies,Binders,GBC Wire Binding Combs,24.816,3,0.2,8.3754
3435,CA-2014-131212,2014-06-12,2014-10-12,Standard Class,AB-10165,Alan Barnes,Consumer,United States,Bellevue,Washington,98006,West,OFF-BI-10000145,Office Supplies,Binders,Zipper Ring Binder Pockets,14.976,6,0.2,5.4288
3442,CA-2011-158337,2011-11-03,,Second Class,KA-16525,Kelly Andreada,Consumer,United States,New York City,New York,10024,East,OFF-PA-10002137,Office Supplies,Paper,"Southworth 100% Résumé Paper, 24lb.",108.92,14,0.0,49.014
3446,CA-2012-131779,2012-12-06,,Standard Class,LE-16810,Laurel Elliston,Consumer,United States,Newark,Delaware,19711,East,OFF-ST-10001505,Office Supplies,Storage,"Perma STOR-ALL Hanging File Box, 13 1/8""W x 12 1/4""D x 10 1/2""H",29.9,5,0.0,5.083
3447,CA-2013-158869,2013-07-08,2013-08-08,First Class,AH-10690,Anna Häberlin,Corporate,United States,New York City,New York,10024,East,OFF-PA-10000474,Office Supplies,Paper,Staples,70.88,2,0.0,33.3136
3448,CA-2014-102554,2014-12-06,,Standard Class,KN-16705,Kristina Nunn,Home Office,United States,Auburn,Alabama,36830,South,OFF-AR-10001919,Office Supplies,Art,"OIC #2 Pencils, Medium Soft",3.76,2,0.0,1.0904
3449,CA-2013-162614,2013-08-10,,Standard Class,TB-21250,Tim Brockman,Consumer,United States,Los Angeles,California,90049,West,OFF-BI-10004001,Office Supplies,Binders,GBC Recycled VeloBinder Covers,27.264,2,0.2,8.8608
3450,CA-2011-168592,2011-08-09,,Standard Class,DP-13390,Dennis Pardue,Home Office,United States,San Francisco,California,94110,West,OFF-AP-10004785,Office Supplies,Appliances,"Holmes Replacement Filter for HEPA Air Cleaner, Medium Room",56.65,5,0.0,24.3595
3451,CA-2011-168592,2011-08-09,,Standard Class,DP-13390,Dennis Pardue,Home Office,United States,San Francisco,California,94110,West,OFF-ST-10002406,Office Supplies,Storage,Pizazz Global Quick File,14.97,1,0.0,4.1916
3452,CA-2011-168592,2011-08-09,,Standard Class,DP-13390,Dennis Pardue,Home Office,United States,San Francisco,California,94110,West,OFF-FA-10002988,Office Supplies,Fasteners,Ideal Clamps,4.02,2,0.0,1.9698
3455,CA-2012-153626,2012-09-07,,Standard Class,EB-13870,Emily Burns,Consumer,United States,Nashville,Tennessee,37211,South,OFF-AR-10000657,Office Supplies,Art,"Binney & Smith inkTank Desk Highlighter, Chisel Tip, Yellow, 12/Box",5.16,3,0.2,0.8385
3462,CA-2014-114258,2014-06-11,2014-11-11,Second Class,EM-13825,Elizabeth Moffitt,Corporate,United States,Dallas,Texas,75081,Central,TEC-PH-10003012,Technology,Phones,Nortel Meridian M3904 Professional Digital phone,492.768,4,0.2,55.4364
3465,CA-2014-128699,2014-04-12,2014-06-12,Second Class,ND-18370,Natalie DeCherney,Consumer,United States,Jacksonville,Florida,32216,South,TEC-AC-10001990,Technology,Accessories,Kensington Orbit Wireless Mobile Trackball for PC and Mac,47.992,1,0.2,7.1988
3466,US-2012-147242,2012-10-09,,Standard Class,EH-13765,Edward Hooks,Corporate,United States,Revere,Massachusetts,2151,East,OFF-AP-10003842,Office Supplies,Appliances,Euro-Pro Shark Turbo Vacuum,61.96,2,0.0,16.1096
3467,US-2012-147242,2012-10-09,,Standard Class,EH-13765,Edward Hooks,Corporate,United States,Revere,Massachusetts,2151,East,FUR-BO-10004695,Furniture,Bookcases,O'Sullivan 2-Door Barrister Bookcase in Odessa Pine,361.96,2,0.0,83.2508
3468,US-2012-147242,2012-10-09,,Standard Class,EH-13765,Edward Hooks,Corporate,United States,Revere,Massachusetts,2151,East,OFF-PA-10003039,Office Supplies,Paper,Xerox 1960,278.82,9,0.0,125.469
3470,CA-2012-100888,2012-06-04,2012-10-04,Standard Class,MH-17455,Mark Hamilton,Consumer,United States,Jacksonville,North Carolina,28540,South,OFF-PA-10001019,Office Supplies,Paper,Xerox 1884,47.952,3,0.2,16.1838
3471,US-2013-150035,2013-02-12,2013-06-12,Standard Class,CL-11890,Carl Ludwig,Consumer,United States,San Francisco,California,94122,West,FUR-FU-10003724,Furniture,Furnishings,Westinghouse Clip-On Gooseneck Lamps,16.74,2,0.0,4.3524
3474,CA-2014-111815,2014-04-03,2014-11-03,Standard Class,EP-13915,Emily Phan,Consumer,United States,Dearborn Heights,Michigan,48127,Central,FUR-CH-10000785,Furniture,Chairs,Global Ergonomic Managers Chair,180.98,1,0.0,47.0548
3475,CA-2014-111815,2014-04-03,2014-11-03,Standard Class,EP-13915,Emily Phan,Consumer,United States,Dearborn Heights,Michigan,48127,Central,TEC-AC-10002926,Technology,Accessories,Logitech Wireless Marathon Mouse M705,99.98,2,0.0,42.9914
3479,CA-2013-131289,2013-09-12,,Standard Class,SP-20620,Stefania Perrino,Corporate,United States,San Francisco,California,94110,West,OFF-AR-10003056,Office Supplies,Art,Newell 341,8.56,2,0.0,2.4824
3480,CA-2013-131289,2013-09-12,,Standard Class,SP-20620,Stefania Perrino,Corporate,United States,San Francisco,California,94110,West,OFF-PA-10003363,Office Supplies,Paper,Xerox 204,45.36,7,0.0,21.7728
3481,CA-2013-131289,2013-09-12,,Standard Class,SP-20620,Stefania Perrino,Corporate,United States,San Francisco,California,94110,West,FUR-TA-10003954,Furniture,Tables,Hon 94000 Series Round Tables,1421.664,6,0.2,-195.4788
3482,CA-2011-124023,2011-07-04,2011-10-04,First Class,PJ-19015,Pauline Johnson,Consumer,United States,Mobile,Alabama,36608,South,FUR-FU-10004415,Furniture,Furnishings,"Stacking Tray, Side-Loading, Legal, Smoke",8.96,2,0.0,2.7776
3487,US-2013-134761,2013-01-12,2013-01-12,Same Day,DB-13210,Dean Braden,Consumer,United States,Hickory,North Carolina,28601,South,TEC-PH-10002890,Technology,Phones,AT&T 17929 Lendline Telephone,36.192,1,0.2,2.7144
3488,CA-2014-120705,2014-06-09,2014-12-09,Standard Class,MG-17875,Michael Grace,Home Office,United States,Fort Lauderdale,Florida,33311,South,OFF-ST-10001522,Office Supplies,Storage,"Gould Plastics 18-Pocket Panel Bin, 34w x 5-1/4d x 20-1/2h",147.184,2,0.2,-29.4368
3489,CA-2012-157322,2012-02-07,2012-06-07,Standard Class,RH-19600,Rob Haberlin,Consumer,United States,Carol Stream,Illinois,60188,Central,FUR-CH-10004086,Furniture,Chairs,Hon 4070 Series Pagoda Armless Upholstered Stacking Chairs,408.422,2,0.3,-5.8346
3490,CA-2012-157322,2012-02-07,2012-06-07,Standard Class,RH-19600,Rob Haberlin,Consumer,United States,Carol Stream,Illinois,60188,Central,FUR-CH-10003774,Furniture,Chairs,"Global Wood Trimmed Manager's Task Chair, Khaki",382.116,6,0.3,-92.7996
3491,CA-2012-157322,2012-02-07,2012-06-07,Standard Class,RH-19600,Rob Haberlin,Consumer,United States,Carol Stream,Illinois,60188,Central,OFF-ST-10004507,Office Supplies,Storage,Advantus Rolling Storage Box,68.6,5,0.2,6.0025
3492,CA-2012-157322,2012-02-07,2012-06-07,Standard Class,RH-19600,Rob Haberlin,Consumer,United States,Carol Stream,Illinois,60188,Central,OFF-ST-10003208,Office Supplies,Storage,Adjustable Depth Letter/Legal Cart,435.504,3,0.2,48.9942
3493,CA-2012-157322,2012-02-07,2012-06-07,Standard Class,RH-19600,Rob Haberlin,Consumer,United States,Carol Stream,Illinois,60188,Central,OFF-PA-10000659,Office Supplies,Paper,"Adams Phone Message Book, Professional, 400 Message Capacity, 5 3/6 x 11",11.168,2,0.2,3.7692
3497,CA-2013-107328,2013-09-08,,Standard Class,CA-12055,Cathy Armstrong,Home Office,United States,Los Angeles,California,90036,West,FUR-TA-10001932,Furniture,Tables,"Chromcraft 48"" x 96"" Racetrack Double Pedestal Table",513.024,2,0.2,12.8256
3498,CA-2013-107328,2013-09-08,,Standard Class,CA-12055,Cathy Armstrong,Home Office,United States,Los Angeles,California,90036,West,OFF-AP-10004487,Office Supplies,Appliances,Kensington 4 Outlet MasterPiece Compact Power Control Center,487.92,6,0.0,136.6176
3499,CA-2013-107328,2013-09-08,,Standard Class,CA-12055,Cathy Armstrong,Home Office,United States,Los Angeles,California,90036,West,OFF-BI-10002160,Office Supplies,Binders,Acco Hanging Data Binders,15.24,5,0.2,5.334
3503,CA-2014-125115,2014-11-04,2014-11-04,Same Day,RD-19930,Russell D'Ascenzo,Consumer,United States,Austin,Texas,78745,Central,OFF-PA-10004101,Office Supplies,Paper,Xerox 1894,10.368,2,0.2,3.6288
3504,CA-2014-125115,2014-11-04,2014-11-04,Same Day,RD-19930,Russell D'Ascenzo,Consumer,United States,Austin,Texas,78745,Central,TEC-AC-10001714,Technology,Accessories,Logitech MX Performance Wireless Mouse,95.736,3,0.2,20.3439
3513,CA-2014-140326,2014-05-09,2014-07-09,First Class,HW-14935,Helen Wasserman,Corporate,United States,Chicago,Illinois,60653,Central,FUR-BO-10000112,Furniture,Bookcases,"Bush Birmingham Collection Bookcase, Dark Cherry",825.174,9,0.3,-117.882
3514,CA-2014-140326,2014-05-09,2014-07-09,First Class,HW-14935,Helen Wasserman,Corporate,United States,Chicago,Illinois,60653,Central,OFF-PA-10004041,Office Supplies,Paper,"It's Hot Message Books with Stickers, 2 3/4"" x 5""",17.76,3,0.2,5.55
3515,CA-2014-140326,2014-05-09,2014-07-09,First Class,HW-14935,Helen Wasserman,Corporate,United States,Chicago,Illinois,60653,Central,OFF-AR-10001149,Office Supplies,Art,"Sanford Colorific Colored Pencils, 12/Box",6.912,3,0.2,0.864
3517,US-2013-113649,2013-10-08,,First Class,HA-14920,Helen Andreada,Consumer,United States,Fayetteville,North Carolina,28314,South,OFF-PA-10000130,Office Supplies,Paper,Xerox 199,30.816,9,0.2,9.63
3518,US-2013-113649,2013-10-08,,First Class,HA-14920,Helen Andreada,Consumer,United States,Fayetteville,North Carolina,28314,South,TEC-PH-10002350,Technology,Phones,Apple EarPods with Remote and Mic,44.784,2,0.2,4.4784
3519,US-2013-113649,2013-10-08,,First Class,HA-14920,Helen Andreada,Consumer,United States,Fayetteville,North Carolina,28314,South,OFF-AP-10002518,Office Supplies,Appliances,Kensington 7 Outlet MasterPiece Power Center,569.536,4,0.2,64.0728
3521,CA-2012-168767,2012-10-04,,Standard Class,DM-12955,Dario Medina,Corporate,United States,Sacramento,California,95823,West,OFF-BI-10000773,Office Supplies,Binders,Insertable Tab Post Binder Dividers,12.832,2,0.2,4.3308
3524,CA-2013-137673,2013-06-09,2013-11-09,Standard Class,ML-17395,Marina Lichtenstein,Corporate,United States,San Diego,California,92105,West,TEC-AC-10002345,Technology,Accessories,HP Standard 104 key PS/2 Keyboard,116.0,8,0.0,29.0
3526,CA-2014-148922,2014-11-12,,Second Class,SU-20665,Stephanie Ulpright,Home Office,United States,Jackson,Mississippi,39212,South,TEC-AC-10001838,Technology,Accessories,Razer Tiamat Over Ear 7.1 Surround Sound PC Gaming Headset,599.97,3,0.0,257.9871
3527,CA-2014-148922,2014-11-12,,Second Class,SU-20665,Stephanie Ulpright,Home Office,United States,Jackson,Mississippi,39212,South,TEC-PH-10000148,Technology,Phones,Cyber Acoustics AC-202b Speech Recognition Stereo Headset,38.97,3,0.0,0.7794
3528,CA-2014-148922,2014-11-12,,Second Class,SU-20665,Stephanie Ulpright,Home Office,United States,Jackson,Mississippi,39212,South,OFF-BI-10003476,Office Supplies,Binders,Avery Metallic Poly Binders,45.84,8,0.0,22.0032
3538,CA-2011-158771,2011-09-05,2011-09-05,Same Day,SB-20290,Sean Braxton,Corporate,United States,Henderson,Kentucky,42420,South,OFF-ST-10000107,Office Supplies,Storage,Fellowes Super Stor/Drawer,83.25,3,0.0,14.985
3539,CA-2011-158771,2011-09-05,2011-09-05,Same Day,SB-20290,Sean Braxton,Corporate,United States,Henderson,Kentucky,42420,South,OFF-LA-10001641,Office Supplies,Labels,Avery 518,9.45,3,0.0,4.536
3540,CA-2011-158771,2011-09-05,2011-09-05,Same Day,SB-20290,Sean Braxton,Corporate,United States,Henderson,Kentucky,42420,South,OFF-LA-10003121,Office Supplies,Labels,Avery 506,20.65,5,0.0,9.499
3541,CA-2011-158771,2011-09-05,2011-09-05,Same Day,SB-20290,Sean Braxton,Corporate,United States,Henderson,Kentucky,42420,South,OFF-PA-10002689,Office Supplies,Paper,Weyerhaeuser First Choice Laser/Copy Paper (20Lb. and 88 Bright),45.36,7,0.0,21.7728
3557,CA-2014-118542,2014-02-12,2014-06-12,Standard Class,CC-12550,Clay Cheatham,Consumer,United States,Los Angeles,California,90008,West,OFF-PA-10004735,Office Supplies,Paper,Xerox 1905,45.36,7,0.0,21.7728
3558,CA-2014-118542,2014-02-12,2014-06-12,Standard Class,CC-12550,Clay Cheatham,Consumer,United States,Los Angeles,California,90008,West,OFF-BI-10003429,Office Supplies,Binders,"Cardinal HOLDit! Binder Insert Strips,Extra Strips",10.128,2,0.2,3.6714
3559,CA-2014-152737,2014-08-11,,Standard Class,TS-21505,Tony Sayre,Consumer,United States,San Francisco,California,94122,West,OFF-BI-10002982,Office Supplies,Binders,Avery Self-Adhesive Photo Pockets for Polaroid Photos,21.792,4,0.2,7.6272
3560,CA-2014-152737,2014-08-11,,Standard Class,TS-21505,Tony Sayre,Consumer,United States,San Francisco,California,94122,West,TEC-AC-10004975,Technology,Accessories,Plantronics Audio 995 Wireless Stereo Headset,439.8,4,0.0,145.134
3561,CA-2014-109757,2014-05-09,2014-10-09,Second Class,MD-17350,Maribeth Dona,Consumer,United States,Akron,Ohio,44312,East,OFF-AR-10002335,Office Supplies,Art,DIXON Oriole Pencils,8.256,4,0.2,0.6192
3562,CA-2014-109757,2014-05-09,2014-10-09,Second Class,MD-17350,Maribeth Dona,Consumer,United States,Akron,Ohio,44312,East,OFF-BI-10004001,Office Supplies,Binders,GBC Recycled VeloBinder Covers,25.56,5,0.7,-20.448
3563,CA-2014-109757,2014-05-09,2014-10-09,Second Class,MD-17350,Maribeth Dona,Consumer,United States,Akron,Ohio,44312,East,OFF-BI-10001634,Office Supplies,Binders,Wilson Jones Active Use Binders,4.368,2,0.7,-3.0576
3564,CA-2014-109757,2014-05-09,2014-10-09,Second Class,MD-17350,Maribeth Dona,Consumer,United States,Akron,Ohio,44312,East,OFF-PA-10000007,Office Supplies,Paper,"Telephone Message Books with Fax/Mobile Section, 4 1/4"" x 6""",11.52,4,0.2,3.744
3565,CA-2013-130029,2013-04-07,2013-07-07,First Class,GT-14755,Guy Thornton,Consumer,United States,Los Angeles,California,90049,West,OFF-PA-10000552,Office Supplies,Paper,Xerox 200,12.96,2,0.0,6.2208
3566,CA-2013-130029,2013-04-07,2013-07-07,First Class,GT-14755,Guy Thornton,Consumer,United States,Los Angeles,California,90049,West,OFF-FA-10001135,Office Supplies,Fasteners,"Brites Rubber Bands, 1 1/2 oz. Box",3.96,2,0.0,0.0792
3567,CA-2014-103877,2014-08-09,,Standard Class,RD-19660,Robert Dilbeck,Home Office,United States,Independence,Missouri,64055,Central,OFF-BI-10003650,Office Supplies,Binders,GBC DocuBind 300 Electric Binding Machine,1577.94,3,0.0,757.4112
3568,CA-2013-137176,2013-10-09,,Second Class,DB-12910,Daniel Byrd,Home Office,United States,Dallas,Texas,75220,Central,FUR-FU-10003832,Furniture,Furnishings,"Eldon Expressions Punched Metal & Wood Desk Accessories, Black & Cherry",15.008,4,0.6,-12.0064
3569,CA-2014-168109,2014-04-07,2014-04-07,Same Day,JK-15640,Jim Kriz,Home Office,United States,Seattle,Washington,98105,West,TEC-AC-10003628,Technology,Accessories,Logitech 910-002974 M325 Wireless Mouse for Web Scrolling,59.98,2,0.0,26.3912
3570,CA-2014-168109,2014-04-07,2014-04-07,Same Day,JK-15640,Jim Kriz,Home Office,United States,Seattle,Washington,98105,West,TEC-MA-10001148,Technology,Machines,Okidata MB491 Multifunction Printer,2395.2,6,0.2,209.58
3571,CA-2014-168109,2014-04-07,2014-04-07,Same Day,JK-15640,Jim Kriz,Home Office,United States,Seattle,Washington,98105,West,TEC-AC-10002049,Technology,Accessories,Plantronics Savi W720 Multi-Device Wireless Headset System,1687.8,4,0.0,742.632
3572,CA-2014-168109,2014-04-07,2014-04-07,Same Day,JK-15640,Jim Kriz,Home Office,United States,Seattle,Washington,98105,West,TEC-PH-10000702,Technology,Phones,"Square Credit Card Reader, 4 1/2"" x 4 1/2"" x 1"", White",7.992,1,0.2,2.6973
3574,CA-2014-117023,2014-08-08,,Standard Class,JW-15955,Joni Wasserman,Consumer,United States,Long Beach,New York,11561,East,OFF-AR-10003602,Office Supplies,Art,"Quartet Omega Colored Chalk, 12/Pack",11.68,2,0.0,5.4896
3575,CA-2014-117023,2014-08-08,,Standard Class,JW-15955,Joni Wasserman,Consumer,United States,Long Beach,New York,11561,East,OFF-AR-10004062,Office Supplies,Art,Staples,104.8,10,0.0,26.2
3577,CA-2013-103163,2013-08-06,2013-12-06,Standard Class,FM-14290,Frank Merwin,Home Office,United States,Bakersfield,California,93309,West,OFF-BI-10003305,Office Supplies,Binders,Avery Hanging File Binders,4.784,1,0.2,1.5548
3578,CA-2013-103163,2013-08-06,2013-12-06,Standard Class,FM-14290,Frank Merwin,Home Office,United States,Bakersfield,California,93309,West,OFF-PA-10004000,Office Supplies,Paper,"While You Were Out Pads, 50 per Pad, 4 x 5 1/4, Green Cycle",4.73,1,0.0,2.3177
3582,CA-2014-117807,2014-02-10,2014-08-10,Standard Class,DK-13090,Dave Kipp,Consumer,United States,Fremont,Nebraska,68025,Central,OFF-PA-10000994,Office Supplies,Paper,Xerox 1915,104.85,1,0.0,50.328
3583,CA-2012-121650,2012-10-12,,Standard Class,KD-16495,Keith Dawkins,Corporate,United States,Jackson,Michigan,49201,Central,OFF-AR-10001149,Office Supplies,Art,"Avery Hi-Liter Comfort Grip Fluorescent Highlighter, Yellow Ink",3.9,2,0.0,1.521
3584,CA-2012-121650,2012-10-12,,Standard Class,KD-16495,Keith Dawkins,Corporate,United States,Jackson,Michigan,49201,Central,FUR-TA-10003569,Furniture,Tables,Bretford CR8500 Series Meeting Room Furniture,801.96,2,0.0,200.49
3585,CA-2012-121650,2012-10-12,,Standard Class,KD-16495,Keith Dawkins,Corporate,United States,Jackson,Michigan,49201,Central,FUR-CH-10004289,Furniture,Chairs,Global Super Steno Chair,191.96,2,0.0,32.6332
3586,CA-2012-121650,2012-10-12,,Standard Class,KD-16495,Keith Dawkins,Corporate,United States,Jackson,Michigan,49201,Central,OFF-LA-10001045,Office Supplies,Labels,Permanent Self-Adhesive File Folder Labels for Typewriters by Universal,2.61,1,0.0,1.2006
3587,CA-2014-161823,2014-04-09,2014-09-09,Standard Class,AG-10300,Aleksandra Gannaway,Corporate,United States,San Francisco,California,94122,West,OFF-AR-10002053,Office Supplies,Art,"Premium Writing Pencils, Soft, #2 by Central Association for the Blind",5.96,2,0.0,1.6688
3593,CA-2013-108434,2013-06-12,2013-08-12,Second Class,JG-15160,James Galang,Consumer,United States,New York City,New York,10024,East,OFF-ST-10002615,Office Supplies,Storage,"Dual Level, Single-Width Filing Carts",465.18,3,0.0,120.9468
3594,CA-2013-164154,2013-12-09,,Standard Class,NZ-18565,Nick Zandusky,Home Office,United States,Toledo,Ohio,43615,East,OFF-BI-10001658,Office Supplies,Binders,GBC Standard Therm-A-Bind Covers,22.428,3,0.7,-17.9424
3595,CA-2013-164154,2013-12-09,,Standard Class,NZ-18565,Nick Zandusky,Home Office,United States,Toledo,Ohio,43615,East,OFF-ST-10002562,Office Supplies,Storage,Staples,37.52,5,0.2,3.752
3596,CA-2014-148012,2014-10-12,,Standard Class,KM-16225,Kalyca Meade,Corporate,United States,Philadelphia,Pennsylvania,19143,East,OFF-AR-10004757,Office Supplies,Art,Crayola Colored Pencils,2.624,1,0.2,0.4264
3597,CA-2011-102869,2011-09-09,,Second Class,LC-17140,Logan Currie,Consumer,United States,Philadelphia,Pennsylvania,19140,East,OFF-PA-10000788,Office Supplies,Paper,Xerox 210,15.552,3,0.2,5.4432
3598,CA-2011-102869,2011-09-09,,Second Class,LC-17140,Logan Currie,Consumer,United States,Philadelphia,Pennsylvania,19140,East,TEC-AC-10002134,Technology,Accessories,Rosewill 107 Normal Keys USB Wired Standard Keyboard,64.704,6,0.2,-4.8528
3599,CA-2011-102869,2011-09-09,,Second Class,LC-17140,Logan Currie,Consumer,United States,Philadelphia,Pennsylvania,19140,East,FUR-FU-10002456,Furniture,Furnishings,"Master Caster Door Stop, Large Neon Orange",17.472,3,0.2,5.0232
3600,CA-2011-102869,2011-09-09,,Second Class,LC-17140,Logan Currie,Consumer,United States,Philadelphia,Pennsylvania,19140,East,TEC-PH-10002549,Technology,Phones,Polycom SoundPoint IP 450 VoIP phone,135.516,1,0.4,-31.6204
3613,CA-2012-110093,2012-03-12,2012-08-12,Standard Class,AB-10255,Alejandro Ballentine,Home Office,United States,Philadelphia,Pennsylvania,19134,East,OFF-PA-10000174,Office Supplies,Paper,"Message Book, Wirebound, Four 5 1/2"" X 4"" Forms/Pg., 200 Dupl. Sets/Book",16.448,2,0.2,5.5512
3614,CA-2012-110093,2012-03-12,2012-08-12,Standard Class,AB-10255,Alejandro Ballentine,Home Office,United States,Philadelphia,Pennsylvania,19134,East,TEC-AC-10000171,Technology,Accessories,"Verbatim 25 GB 6x Blu-ray Single Layer Recordable Disc, 25/Pack",36.784,2,0.2,10.5754
3617,CA-2013-154536,2013-06-09,2013-10-09,Standard Class,JC-15340,Jasper Cacioppo,Consumer,United States,Philadelphia,Pennsylvania,19120,East,OFF-BI-10004410,Office Supplies,Binders,"C-Line Peel & Stick Add-On Filing Pockets, 8-3/4 x 5-1/8, 10/Pack",9.555,5,0.7,-7.3255
3618,CA-2014-141929,2014-05-09,2014-09-09,Standard Class,RA-19285,Ralph Arnett,Consumer,United States,Los Angeles,California,90004,West,OFF-BI-10004632,Office Supplies,Binders,Ibico Hi-Tech Manual Binding System,487.984,2,0.2,152.495
3619,CA-2014-141929,2014-05-09,2014-09-09,Standard Class,RA-19285,Ralph Arnett,Consumer,United States,Los Angeles,California,90004,West,TEC-PH-10002185,Technology,Phones,QVS USB Car Charger 2-Port 2.1Amp for iPod/iPhone/iPad/iPad 2/iPad 3,5.56,1,0.2,1.7375
3620,CA-2014-141929,2014-05-09,2014-09-09,Standard Class,RA-19285,Ralph Arnett,Consumer,United States,Los Angeles,California,90004,West,OFF-ST-10002974,Office Supplies,Storage,"Trav-L-File Heavy-Duty Shuttle II, Black",217.85,5,0.0,65.355
3629,CA-2011-169726,2011-09-08,,Standard Class,JH-15985,Joseph Holt,Consumer,United States,Seattle,Washington,98103,West,OFF-BI-10004600,Office Supplies,Binders,Ibico Ibimaster 300 Manual Binding System,2060.744,7,0.2,643.9825
3632,CA-2014-132178,2014-04-05,2014-09-05,Second Class,DB-12970,Darren Budd,Corporate,United States,Los Angeles,California,90004,West,OFF-ST-10000464,Office Supplies,Storage,"Multi-Use Personal File Cart and Caster Set, Three Stacking Bins",69.52,2,0.0,19.4656
3633,CA-2014-132178,2014-04-05,2014-09-05,Second Class,DB-12970,Darren Budd,Corporate,United States,Los Angeles,California,90004,West,OFF-ST-10000025,Office Supplies,Storage,Fellowes Stor/Drawer Steel Plus Storage Drawers,763.44,8,0.0,45.8064
3634,CA-2013-145177,2013-11-11,,Standard Class,PP-18955,Paul Prost,Home Office,United States,Springfield,Ohio,45503,East,OFF-LA-10001613,Office Supplies,Labels,Avery File Folder Labels,9.216,4,0.2,3.3408
3635,CA-2013-145177,2013-11-11,,Standard Class,PP-18955,Paul Prost,Home Office,United States,Springfield,Ohio,45503,East,TEC-PH-10000376,Technology,Phones,Square Credit Card Reader,41.958,7,0.4,-9.7902
3636,CA-2013-145177,2013-11-11,,Standard Class,PP-18955,Paul Prost,Home Office,United States,Springfield,Ohio,45503,East,OFF-PA-10004039,Office Supplies,Paper,Xerox 1882,89.568,2,0.2,32.4684
3637,CA-2013-145177,2013-11-11,,Standard Class,PP-18955,Paul Prost,Home Office,United States,Springfield,Ohio,45503,East,OFF-PA-10001776,Office Supplies,Paper,"Wirebound Message Books, Four 2 3/4"" x 5"" Forms per Page, 600 Sets per Book",22.248,3,0.2,7.5087
3638,CA-2013-145177,2013-11-11,,Standard Class,PP-18955,Paul Prost,Home Office,United States,Springfield,Ohio,45503,East,OFF-AP-10002457,Office Supplies,Appliances,"Eureka The Boss Plus 12-Amp Hard Box Upright Vacuum, Red",334.88,4,0.2,29.302
3639,CA-2013-145177,2013-11-11,,Standard Class,PP-18955,Paul Prost,Home Office,United States,Springfield,Ohio,45503,East,FUR-FU-10000758,Furniture,Furnishings,DAX Natural Wood-Tone Poster Frame,148.288,7,0.2,29.6576
3640,CA-2013-145177,2013-11-11,,Standard Class,PP-18955,Paul Prost,Home Office,United States,Springfield,Ohio,45503,East,OFF-PA-10000682,Office Supplies,Paper,Xerox 1924,4.624,1,0.2,1.6762
3641,CA-2013-145177,2013-11-11,,Standard Class,PP-18955,Paul Prost,Home Office,United States,Springfield,Ohio,45503,East,TEC-AC-10002550,Technology,Accessories,"Memorex 25GB 6X Branded Blu-Ray Recordable Disc, 30/Pack",178.92,7,0.2,-29.0745
3642,CA-2013-145177,2013-11-11,,Standard Class,PP-18955,Paul Prost,Home Office,United States,Springfield,Ohio,45503,East,OFF-BI-10002082,Office Supplies,Binders,GBC Twin Loop Wire Binding Elements,69.888,7,0.7,-46.592
3651,CA-2014-109960,2014-10-12,2014-12-12,Second Class,DB-13210,Dean Braden,Consumer,United States,Detroit,Michigan,48234,Central,TEC-AC-10004859,Technology,Accessories,"Maxell Pro 80 Minute CD-R, 10/Pack",104.88,6,0.0,41.952
3652,CA-2014-109960,2014-10-12,2014-12-12,Second Class,DB-13210,Dean Braden,Consumer,United States,Detroit,Michigan,48234,Central,OFF-AR-10001860,Office Supplies,Art,BIC Liqua Brite Liner,34.7,5,0.0,12.492
3653,CA-2014-109960,2014-10-12,2014-12-12,Second Class,DB-13210,Dean Braden,Consumer,United States,Detroit,Michigan,48234,Central,OFF-BI-10001636,Office Supplies,Binders,Ibico Plastic and Wire Spiral Binding Combs,33.72,4,0.0,15.5112
3654,CA-2014-109960,2014-10-12,2014-12-12,Second Class,DB-13210,Dean Braden,Consumer,United States,Detroit,Michigan,48234,Central,OFF-PA-10000349,Office Supplies,Paper,Staples,14.94,3,0.0,7.0218
3655,CA-2014-133004,2014-01-09,2014-06-09,Standard Class,AJ-10945,Ashley Jarboe,Consumer,United States,Lawrence,Indiana,46226,Central,OFF-AP-10002439,Office Supplies,Appliances,Tripp Lite Isotel 8 Ultra 8 Outlet Metal Surge,638.73,9,0.0,166.0698
3657,CA-2014-158036,2014-09-09,,Standard Class,DB-13555,Dorothy Badders,Corporate,United States,Dublin,Ohio,43017,East,TEC-AC-10002558,Technology,Accessories,Imation Swivel Flash Drive USB flash drive - 8 GB,9.096,1,0.2,1.7055
3658,CA-2012-128083,2012-12-03,,Standard Class,EB-13750,Edward Becker,Corporate,United States,Plantation,Florida,33317,South,OFF-EN-10004030,Office Supplies,Envelopes,Convenience Packs of Business Envelopes,8.688,3,0.2,2.9322
3659,CA-2012-128083,2012-12-03,,Standard Class,EB-13750,Edward Becker,Corporate,United States,Plantation,Florida,33317,South,FUR-FU-10003194,Furniture,Furnishings,"Eldon Expressions Desk Accessory, Wood Pencil Holder, Oak",30.88,4,0.2,3.86
3660,CA-2012-128083,2012-12-03,,Standard Class,EB-13750,Edward Becker,Corporate,United States,Plantation,Florida,33317,South,FUR-FU-10001731,Furniture,Furnishings,Acrylic Self-Standing Desk Frames,6.408,3,0.2,1.4418
3663,US-2014-129777,2014-04-07,2014-10-07,Standard Class,FM-14290,Frank Merwin,Home Office,United States,Quincy,Massachusetts,2169,East,TEC-AC-10003590,Technology,Accessories,"TRENDnet 56K USB 2.0 Phone, Internet and Fax Modem",258.9,10,0.0,93.204
3664,US-2014-129777,2014-04-07,2014-10-07,Standard Class,FM-14290,Frank Merwin,Home Office,United States,Quincy,Massachusetts,2169,East,OFF-PA-10001970,Office Supplies,Paper,Xerox 1881,24.56,2,0.0,11.5432
3665,CA-2011-129364,2011-08-12,,Standard Class,TB-21250,Tim Brockman,Consumer,United States,Salem,Oregon,97301,West,OFF-LA-10001569,Office Supplies,Labels,Avery 499,27.888,7,0.2,9.0636
3666,CA-2011-129364,2011-08-12,,Standard Class,TB-21250,Tim Brockman,Consumer,United States,Salem,Oregon,97301,West,OFF-BI-10001132,Office Supplies,Binders,"Acco PRESSTEX Data Binder with Storage Hooks, Dark Blue, 9 1/2"" X 11""",6.456,4,0.7,-4.5192
3667,CA-2011-129364,2011-08-12,,Standard Class,TB-21250,Tim Brockman,Consumer,United States,Salem,Oregon,97301,West,TEC-PH-10003095,Technology,Phones,Samsung HM1900 Bluetooth Headset,52.68,3,0.2,19.755
3668,CA-2011-129364,2011-08-12,,Standard Class,TB-21250,Tim Brockman,Consumer,United States,Salem,Oregon,97301,West,OFF-SU-10000432,Office Supplies,Supplies,Acco Side-Punched Conventional Columnar Pads,13.88,5,0.2,-2.6025
3669,CA-2011-129364,2011-08-12,,Standard Class,TB-21250,Tim Brockman,Consumer,United States,Salem,Oregon,97301,West,TEC-AC-10004227,Technology,Accessories,SanDisk Ultra 16 GB MicroSDHC Class 10 Memory Card,103.92,10,0.2,-18.186
3670,CA-2011-129364,2011-08-12,,Standard Class,TB-21250,Tim Brockman,Consumer,United States,Salem,Oregon,97301,West,OFF-LA-10004409,Office Supplies,Labels,Avery 492,11.52,5,0.2,3.744
3671,CA-2011-129364,2011-08-12,,Standard Class,TB-21250,Tim Brockman,Consumer,United States,Salem,Oregon,97301,West,OFF-PA-10001569,Office Supplies,Paper,Xerox 232,10.368,2,0.2,3.6288
3672,CA-2011-129364,2011-08-12,,Standard Class,TB-21250,Tim Brockman,Consumer,United States,Salem,Oregon,97301,West,OFF-ST-10001031,Office Supplies,Storage,Adjustable Personal File Tote,39.072,3,0.2,2.9304
3673,CA-2013-104969,2013-09-04,,Standard Class,EH-14125,Eugene Hildebrand,Home Office,United States,Troy,Ohio,45373,East,OFF-EN-10002312,Office Supplies,Envelopes,#10 Self-Seal White Envelopes,8.872,1,0.2,3.2161
3674,CA-2013-104969,2013-09-04,,Standard Class,EH-14125,Eugene Hildebrand,Home Office,United States,Troy,Ohio,45373,East,OFF-BI-10004224,Office Supplies,Binders,Catalog Binders with Expanding Posts,121.104,6,0.7,-100.92
3675,CA-2014-154109,2014-07-11,2014-12-11,Standard Class,ML-17410,Maris LaWare,Consumer,United States,Philadelphia,Pennsylvania,19143,East,FUR-CH-10003774,Furniture,Chairs,"Global Wood Trimmed Manager's Task Chair, Khaki",127.372,2,0.3,-30.9332
3676,CA-2014-154109,2014-07-11,2014-12-11,Standard Class,ML-17410,Maris LaWare,Consumer,United States,Philadelphia,Pennsylvania,19143,East,OFF-PA-10000157,Office Supplies,Paper,Xerox 191,47.952,3,0.2,16.1838
3677,CA-2012-156440,2012-05-12,2012-09-12,Standard Class,MH-17620,Matt Hagelstein,Corporate,United States,San Diego,California,92105,West,FUR-FU-10004090,Furniture,Furnishings,"Executive Impressions 14"" Contract Wall Clock",44.46,2,0.0,14.6718
3678,CA-2012-132626,2012-09-07,,Standard Class,BT-11680,Brian Thompson,Consumer,United States,Clinton,Maryland,20735,East,OFF-FA-10002763,Office Supplies,Fasteners,Advantus Map Pennant Flags and Round Head Tacks,15.8,4,0.0,5.056
3679,CA-2012-132626,2012-09-07,,Standard Class,BT-11680,Brian Thompson,Consumer,United States,Clinton,Maryland,20735,East,TEC-MA-10002428,Technology,Machines,Fellowes Powershred HS-440 4-Sheet High Security Shredder,464.97,3,0.0,209.2365
3680,CA-2012-132626,2012-09-07,,Standard Class,BT-11680,Brian Thompson,Consumer,United States,Clinton,Maryland,20735,East,FUR-FU-10002918,Furniture,Furnishings,Eldon ClusterMat Chair Mat with Cordless Antistatic Protection,181.96,2,0.0,20.0156
3681,CA-2012-132626,2012-09-07,,Standard Class,BT-11680,Brian Thompson,Consumer,United States,Clinton,Maryland,20735,East,OFF-LA-10000476,Office Supplies,Labels,"Avery 05222 Permanent Self-Adhesive File Folder Labels for Typewriters, on Rolls, White, 250/Roll",12.39,3,0.0,5.6994
3682,CA-2012-132626,2012-09-07,,Standard Class,BT-11680,Brian Thompson,Consumer,United States,Clinton,Maryland,20735,East,OFF-BI-10002854,Office Supplies,Binders,"Performers Binder/Pad Holder, Black",84.09,3,0.0,42.045
3683,CA-2012-132626,2012-09-07,,Standard Class,BT-11680,Brian Thompson,Consumer,United States,Clinton,Maryland,20735,East,OFF-AR-10002987,Office Supplies,Art,Prismacolor Color Pencil Set,79.36,4,0.0,32.5376
3684,CA-2012-132626,2012-09-07,,Standard Class,BT-11680,Brian Thompson,Consumer,United States,Clinton,Maryland,20735,East,OFF-BI-10004001,Office Supplies,Binders,GBC Recycled VeloBinder Covers,153.36,9,0.0,70.5456
3685,CA-2012-132626,2012-09-07,,Standard Class,BT-11680,Brian Thompson,Consumer,United States,Clinton,Maryland,20735,East,OFF-BI-10001634,Office Supplies,Binders,Wilson Jones Active Use Binders,43.68,6,0.0,21.4032
3686,CA-2012-132626,2012-09-07,,Standard Class,BT-11680,Brian Thompson,Consumer,United States,Clinton,Maryland,20735,East,OFF-ST-10003722,Office Supplies,Storage,Project Tote Personal File,98.21,7,0.0,28.4809
3689,CA-2014-140760,2014-03-06,2014-06-06,Second Class,DO-13435,Denny Ordway,Consumer,United States,Mesa,Arizona,85204,West,OFF-PA-10002479,Office Supplies,Paper,Xerox 4200 Series MultiUse Premium Copy Paper (20Lb. and 84 Bright),25.344,6,0.2,7.92
3690,CA-2014-140760,2014-03-06,2014-06-06,Second Class,DO-13435,Denny Ordway,Consumer,United States,Mesa,Arizona,85204,West,OFF-EN-10001141,Office Supplies,Envelopes,"Manila Recycled Extra-Heavyweight Clasp Envelopes, 6"" x 9""",43.92,5,0.2,15.921
3702,CA-2013-126543,2013-09-01,,Second Class,MF-17665,Maureen Fritzler,Corporate,United States,Toledo,Ohio,43615,East,FUR-FU-10002445,Furniture,Furnishings,"DAX Two-Tone Rosewood/Black Document Frame, Desktop, 5 x 7",15.168,2,0.2,3.792
3715,CA-2011-135608,2011-08-12,2011-10-12,Second Class,JK-15625,Jim Karlsson,Consumer,United States,Olympia,Washington,98502,West,OFF-PA-10001954,Office Supplies,Paper,Xerox 1964,45.68,2,0.0,21.0128
3716,CA-2011-135608,2011-08-12,2011-10-12,Second Class,JK-15625,Jim Karlsson,Consumer,United States,Olympia,Washington,98502,West,FUR-CH-10002602,Furniture,Chairs,DMI Arturo Collection Mission-style Design Wood Chair,603.92,5,0.2,45.294
3725,CA-2014-127264,2014-04-04,2014-06-04,First Class,SA-20830,Sue Ann Reed,Consumer,United States,Chicago,Illinois,60653,Central,OFF-AR-10003045,Office Supplies,Art,Prang Colored Pencils,7.056,3,0.2,2.205
3727,CA-2013-165169,2013-06-06,2013-12-06,Standard Class,JL-15235,Janet Lee,Consumer,United States,Newark,Delaware,19711,East,OFF-ST-10001496,Office Supplies,Storage,Standard Rollaway File with Lock,360.38,2,0.0,93.6988
3728,CA-2013-165169,2013-06-06,2013-12-06,Standard Class,JL-15235,Janet Lee,Consumer,United States,Newark,Delaware,19711,East,OFF-AR-10000122,Office Supplies,Art,Newell 314,11.16,2,0.0,2.79
3729,CA-2013-165169,2013-06-06,2013-12-06,Standard Class,JL-15235,Janet Lee,Consumer,United States,Newark,Delaware,19711,East,OFF-LA-10000407,Office Supplies,Labels,Avery White Multi-Purpose Labels,14.94,3,0.0,6.8724
3735,CA-2014-168193,2014-07-03,2014-12-03,Second Class,RM-19750,Roland Murray,Consumer,United States,New York City,New York,10011,East,OFF-PA-10002254,Office Supplies,Paper,Xerox 1883,26.38,1,0.0,12.1348
3736,CA-2014-168193,2014-07-03,2014-12-03,Second Class,RM-19750,Roland Murray,Consumer,United States,New York City,New York,10011,East,FUR-FU-10002554,Furniture,Furnishings,"Westinghouse Floor Lamp with Metal Mesh Shade, Black",71.97,3,0.0,16.5531
3739,CA-2013-133340,2013-10-12,,Standard Class,LH-17155,Logan Haushalter,Consumer,United States,Jackson,Michigan,49201,Central,TEC-PH-10003988,Technology,Phones,"LF Elite 3D Dazzle Designer Hard Case Cover, Lf Stylus Pen and Wiper For Apple Iphone 5c Mini Lite",10.9,1,0.0,3.052
3740,CA-2013-133340,2013-10-12,,Standard Class,LH-17155,Logan Haushalter,Consumer,United States,Jackson,Michigan,49201,Central,TEC-AC-10001109,Technology,Accessories,Logitech Trackman Marble Mouse,59.98,2,0.0,25.1916
3741,CA-2013-133340,2013-10-12,,Standard Class,LH-17155,Logan Haushalter,Consumer,United States,Jackson,Michigan,49201,Central,OFF-AP-10002311,Office Supplies,Appliances,"Holmes Replacement Filter for HEPA Air Cleaner, Very Large Room, HEPA Filter",61.929,1,0.1,23.3954
3756,CA-2013-116799,2013-04-03,2013-07-03,First Class,JG-15310,Jason Gross,Corporate,United States,Odessa,Texas,79762,Central,OFF-PA-10001892,Office Supplies,Paper,"Rediform Wirebound ""Phone Memo"" Message Book, 11 x 5-3/4",42.784,7,0.2,15.5092
3757,CA-2013-116799,2013-04-03,2013-07-03,First Class,JG-15310,Jason Gross,Corporate,United States,Odessa,Texas,79762,Central,FUR-CH-10004983,Furniture,Chairs,Office Star - Mid Back Dual function Ergonomic High Back Chair with 2-Way Adjustable Arms,563.43,5,0.3,-56.343
3758,CA-2013-111283,2013-01-03,2013-05-03,Standard Class,LC-16870,Lena Cacioppo,Consumer,United States,Newark,Ohio,43055,East,OFF-AR-10001615,Office Supplies,Art,Newell 34,111.104,7,0.2,8.3328
3768,CA-2012-103205,2012-08-12,2012-10-12,Second Class,JJ-15760,Joel Jenkins,Home Office,United States,Houston,Texas,77036,Central,TEC-PH-10004896,Technology,Phones,Nokia Lumia 521 (T-Mobile),119.96,5,0.2,11.996
3773,CA-2011-115357,2011-06-08,2011-11-08,Second Class,RF-19735,Roland Fjeld,Consumer,United States,Columbia,South Carolina,29203,South,TEC-AC-10000023,Technology,Accessories,"Maxell 74 Minute CD-R Spindle, 50/Pack",62.91,3,0.0,22.6476
3774,US-2011-102715,2011-11-04,,Second Class,JK-15370,Jay Kimmel,Consumer,United States,Miami,Florida,33180,South,OFF-FA-10001332,Office Supplies,Fasteners,"Acco Banker's Clasps, 5 3/4""-Long",6.912,3,0.2,2.3328
3775,US-2011-102715,2011-11-04,,Second Class,JK-15370,Jay Kimmel,Consumer,United States,Miami,Florida,33180,South,TEC-AC-10002001,Technology,Accessories,Logitech Wireless Gaming Headset G930,383.976,3,0.2,81.5949
3776,US-2011-102715,2011-11-04,,Second Class,JK-15370,Jay Kimmel,Consumer,United States,Miami,Florida,33180,South,OFF-PA-10000029,Office Supplies,Paper,Xerox 224,10.368,2,0.2,3.6288
3777,US-2011-102715,2011-11-04,,Second Class,JK-15370,Jay Kimmel,Consumer,United States,Miami,Florida,33180,South,TEC-AC-10001874,Technology,Accessories,Logitech Wireless Anywhere Mouse MX for PC and Mac,335.944,7,0.2,41.993
3778,CA-2012-107937,2012-03-05,2012-08-05,Standard Class,JB-16045,Julia Barnett,Home Office,United States,Chula Vista,California,91911,West,FUR-FU-10002298,Furniture,Furnishings,"Rubbermaid ClusterMat Chairmats, Mat Size- 66"" x 60"", Lip 20"" x 11"" -90 Degree Angle",665.88,6,0.0,106.5408
3779,US-2014-148768,2014-01-12,2014-03-12,Second Class,PN-18775,Parhena Norris,Home Office,United States,Miami,Florida,33180,South,TEC-PH-10002564,Technology,Phones,OtterBox Defender Series Case - Samsung Galaxy S4,71.976,3,0.2,8.997
3782,CA-2012-135314,2012-09-07,,Second Class,MC-17575,Matt Collins,Consumer,United States,Philadelphia,Pennsylvania,19120,East,TEC-PH-10003072,Technology,Phones,Panasonic KX-TG9541B DECT 6.0 Digital 2-Line Expandable Cordless Phone With Digital Answering System,269.982,3,0.4,40.4973
3785,CA-2014-125752,2014-01-08,2014-05-08,Standard Class,EH-14125,Eugene Hildebrand,Home Office,United States,Fort Lauderdale,Florida,33311,South,TEC-AC-10003590,Technology,Accessories,"TRENDnet 56K USB 2.0 Phone, Internet and Fax Modem",41.424,2,0.2,8.2848
3787,CA-2013-144218,2013-01-11,2013-05-11,Standard Class,JD-15895,Jonathan Doherty,Corporate,United States,Los Angeles,California,90045,West,OFF-ST-10002615,Office Supplies,Storage,"Dual Level, Single-Width Filing Carts",1085.42,7,0.0,282.2092
3788,CA-2013-169971,2013-05-09,2013-10-09,Standard Class,IL-15100,Ivan Liston,Consumer,United States,Houston,Texas,77041,Central,OFF-AR-10002804,Office Supplies,Art,Faber Castell Col-Erase Pencils,3.912,1,0.2,1.0269
3789,CA-2013-169971,2013-05-09,2013-10-09,Standard Class,IL-15100,Ivan Liston,Consumer,United States,Houston,Texas,77041,Central,OFF-AR-10001044,Office Supplies,Art,"BOSTON Ranger #55 Pencil Sharpener, Black",62.376,3,0.2,7.0173
3791,CA-2011-107139,2011-05-07,2011-11-07,Standard Class,DP-13390,Dennis Pardue,Home Office,United States,Los Angeles,California,90004,West,OFF-BI-10001670,Office Supplies,Binders,Vinyl Sectional Post Binders,180.96,6,0.2,67.86
3799,CA-2014-147760,2014-05-11,2014-06-11,First Class,KL-16555,Kelly Lampkin,Corporate,United States,Greensboro,North Carolina,27405,South,FUR-TA-10004575,Furniture,Tables,Hon 5100 Series Wood Tables,523.764,3,0.4,-192.0468
3800,CA-2014-147760,2014-05-11,2014-06-11,First Class,KL-16555,Kelly Lampkin,Corporate,United States,Greensboro,North Carolina,27405,South,TEC-PH-10002483,Technology,Phones,Motorola Moto X,1359.96,5,0.2,118.9965
3807,CA-2012-113628,2012-12-11,,Standard Class,AH-10690,Anna Häberlin,Corporate,United States,Plantation,Florida,33317,South,OFF-AR-10001246,Office Supplies,Art,Newell 317,11.76,5,0.2,1.323
3808,CA-2012-113628,2012-12-11,,Standard Class,AH-10690,Anna Häberlin,Corporate,United States,Plantation,Florida,33317,South,OFF-BI-10003291,Office Supplies,Binders,Wilson Jones Leather-Like Binders with DublLock Round Rings,5.238,2,0.7,-4.0158
3809,CA-2012-113628,2012-12-11,,Standard Class,AH-10690,Anna Häberlin,Corporate,United States,Plantation,Florida,33317,South,OFF-BI-10002799,Office Supplies,Binders,"SlimView Poly Binder, 3/8""",4.662,3,0.7,-3.7296
3810,CA-2012-113628,2012-12-11,,Standard Class,AH-10690,Anna Häberlin,Corporate,United States,Plantation,Florida,33317,South,FUR-CH-10003298,Furniture,Chairs,"Office Star - Contemporary Task Swivel chair with Loop Arms, Charcoal",523.92,5,0.2,-72.039
3811,CA-2012-113628,2012-12-11,,Standard Class,AH-10690,Anna Häberlin,Corporate,United States,Plantation,Florida,33317,South,TEC-PH-10000441,Technology,Phones,VTech DS6151,100.792,1,0.2,10.0792
3812,CA-2012-113628,2012-12-11,,Standard Class,AH-10690,Anna Häberlin,Corporate,United States,Plantation,Florida,33317,South,FUR-CH-10004477,Furniture,Chairs,"Global Push Button Manager's Chair, Indigo",146.136,3,0.2,16.4403
3813,CA-2014-147753,2014-06-03,2014-06-03,Same Day,PK-19075,Pete Kriz,Consumer,United States,Milwaukee,Wisconsin,53209,Central,OFF-LA-10003537,Office Supplies,Labels,Avery 515,25.06,2,0.0,11.7782
3814,CA-2012-103961,2012-05-11,2012-09-11,Standard Class,NG-18430,Nathan Gelder,Consumer,United States,Quincy,Illinois,62301,Central,OFF-LA-10004484,Office Supplies,Labels,Avery 476,19.824,6,0.2,6.4428
3815,CA-2013-152471,2013-09-07,2013-09-07,Same Day,ZD-21925,Zuschuss Donatelli,Consumer,United States,Jacksonville,Florida,32216,South,TEC-PH-10002824,Technology,Phones,Jabra SPEAK 410 Multidevice Speakerphone,823.96,5,0.2,51.4975
3816,CA-2013-152471,2013-09-07,2013-09-07,Same Day,ZD-21925,Zuschuss Donatelli,Consumer,United States,Jacksonville,Florida,32216,South,OFF-PA-10004965,Office Supplies,Paper,Xerox 1921,15.984,2,0.2,4.995
3820,CA-2014-141873,2014-10-10,,Standard Class,HG-14845,Harry Greene,Consumer,United States,New York City,New York,10024,East,OFF-BI-10001031,Office Supplies,Binders,Pressboard Data Binders by Wilson Jones,12.816,3,0.2,4.3254
3821,CA-2014-141873,2014-10-10,,Standard Class,HG-14845,Harry Greene,Consumer,United States,New York City,New York,10024,East,FUR-BO-10003034,Furniture,Bookcases,"O'Sullivan Elevations Bookcase, Cherry Finish",314.352,3,0.2,-15.7176
3822,CA-2014-141873,2014-10-10,,Standard Class,HG-14845,Harry Greene,Consumer,United States,New York City,New York,10024,East,OFF-PA-10000069,Office Supplies,Paper,"TOPS 4 x 6 Fluorescent Color Memo Sheets, 500 Sheets per Pack",18.98,2,0.0,8.9206
3823,CA-2014-141873,2014-10-10,,Standard Class,HG-14845,Harry Greene,Consumer,United States,New York City,New York,10024,East,OFF-BI-10003655,Office Supplies,Binders,Durable Pressboard Binders,18.24,6,0.2,6.156
3827,CA-2011-132801,2011-07-10,2011-12-10,Standard Class,JG-15805,John Grady,Corporate,United States,Dallas,Texas,75217,Central,OFF-ST-10001228,Office Supplies,Storage,"Fellowes Personal Hanging Folder Files, Navy",107.44,10,0.2,10.744
3828,CA-2014-141733,2014-08-05,2014-12-05,Standard Class,RW-19540,Rick Wilson,Corporate,United States,Detroit,Michigan,48234,Central,FUR-CH-10004086,Furniture,Chairs,Hon 4070 Series Pagoda Armless Upholstered Stacking Chairs,1458.65,5,0.0,423.0085
3829,CA-2014-141733,2014-08-05,2014-12-05,Standard Class,RW-19540,Rick Wilson,Corporate,United States,Detroit,Michigan,48234,Central,FUR-CH-10002017,Furniture,Chairs,SAFCO Optional Arm Kit for Workspace Cribbage Stacking Chair,26.64,1,0.0,7.4592
3830,CA-2014-141733,2014-08-05,2014-12-05,Standard Class,RW-19540,Rick Wilson,Corporate,United States,Detroit,Michigan,48234,Central,FUR-CH-10000595,Furniture,Chairs,Safco Contoured Stacking Chairs,476.8,2,0.0,119.2
3831,CA-2014-141733,2014-08-05,2014-12-05,Standard Class,RW-19540,Rick Wilson,Corporate,United States,Detroit,Michigan,48234,Central,OFF-AP-10001563,Office Supplies,Appliances,Belkin Premiere Surge Master II 8-outlet surge protector,87.444,2,0.1,18.4604
3836,CA-2011-100363,2011-08-04,,Standard Class,JM-15655,Jim Mitchum,Corporate,United States,Glendale,Arizona,85301,West,OFF-FA-10000611,Office Supplies,Fasteners,Binder Clips by OIC,2.368,2,0.2,0.8288
3837,CA-2011-100363,2011-08-04,,Standard Class,JM-15655,Jim Mitchum,Corporate,United States,Glendale,Arizona,85301,West,OFF-PA-10004733,Office Supplies,Paper,Things To Do Today Spiral Book,19.008,3,0.2,6.8904
3842,US-2011-109162,2011-08-06,2011-12-06,Standard Class,KE-16420,Katrina Edelman,Corporate,United States,Bristol,Tennessee,37620,South,FUR-CH-10002647,Furniture,Chairs,"Situations Contoured Folding Chairs, 4/Set",170.352,3,0.2,10.647
3851,CA-2012-142377,2012-04-12,2012-09-12,Standard Class,MS-17980,Michael Stewart,Corporate,United States,Springfield,Missouri,65807,Central,OFF-PA-10001970,Office Supplies,Paper,Xerox 1881,85.96,7,0.0,40.4012
3854,US-2014-131849,2014-07-06,2014-11-06,Standard Class,GH-14410,Gary Hansen,Home Office,United States,San Francisco,California,94122,West,FUR-FU-10004164,Furniture,Furnishings,"Eldon 300 Class Desk Accessories, Black",4.95,1,0.0,2.178
3855,US-2014-131849,2014-07-06,2014-11-06,Standard Class,GH-14410,Gary Hansen,Home Office,United States,San Francisco,California,94122,West,OFF-ST-10002957,Office Supplies,Storage,Sterilite Show Offs Storage Containers,26.4,5,0.0,0.0
3862,CA-2011-135755,2011-03-05,2011-10-05,Standard Class,NC-18415,Nathan Cano,Consumer,United States,Yonkers,New York,10701,East,OFF-BI-10004828,Office Supplies,Binders,GBC Poly Designer Binding Covers,40.176,3,0.2,14.5638
3863,CA-2011-135755,2011-03-05,2011-10-05,Standard Class,NC-18415,Nathan Cano,Consumer,United States,Yonkers,New York,10701,East,OFF-BI-10003981,Office Supplies,Binders,"Avery Durable Plastic 1"" Binders",10.896,3,0.2,3.9498
3874,CA-2013-136231,2013-06-09,2013-08-09,Second Class,DM-13015,Darrin Martin,Consumer,United States,Johnson City,Tennessee,37604,South,OFF-EN-10001099,Office Supplies,Envelopes,Staples,23.472,3,0.2,7.6284
3875,CA-2013-136231,2013-06-09,2013-08-09,Second Class,DM-13015,Darrin Martin,Consumer,United States,Johnson City,Tennessee,37604,South,OFF-BI-10001597,Office Supplies,Binders,"Wilson Jones Ledger-Size, Piano-Hinge Binder, 2"", Blue",86.058,7,0.7,-63.1092
3876,CA-2013-136231,2013-06-09,2013-08-09,Second Class,DM-13015,Darrin Martin,Consumer,United States,Johnson City,Tennessee,37604,South,TEC-PH-10002660,Technology,Phones,Nortel Networks T7316 E Nt8 B27,108.784,2,0.2,6.799
3877,CA-2013-136231,2013-06-09,2013-08-09,Second Class,DM-13015,Darrin Martin,Consumer,United States,Johnson City,Tennessee,37604,South,OFF-PA-10000327,Office Supplies,Paper,Xerox 1971,10.272,3,0.2,3.21
3879,CA-2011-151001,2011-05-04,2011-07-04,First Class,JG-15805,John Grady,Corporate,United States,Decatur,Illinois,62521,Central,OFF-ST-10003455,Office Supplies,Storage,"Tenex File Box, Personal Filing Tote with Lid, Black",49.632,4,0.2,3.7224
3880,CA-2011-151001,2011-05-04,2011-07-04,First Class,JG-15805,John Grady,Corporate,United States,Decatur,Illinois,62521,Central,OFF-ST-10001031,Office Supplies,Storage,Adjustable Personal File Tote,52.096,4,0.2,3.9072
3885,CA-2011-152849,2011-05-07,2011-12-07,Standard Class,DW-13195,David Wiener,Corporate,United States,Knoxville,Tennessee,37918,South,OFF-AR-10002833,Office Supplies,Art,Newell 322,4.368,3,0.2,0.3822
3887,CA-2013-167759,2013-04-03,2013-09-03,Second Class,CC-12670,Craig Carreira,Consumer,United States,Bloomington,Indiana,47401,Central,TEC-PH-10003171,Technology,Phones,Plantronics Encore H101 Dual Earpieces Headset,134.85,3,0.0,37.758
3888,CA-2011-100895,2011-02-06,2011-06-06,Standard Class,SV-20785,Stewart Visinsky,Consumer,United States,Roswell,Georgia,30076,South,OFF-AR-10004511,Office Supplies,Art,"Sanford Colorific Scented Colored Pencils, 12/Pack",8.56,2,0.0,2.6536
3889,CA-2011-100895,2011-02-06,2011-06-06,Standard Class,SV-20785,Stewart Visinsky,Consumer,United States,Roswell,Georgia,30076,South,TEC-PH-10001425,Technology,Phones,Mophie Juice Pack Helium for iPhone,239.97,3,0.0,67.1916
3890,CA-2011-100895,2011-02-06,2011-06-06,Standard Class,SV-20785,Stewart Visinsky,Consumer,United States,Roswell,Georgia,30076,South,OFF-ST-10001490,Office Supplies,Storage,"Hot File 7-Pocket, Floor Stand",356.94,2,0.0,107.082
3894,US-2013-144547,2013-11-11,,Standard Class,MS-17770,Maxwell Schwartz,Consumer,United States,Houston,Texas,77036,Central,TEC-AC-10004901,Technology,Accessories,Kensington SlimBlade Notebook Wireless Mouse with Nano Receiver,279.944,7,0.2,48.9902
3896,CA-2014-110212,2014-02-05,2014-06-05,Standard Class,SJ-20125,Sanjit Jacobs,Home Office,United States,Texarkana,Arkansas,71854,South,TEC-AC-10002331,Technology,Accessories,"Maxell 74 Minute CDR, 10/Pack",48.9,5,0.0,18.093
3897,CA-2014-134285,2014-08-12,,Standard Class,DS-13180,David Smith,Corporate,United States,San Antonio,Texas,78207,Central,OFF-FA-10000611,Office Supplies,Fasteners,Binder Clips by OIC,3.552,3,0.2,1.2432
3898,CA-2014-134285,2014-08-12,,Standard Class,DS-13180,David Smith,Corporate,United States,San Antonio,Texas,78207,Central,OFF-PA-10000304,Office Supplies,Paper,Xerox 1995,15.552,3,0.2,5.4432
3899,CA-2014-102267,2014-01-12,2014-05-12,Standard Class,SC-20800,Stuart Calhoun,Consumer,United States,Edinburg,Texas,78539,Central,OFF-FA-10000611,Office Supplies,Fasteners,Binder Clips by OIC,2.368,2,0.2,0.8288
3900,CA-2014-157980,2014-08-12,2014-10-12,First Class,SH-20395,Shahid Hopkins,Consumer,United States,Toledo,Ohio,43615,East,TEC-AC-10002567,Technology,Accessories,Logitech G602 Wireless Gaming Mouse,127.984,2,0.2,25.5968
3901,CA-2012-121097,2012-03-01,2012-08-01,Standard Class,SF-20965,Sylvia Foulston,Corporate,United States,Baytown,Texas,77520,Central,OFF-PA-10001937,Office Supplies,Paper,Xerox 21,10.368,2,0.2,3.6288
3903,US-2012-119312,2012-02-10,2012-07-10,Second Class,CS-12400,Christopher Schild,Home Office,United States,Los Angeles,California,90045,West,OFF-ST-10000943,Office Supplies,Storage,Eldon ProFile File 'N Store Portable File Tub Letter/Legal Size Black,270.34,14,0.0,75.6952
3904,CA-2012-167010,2012-05-04,2012-10-04,Standard Class,VT-21700,Valerie Takahito,Home Office,United States,Philadelphia,Pennsylvania,19143,East,OFF-AP-10004036,Office Supplies,Appliances,Bionaire 99.97% HEPA Air Cleaner,98.112,7,0.2,18.396
3905,CA-2012-167010,2012-05-04,2012-10-04,Standard Class,VT-21700,Valerie Takahito,Home Office,United States,Philadelphia,Pennsylvania,19143,East,OFF-ST-10003816,Office Supplies,Storage,Fellowes High-Stak Drawer Files,563.808,4,0.2,21.1428
3906,CA-2012-167010,2012-05-04,2012-10-04,Standard Class,VT-21700,Valerie Takahito,Home Office,United States,Philadelphia,Pennsylvania,19143,East,OFF-BI-10002072,Office Supplies,Binders,Cardinal Slant-D Ring Binders,10.428,4,0.7,-6.952
3907,CA-2012-167010,2012-05-04,2012-10-04,Standard Class,VT-21700,Valerie Takahito,Home Office,United States,Philadelphia,Pennsylvania,19143,East,FUR-FU-10001468,Furniture,Furnishings,Tenex Antistatic Computer Chair Mats,547.136,4,0.2,-68.392
3908,CA-2012-167010,2012-05-04,2012-10-04,Standard Class,VT-21700,Valerie Takahito,Home Office,United States,Philadelphia,Pennsylvania,19143,East,TEC-PH-10000347,Technology,Phones,Cush Cases Heavy Duty Rugged Cover Case for Samsung Galaxy S5 - Purple,14.85,5,0.4,-3.2175
3909,CA-2012-167010,2012-05-04,2012-10-04,Standard Class,VT-21700,Valerie Takahito,Home Office,United States,Philadelphia,Pennsylvania,19143,East,TEC-PH-10002844,Technology,Phones,Speck Products Candyshell Flip Case,41.988,2,0.4,-9.7972
3910,CA-2012-167010,2012-05-04,2012-10-04,Standard Class,VT-21700,Valerie Takahito,Home Office,United States,Philadelphia,Pennsylvania,19143,East,FUR-FU-10001037,Furniture,Furnishings,"DAX Charcoal/Nickel-Tone Document Frame, 5 x 7",7.584,1,0.2,2.37
3911,CA-2012-167010,2012-05-04,2012-10-04,Standard Class,VT-21700,Valerie Takahito,Home Office,United States,Philadelphia,Pennsylvania,19143,East,FUR-BO-10004218,Furniture,Bookcases,"Bush Heritage Pine Collection 5-Shelf Bookcase, Albany Pine Finish, *Special Order",352.45,5,0.5,-211.47
3912,CA-2014-126788,2014-06-06,2014-07-06,First Class,AB-10105,Adrian Barton,Consumer,United States,Pearland,Texas,77581,Central,TEC-PH-10001619,Technology,Phones,LG G3,470.376,3,0.2,52.9173
3920,US-2012-148817,2012-01-12,2012-07-12,Standard Class,KD-16495,Keith Dawkins,Corporate,United States,Chesapeake,Virginia,23320,South,OFF-ST-10001321,Office Supplies,Storage,"Decoflex Hanging Personal Folder File, Blue",61.68,4,0.0,16.6536
3921,US-2012-148817,2012-01-12,2012-07-12,Standard Class,KD-16495,Keith Dawkins,Corporate,United States,Chesapeake,Virginia,23320,South,OFF-BI-10004233,Office Supplies,Binders,"GBC Pre-Punched Binding Paper, Plastic, White, 8-1/2"" x 11""",63.96,4,0.0,30.7008
3934,CA-2014-123001,2014-03-09,2014-09-09,Standard Class,AW-10840,Anthony Witt,Consumer,United States,Bakersfield,California,93309,West,OFF-AR-10001919,Office Supplies,Art,"OIC #2 Pencils, Medium Soft",9.4,5,0.0,2.726
3935,CA-2014-123001,2014-03-09,2014-09-09,Standard Class,AW-10840,Anthony Witt,Consumer,United States,Bakersfield,California,93309,West,OFF-LA-10004544,Office Supplies,Labels,Avery 505,74.0,5,0.0,37.0
3936,CA-2014-123001,2014-03-09,2014-09-09,Standard Class,AW-10840,Anthony Witt,Consumer,United States,Bakersfield,California,93309,West,TEC-PH-10003484,Technology,Phones,Ooma Telo VoIP Home Phone System,201.584,2,0.2,12.599
3940,US-2013-143448,2013-11-12,2013-11-12,Same Day,MH-17455,Mark Hamilton,Consumer,United States,Greenwood,Indiana,46142,Central,FUR-CH-10003379,Furniture,Chairs,Global Commerce Series High-Back Swivel/Tilt Chairs,1424.9,5,0.0,356.225
3953,US-2013-151862,2013-02-03,2013-09-03,Standard Class,ON-18715,Odella Nelson,Corporate,United States,Denver,Colorado,80219,West,TEC-PH-10003535,Technology,Phones,RCA ViSYS 25423RE1 Corded phone,159.984,2,0.2,13.9986
3955,CA-2011-133228,2011-04-04,2011-09-04,Standard Class,MS-17710,Maurice Satty,Consumer,United States,Detroit,Michigan,48205,Central,FUR-FU-10004020,Furniture,Furnishings,Advantus Panel Wall Acrylic Frame,5.47,1,0.0,2.3521
3956,CA-2011-133228,2011-04-04,2011-09-04,Standard Class,MS-17710,Maurice Satty,Consumer,United States,Detroit,Michigan,48205,Central,OFF-AR-10001955,Office Supplies,Art,Newell 319,79.36,4,0.0,23.808
3966,CA-2011-164910,2011-12-11,,Second Class,DM-13345,Denise Monton,Corporate,United States,Asheville,North Carolina,28806,South,OFF-AR-10003651,Office Supplies,Art,Newell 350,7.872,3,0.2,0.8856
3967,CA-2013-149902,2013-02-04,2013-07-04,Standard Class,DW-13540,Don Weiss,Consumer,United States,New York City,New York,10024,East,OFF-AR-10002956,Office Supplies,Art,Boston 16801 Nautilus Battery Pencil Sharpener,88.04,4,0.0,22.8904
3969,US-2012-163685,2012-01-06,2012-05-06,Standard Class,KE-16420,Katrina Edelman,Corporate,United States,San Antonio,Texas,78207,Central,OFF-BI-10001890,Office Supplies,Binders,Avery Poly Binder Pockets,5.728,8,0.8,-9.1648
3970,US-2012-163685,2012-01-06,2012-05-06,Standard Class,KE-16420,Katrina Edelman,Corporate,United States,San Antonio,Texas,78207,Central,OFF-PA-10002606,Office Supplies,Paper,Xerox 1928,42.24,10,0.2,13.2
3978,CA-2014-101308,2014-03-10,2014-08-10,Standard Class,FG-14260,Frank Gastineau,Home Office,United States,Seattle,Washington,98105,West,OFF-FA-10002780,Office Supplies,Fasteners,Staples,8.94,3,0.0,4.1124
3979,CA-2014-101308,2014-03-10,2014-08-10,Standard Class,FG-14260,Frank Gastineau,Home Office,United States,Seattle,Washington,98105,West,TEC-PH-10003800,Technology,Phones,i.Sound Portable Power - 8000 mAh,84.784,2,0.2,-20.1362
3983,CA-2013-135265,2013-08-07,2013-10-07,Second Class,CC-12370,Christopher Conant,Consumer,United States,Los Angeles,California,90045,West,FUR-CH-10003061,Furniture,Chairs,"Global Leather Task Chair, Black",287.968,4,0.2,-3.5996
3984,CA-2013-135265,2013-08-07,2013-10-07,Second Class,CC-12370,Christopher Conant,Consumer,United States,Los Angeles,California,90045,West,TEC-CO-10003763,Technology,Copiers,Canon PC1060 Personal Laser Copier,2799.96,5,0.2,944.9865
3985,CA-2013-135265,2013-08-07,2013-10-07,Second Class,CC-12370,Christopher Conant,Consumer,United States,Los Angeles,California,90045,West,OFF-PA-10002923,Office Supplies,Paper,Xerox 1942,48.94,1,0.0,24.47
3987,CA-2014-112333,2014-09-04,,Standard Class,KF-16285,Karen Ferguson,Home Office,United States,Plainfield,New Jersey,7060,East,OFF-ST-10001780,Office Supplies,Storage,Tennsco 16-Compartment Lockers with Coat Rack,2591.56,4,0.0,621.9744
3988,CA-2014-112333,2014-09-04,,Standard Class,KF-16285,Karen Ferguson,Home Office,United States,Plainfield,New Jersey,7060,East,OFF-AP-10001962,Office Supplies,Appliances,Black & Decker Filter for Double Action Dustbuster Cordless Vac BLDV7210,41.95,5,0.0,10.4875
3991,CA-2011-137589,2011-03-11,2011-08-11,Standard Class,MS-17770,Maxwell Schwartz,Consumer,United States,Lancaster,Pennsylvania,17602,East,OFF-SU-10000157,Office Supplies,Supplies,Compact Automatic Electric Letter Opener,286.344,3,0.2,-64.4274
3992,CA-2012-161998,2012-01-05,2012-05-05,Standard Class,DB-13120,David Bremer,Corporate,United States,Tampa,Florida,33614,South,FUR-FU-10001095,Furniture,Furnishings,DAX Black Cherry Wood-Tone Poster Frame,63.552,3,0.2,14.2992
3993,CA-2012-161998,2012-01-05,2012-05-05,Standard Class,DB-13120,David Bremer,Corporate,United States,Tampa,Florida,33614,South,OFF-SU-10004261,Office Supplies,Supplies,"Fiskars 8"" Scissors, 2/Pack",41.376,3,0.2,4.6548
3994,CA-2012-161998,2012-01-05,2012-05-05,Standard Class,DB-13120,David Bremer,Corporate,United States,Tampa,Florida,33614,South,OFF-AR-10004022,Office Supplies,Art,Panasonic KP-380BK Classic Electric Pencil Sharpener,172.704,6,0.2,10.794
3995,CA-2012-105627,2012-08-03,2012-12-03,Standard Class,DK-12895,Dana Kaydos,Consumer,United States,Kenosha,Wisconsin,53142,Central,FUR-BO-10002916,Furniture,Bookcases,"Rush Hierlooms Collection 1"" Thick Stackable Bookcases",512.94,3,0.0,97.4586
3996,CA-2012-105627,2012-08-03,2012-12-03,Standard Class,DK-12895,Dana Kaydos,Consumer,United States,Kenosha,Wisconsin,53142,Central,FUR-CH-10002084,Furniture,Chairs,Hon Mobius Operator's Chair,860.93,7,0.0,189.4046
3997,CA-2012-105627,2012-08-03,2012-12-03,Standard Class,DK-12895,Dana Kaydos,Consumer,United States,Kenosha,Wisconsin,53142,Central,TEC-PH-10003012,Technology,Phones,Nortel Meridian M3904 Professional Digital phone,769.95,5,0.0,223.2855
3998,CA-2012-105627,2012-08-03,2012-12-03,Standard Class,DK-12895,Dana Kaydos,Consumer,United States,Kenosha,Wisconsin,53142,Central,OFF-AR-10002704,Office Supplies,Art,Boston 1900 Electric Pencil Sharpener,14.98,1,0.0,4.494
3999,CA-2012-105627,2012-08-03,2012-12-03,Standard Class,DK-12895,Dana Kaydos,Consumer,United States,Kenosha,Wisconsin,53142,Central,FUR-FU-10000308,Furniture,Furnishings,Deflect-o Glass Clear Studded Chair Mats,373.08,6,0.0,82.0776
4001,CA-2011-116834,2011-11-10,,Standard Class,Dp-13240,Dean percer,Home Office,United States,Seattle,Washington,98115,West,FUR-FU-10001196,Furniture,Furnishings,DAX Cubicle Frames - 8x10,63.47,11,0.0,19.041
4002,CA-2011-116834,2011-11-10,,Standard Class,Dp-13240,Dean percer,Home Office,United States,Seattle,Washington,98115,West,TEC-AC-10002942,Technology,Accessories,WD My Passport Ultra 1TB Portable External Hard Drive,345.0,5,0.0,58.65
4003,CA-2013-145730,2013-04-03,2013-09-03,Standard Class,CC-12220,Chris Cortes,Consumer,United States,San Antonio,Texas,78207,Central,FUR-TA-10004915,Furniture,Tables,"Office Impressions End Table, 20-1/2""H x 24""W x 20""D",637.896,3,0.3,-127.5792
4004,CA-2013-145730,2013-04-03,2013-09-03,Standard Class,CC-12220,Chris Cortes,Consumer,United States,San Antonio,Texas,78207,Central,TEC-MA-10001016,Technology,Machines,Canon PC170 Desktop Personal Copier,287.91,3,0.4,33.5895
4005,CA-2013-145730,2013-04-03,2013-09-03,Standard Class,CC-12220,Chris Cortes,Consumer,United States,San Antonio,Texas,78207,Central,OFF-EN-10000483,Office Supplies,Envelopes,"White Envelopes, White Envelopes with Clear Poly Window",36.6,3,0.2,11.895
4006,US-2012-168732,2012-10-12,,Standard Class,KM-16660,Khloe Miller,Consumer,United States,Roswell,Georgia,30076,South,OFF-AR-10003087,Office Supplies,Art,Staples,1.78,1,0.0,0.4984
4007,US-2012-168732,2012-10-12,,Standard Class,KM-16660,Khloe Miller,Consumer,United States,Roswell,Georgia,30076,South,OFF-PA-10000520,Office Supplies,Paper,Xerox 201,25.92,4,0.0,12.4416
4008,US-2012-168732,2012-10-12,,Standard Class,KM-16660,Khloe Miller,Consumer,United States,Roswell,Georgia,30076,South,TEC-AC-10001553,Technology,Accessories,"Memorex 25GB 6X Branded Blu-Ray Recordable Disc, 15/Pack",101.94,6,0.0,21.4074
4010,CA-2014-144463,2014-02-01,2014-06-01,Standard Class,SC-20725,Steven Cartwright,Consumer,United States,Los Angeles,California,90036,West,FUR-FU-10001215,Furniture,Furnishings,"Howard Miller 11-1/2"" Diameter Brentwood Wall Clock",474.43,11,0.0,199.2606
4026,CA-2014-139311,2014-12-08,,First Class,SF-20965,Sylvia Foulston,Corporate,United States,Bedford,Texas,76021,Central,OFF-PA-10001776,Office Supplies,Paper,"Wirebound Message Books, Four 2 3/4"" x 5"" Forms per Page, 600 Sets per Book",29.664,4,0.2,10.0116
4027,CA-2014-139311,2014-12-08,,First Class,SF-20965,Sylvia Foulston,Corporate,United States,Bedford,Texas,76021,Central,OFF-AR-10004582,Office Supplies,Art,BIC Brite Liner Grip Highlighters,9.184,7,0.2,2.87
4028,CA-2014-139311,2014-12-08,,First Class,SF-20965,Sylvia Foulston,Corporate,United States,Bedford,Texas,76021,Central,TEC-PH-10001557,Technology,Phones,Pyle PMP37LED,153.584,2,0.2,13.4386
4029,CA-2014-139311,2014-12-08,,First Class,SF-20965,Sylvia Foulston,Corporate,United States,Bedford,Texas,76021,Central,OFF-BI-10004209,Office Supplies,Binders,"Fellowes Twister Kit, Gray/Clear, 3/pkg",12.864,8,0.8,-22.512
4046,CA-2012-136378,2012-02-04,2012-07-04,Standard Class,CS-11845,Cari Sayre,Corporate,United States,Houston,Texas,77070,Central,OFF-BI-10003707,Office Supplies,Binders,Aluminum Screw Posts,9.156,3,0.8,-13.734
4061,CA-2013-129196,2013-02-11,2013-08-11,Standard Class,XP-21865,Xylona Preis,Consumer,United States,Chicago,Illinois,60610,Central,TEC-AC-10002473,Technology,Accessories,Maxell 4.7GB DVD-R,68.112,3,0.2,17.8794
4063,US-2013-122182,2013-11-03,,Standard Class,BD-11770,Bryan Davis,Consumer,United States,Philadelphia,Pennsylvania,19143,East,TEC-AC-10002800,Technology,Accessories,Plantronics Audio 478 Stereo USB Headset,39.992,1,0.2,7.4985
4066,CA-2011-102673,2011-01-11,2011-05-11,Standard Class,KH-16630,Ken Heidel,Corporate,United States,Charlotte,North Carolina,28205,South,OFF-FA-10003021,Office Supplies,Fasteners,Staples,7.52,5,0.2,1.41
4067,CA-2011-102673,2011-01-11,2011-05-11,Standard Class,KH-16630,Ken Heidel,Corporate,United States,Charlotte,North Carolina,28205,South,OFF-AR-10000634,Office Supplies,Art,Newell 320,10.272,3,0.2,0.8988
4068,CA-2011-102673,2011-01-11,2011-05-11,Standard Class,KH-16630,Ken Heidel,Corporate,United States,Charlotte,North Carolina,28205,South,OFF-LA-10001771,Office Supplies,Labels,Avery 513,47.808,12,0.2,15.5376
4069,CA-2011-102673,2011-01-11,2011-05-11,Standard Class,KH-16630,Ken Heidel,Corporate,United States,Charlotte,North Carolina,28205,South,TEC-PH-10004434,Technology,Phones,Cisco IP Phone 7961G VoIP phone - Dark gray,978.84,9,0.2,110.1195
4073,CA-2012-156104,2012-06-12,2012-08-12,Second Class,NP-18685,Nora Pelletier,Home Office,United States,Indianapolis,Indiana,46203,Central,TEC-CO-10002095,Technology,Copiers,Hewlett Packard 610 Color Digital Copier / Printer,999.98,2,0.0,449.991
4085,CA-2014-163692,2014-08-09,2014-10-09,First Class,Dp-13240,Dean percer,Home Office,United States,Phoenix,Arizona,85023,West,OFF-BI-10003291,Office Supplies,Binders,Wilson Jones Leather-Like Binders with DublLock Round Rings,7.857,3,0.7,-6.0237
4086,CA-2013-111913,2013-05-08,2013-07-08,Second Class,LC-16930,Linda Cazamias,Corporate,United States,Sacramento,California,95823,West,TEC-PH-10002275,Technology,Phones,Mitel 5320 IP Phone VoIP phone,302.384,2,0.2,30.2384
4087,CA-2013-111913,2013-05-08,2013-07-08,Second Class,LC-16930,Linda Cazamias,Corporate,United States,Sacramento,California,95823,West,OFF-BI-10003291,Office Supplies,Binders,Wilson Jones Leather-Like Binders with DublLock Round Rings,20.952,3,0.2,7.0713
4088,CA-2013-111913,2013-05-08,2013-07-08,Second Class,LC-16930,Linda Cazamias,Corporate,United States,Sacramento,California,95823,West,OFF-BI-10000343,Office Supplies,Binders,"Pressboard Covers with Storage Hooks, 9 1/2"" x 11"", Light Blue",11.784,3,0.2,3.9771
4090,CA-2013-161473,2013-02-04,2013-06-04,Standard Class,TB-21175,Thomas Boland,Corporate,United States,New York City,New York,10035,East,OFF-LA-10001297,Office Supplies,Labels,Avery 473,20.7,2,0.0,9.936
4091,CA-2013-161473,2013-02-04,2013-06-04,Standard Class,TB-21175,Thomas Boland,Corporate,United States,New York City,New York,10035,East,OFF-SU-10001574,Office Supplies,Supplies,Acme Value Line Scissors,10.95,3,0.0,3.285
4092,CA-2013-161473,2013-02-04,2013-06-04,Standard Class,TB-21175,Thomas Boland,Corporate,United States,New York City,New York,10035,East,OFF-BI-10003305,Office Supplies,Binders,Avery Hanging File Binders,14.352,3,0.2,4.6644
4105,US-2014-155999,2014-08-08,,Standard Class,JK-15370,Jay Kimmel,Consumer,United States,San Diego,California,92105,West,TEC-PH-10000439,Technology,Phones,GE DSL Phone Line Filter,159.96,5,0.2,17.9955
4106,US-2014-155999,2014-08-08,,Standard Class,JK-15370,Jay Kimmel,Consumer,United States,San Diego,California,92105,West,OFF-BI-10000404,Office Supplies,Binders,Avery Printable Repositionable Plastic Tabs,13.76,2,0.2,4.644
4108,CA-2012-105599,2012-07-09,2012-07-09,Same Day,MC-17275,Marc Crier,Consumer,United States,New York City,New York,10011,East,OFF-ST-10002486,Office Supplies,Storage,Eldon Shelf Savers Cubes and Bins,13.96,2,0.0,0.2792
4109,CA-2012-105599,2012-07-09,2012-07-09,Same Day,MC-17275,Marc Crier,Consumer,United States,New York City,New York,10011,East,FUR-TA-10003837,Furniture,Tables,Anderson Hickey Conga Table Tops & Accessories,27.414,3,0.4,-14.1639
4114,CA-2012-116687,2012-02-05,2012-07-05,Standard Class,NC-18625,Noah Childs,Corporate,United States,Houston,Texas,77095,Central,OFF-LA-10000443,Office Supplies,Labels,Avery 501,8.856,3,0.2,2.9889
4115,CA-2012-116687,2012-02-05,2012-07-05,Standard Class,NC-18625,Noah Childs,Corporate,United States,Houston,Texas,77095,Central,TEC-PH-10001750,Technology,Phones,Samsung Rugby III,158.376,3,0.2,13.8579
4121,CA-2014-117394,2014-05-09,2014-11-09,Standard Class,MM-17920,Michael Moore,Consumer,United States,Philadelphia,Pennsylvania,19120,East,TEC-AC-10000199,Technology,Accessories,Kingston Digital DataTraveler 8GB USB 2.0,19.04,4,0.2,-1.428
4122,CA-2014-133823,2014-12-05,,Same Day,LP-17080,Liz Pelletier,Consumer,United States,Seattle,Washington,98103,West,OFF-PA-10002870,Office Supplies,Paper,"Ampad Phone Message Book, Recycled, 400 Message Capacity, 5 ¾ x 11",37.44,6,0.0,16.848
4123,CA-2014-133823,2014-12-05,,Same Day,LP-17080,Liz Pelletier,Consumer,United States,Seattle,Washington,98103,West,OFF-LA-10004545,Office Supplies,Labels,Avery 50,37.59,3,0.0,17.6673
4124,CA-2014-133823,2014-12-05,,Same Day,LP-17080,Liz Pelletier,Consumer,United States,Seattle,Washington,98103,West,OFF-BI-10000962,Office Supplies,Binders,"Acco Flexible ACCOHIDE Square Ring Data Binder, Dark Blue, 11 1/2"" X 14"" 7/8""",26.032,2,0.2,9.4366
4125,CA-2011-127523,2011-11-05,,Standard Class,BG-11695,Brooke Gillingham,Corporate,United States,Watertown,New York,13601,East,OFF-AP-10004249,Office Supplies,Appliances,Staples,35.91,3,0.0,9.6957
4127,CA-2014-156769,2014-07-05,2014-10-05,First Class,GZ-14470,Gary Zandusky,Consumer,United States,Arlington,Virginia,22204,South,OFF-AR-10003179,Office Supplies,Art,Dixon Ticonderoga Core-Lock Colored Pencils,54.66,6,0.0,18.0378
4132,CA-2012-111703,2012-02-07,2012-09-07,Standard Class,KB-16315,Karl Braun,Consumer,United States,Hollywood,Florida,33021,South,OFF-PA-10000349,Office Supplies,Paper,Staples,11.952,3,0.2,4.0338
4133,CA-2012-111703,2012-02-07,2012-09-07,Standard Class,KB-16315,Karl Braun,Consumer,United States,Hollywood,Florida,33021,South,OFF-PA-10003349,Office Supplies,Paper,Xerox 1957,15.552,3,0.2,5.6376
4134,CA-2011-128839,2011-08-09,,Standard Class,TT-21070,Ted Trevino,Consumer,United States,Chesapeake,Virginia,23320,South,OFF-FA-10002280,Office Supplies,Fasteners,Advantus Plastic Paper Clips,45.0,9,0.0,21.6
4135,CA-2011-128839,2011-08-09,,Standard Class,TT-21070,Ted Trevino,Consumer,United States,Chesapeake,Virginia,23320,South,TEC-MA-10000029,Technology,Machines,"Epson WorkForce WF-2530 All-in-One Printer, Copier Scanner",209.97,3,0.0,90.2871
4136,CA-2014-105914,2014-03-10,2014-09-10,Standard Class,PV-18985,Paul Van Hugh,Home Office,United States,Los Angeles,California,90036,West,OFF-BI-10002854,Office Supplies,Binders,"Performers Binder/Pad Holder, Black",112.12,5,0.2,42.045
4137,CA-2014-105914,2014-03-10,2014-09-10,Standard Class,PV-18985,Paul Van Hugh,Home Office,United States,Los Angeles,California,90036,West,OFF-ST-10003716,Office Supplies,Storage,Tennsco Double-Tier Lockers,1575.14,7,0.0,204.7682
4140,CA-2014-127313,2014-02-12,2014-05-12,First Class,RA-19285,Ralph Arnett,Consumer,United States,Philadelphia,Pennsylvania,19120,East,OFF-ST-10001228,Office Supplies,Storage,Personal File Boxes with Fold-Down Carry Handle,37.392,3,0.2,2.337
4141,CA-2014-127313,2014-02-12,2014-05-12,First Class,RA-19285,Ralph Arnett,Consumer,United States,Philadelphia,Pennsylvania,19120,East,FUR-FU-10003798,Furniture,Furnishings,"Ultra Door Kickplate, 8""H x 34""W",79.12,5,0.2,13.846
4152,CA-2014-100160,2014-08-09,2014-12-09,Standard Class,CB-12025,Cassandra Brandow,Consumer,United States,Philadelphia,Pennsylvania,19134,East,OFF-LA-10002475,Office Supplies,Labels,Avery 519,29.24,5,0.2,9.8685
4153,CA-2014-100160,2014-08-09,2014-12-09,Standard Class,CB-12025,Cassandra Brandow,Consumer,United States,Philadelphia,Pennsylvania,19134,East,OFF-PA-10003072,Office Supplies,Paper,"Eureka Recycled Copy Paper 8 1/2"" x 11"", Ream",15.552,3,0.2,5.4432
4154,CA-2014-100160,2014-08-09,2014-12-09,Standard Class,CB-12025,Cassandra Brandow,Consumer,United States,Philadelphia,Pennsylvania,19134,East,OFF-EN-10001509,Office Supplies,Envelopes,Poly String Tie Envelopes,4.896,3,0.2,1.6524
4157,CA-2012-101091,2012-05-12,2012-09-12,Second Class,SW-20245,Scot Wooten,Consumer,United States,Philadelphia,Pennsylvania,19140,East,TEC-AC-10003280,Technology,Accessories,Belkin F8E887 USB Wired Ergonomic Keyboard,47.984,2,0.2,0.5998
4158,CA-2012-101091,2012-05-12,2012-09-12,Second Class,SW-20245,Scot Wooten,Consumer,United States,Philadelphia,Pennsylvania,19140,East,OFF-BI-10001107,Office Supplies,Binders,"GBC White Gloss Covers, Plain Front",26.064,6,0.7,-19.9824
4159,CA-2011-126907,2011-01-11,2011-08-11,Standard Class,SM-20950,Suzanne McNair,Corporate,United States,Chicago,Illinois,60610,Central,OFF-PA-10000533,Office Supplies,Paper,Southworth Parchment Paper & Envelopes,15.696,3,0.2,5.1012
4167,CA-2012-160213,2012-08-03,,Standard Class,AR-10825,Anthony Rawles,Corporate,United States,Long Beach,New York,11561,East,OFF-PA-10003848,Office Supplies,Paper,Xerox 1997,19.44,3,0.0,9.3312
4168,CA-2011-157924,2011-11-10,,First Class,HA-14920,Helen Andreada,Consumer,United States,Pasadena,California,91104,West,OFF-ST-10002352,Office Supplies,Storage,Iris Project Case,31.92,4,0.0,8.2992
4169,CA-2011-157924,2011-11-10,,First Class,HA-14920,Helen Andreada,Consumer,United States,Pasadena,California,91104,West,FUR-CH-10000229,Furniture,Chairs,Global Enterprise Series Seating High-Back Swivel/Tilt Chairs,433.568,2,0.2,-65.0352
4173,CA-2013-152163,2013-02-07,2013-02-07,Same Day,JF-15355,Jay Fein,Consumer,United States,Columbia,South Carolina,29203,South,OFF-BI-10002215,Office Supplies,Binders,"Wilson Jones Hanging View Binder, White, 1""",14.2,2,0.0,6.532
4174,CA-2013-152163,2013-02-07,2013-02-07,Same Day,JF-15355,Jay Fein,Consumer,United States,Columbia,South Carolina,29203,South,OFF-PA-10000788,Office Supplies,Paper,Xerox 210,12.96,2,0.0,6.2208
4175,CA-2013-152163,2013-02-07,2013-02-07,Same Day,JF-15355,Jay Fein,Consumer,United States,Columbia,South Carolina,29203,South,OFF-BI-10003364,Office Supplies,Binders,Binding Machine Supplies,58.34,2,0.0,28.0032
4177,CA-2011-128846,2011-07-04,2011-12-04,Standard Class,RS-19765,Roland Schwarz,Corporate,United States,Columbia,South Carolina,29203,South,TEC-PH-10003273,Technology,Phones,AT&T TR1909W,629.95,5,0.0,163.787
4178,CA-2011-128846,2011-07-04,2011-12-04,Standard Class,RS-19765,Roland Schwarz,Corporate,United States,Columbia,South Carolina,29203,South,OFF-PA-10000100,Office Supplies,Paper,Xerox 1945,122.97,3,0.0,60.2553
4180,US-2014-119039,2014-07-03,2014-11-03,Standard Class,BF-11170,Ben Ferrer,Home Office,United States,San Francisco,California,94109,West,OFF-BI-10004182,Office Supplies,Binders,Economy Binders,14.976,9,0.2,5.4288
4181,CA-2014-128426,2014-08-10,2014-12-10,Standard Class,JK-15730,Joe Kamberova,Consumer,United States,Houston,Texas,77036,Central,OFF-BI-10000756,Office Supplies,Binders,Storex DuraTech Recycled Plastic Frosted Binders,4.24,5,0.8,-6.36
4182,US-2014-136868,2014-07-10,,Standard Class,CR-12820,Cyra Reiten,Home Office,United States,New York City,New York,10035,East,TEC-AC-10001539,Technology,Accessories,Logitech G430 Surround Sound Gaming Headset with Dolby 7.1 Technology,319.96,4,0.0,115.1856
4183,US-2014-136868,2014-07-10,,Standard Class,CR-12820,Cyra Reiten,Home Office,United States,New York City,New York,10035,East,OFF-PA-10002377,Office Supplies,Paper,"Adams Telephone Message Book W/Dividers/Space For Phone Numbers, 5 1/4""X8 1/2"", 200/Messages",17.04,3,0.0,7.668
4184,US-2014-136868,2014-07-10,,Standard Class,CR-12820,Cyra Reiten,Home Office,United States,New York City,New York,10035,East,OFF-ST-10000991,Office Supplies,Storage,Space Solutions HD Industrial Steel Shelving.,344.91,3,0.0,10.3473
4185,CA-2013-143749,2013-06-12,2013-08-12,First Class,AG-10300,Aleksandra Gannaway,Corporate,United States,Franklin,Massachusetts,2038,East,FUR-BO-10002853,Furniture,Bookcases,O'Sullivan 5-Shelf Heavy-Duty Bookcases,81.94,1,0.0,20.485
4192,CA-2012-129392,2012-08-07,2012-08-07,Same Day,DM-13015,Darrin Martin,Consumer,United States,Houston,Texas,77070,Central,OFF-PA-10004248,Office Supplies,Paper,Xerox 1990,21.12,5,0.2,6.6
4196,CA-2013-124233,2013-09-04,,Standard Class,CK-12595,Clytie Kelty,Consumer,United States,Los Angeles,California,90032,West,FUR-FU-10002597,Furniture,Furnishings,"C-Line Magnetic Cubicle Keepers, Clear Polypropylene",24.7,5,0.0,10.374
4198,US-2013-161683,2013-04-12,2013-09-12,Standard Class,CJ-12010,Caroline Jumper,Consumer,United States,Philadelphia,Pennsylvania,19134,East,OFF-AP-10000179,Office Supplies,Appliances,Honeywell Enviracaire Portable HEPA Air Cleaner for up to 10 x 16 Room,394.816,4,0.2,93.7688
4199,US-2013-161683,2013-04-12,2013-09-12,Standard Class,CJ-12010,Caroline Jumper,Consumer,United States,Philadelphia,Pennsylvania,19134,East,OFF-BI-10001072,Office Supplies,Binders,"GBC Clear Cover, 8-1/2 x 11, unpunched, 25 covers per pack",18.192,4,0.7,-14.5536
4200,CA-2012-143105,2012-10-12,2012-10-12,Same Day,MA-17560,Matt Abelman,Home Office,United States,New York City,New York,10024,East,OFF-LA-10004093,Office Supplies,Labels,Avery 486,7.31,1,0.0,3.4357
4201,CA-2012-143105,2012-10-12,2012-10-12,Same Day,MA-17560,Matt Abelman,Home Office,United States,New York City,New York,10024,East,TEC-CO-10002095,Technology,Copiers,Hewlett Packard 610 Color Digital Copier / Printer,799.984,2,0.2,249.995
4202,CA-2012-143105,2012-10-12,2012-10-12,Same Day,MA-17560,Matt Abelman,Home Office,United States,New York City,New York,10024,East,OFF-PA-10002713,Office Supplies,Paper,"Adams Phone Message Book, 200 Message Capacity, 8 1/16 x 11",41.28,6,0.0,18.9888
4203,CA-2012-143105,2012-10-12,2012-10-12,Same Day,MA-17560,Matt Abelman,Home Office,United States,New York City,New York,10024,East,OFF-PA-10002254,Office Supplies,Paper,Xerox 1883,184.66,7,0.0,84.9436
4211,CA-2014-109715,2014-10-12,,Standard Class,AH-10585,Angele Hood,Consumer,United States,Chicago,Illinois,60623,Central,OFF-PA-10004965,Office Supplies,Paper,Xerox 1921,15.984,2,0.2,4.995
4212,CA-2011-166457,2011-05-05,2011-09-05,Second Class,PF-19120,Peter Fuller,Consumer,United States,Richmond,Kentucky,40475,South,OFF-PA-10003016,Office Supplies,Paper,"Adams ""While You Were Out"" Message Pads",9.42,3,0.0,4.239
4213,CA-2011-166457,2011-05-05,2011-09-05,Second Class,PF-19120,Peter Fuller,Consumer,United States,Richmond,Kentucky,40475,South,OFF-AR-10003651,Office Supplies,Art,Newell 350,6.56,2,0.0,1.9024
4214,CA-2011-166457,2011-05-05,2011-09-05,Second Class,PF-19120,Peter Fuller,Consumer,United States,Richmond,Kentucky,40475,South,OFF-PA-10001363,Office Supplies,Paper,Xerox 1933,24.56,2,0.0,11.5432
4215,CA-2013-164637,2013-05-03,2013-09-03,Standard Class,RD-19480,Rick Duston,Consumer,United States,Mishawaka,Indiana,46544,Central,OFF-BI-10003876,Office Supplies,Binders,"Green Canvas Binder for 8-1/2"" x 14"" Sheets",128.4,3,0.0,64.2
4218,CA-2014-149881,2014-02-04,2014-04-04,First Class,NC-18535,Nick Crebassa,Corporate,United States,San Francisco,California,94110,West,FUR-BO-10003894,Furniture,Bookcases,"Safco Value Mate Steel Bookcase, Baked Enamel Finish on Steel, Black",482.664,8,0.15,85.176
4219,CA-2014-149881,2014-02-04,2014-04-04,First Class,NC-18535,Nick Crebassa,Corporate,United States,San Francisco,California,94110,West,TEC-MA-10000418,Technology,Machines,Cubify CubeX 3D Printer Double Head Print,4799.984,2,0.2,359.9988
4220,CA-2014-134565,2014-12-06,,Second Class,TB-21400,Tom Boeckenhauer,Consumer,United States,Seattle,Washington,98103,West,OFF-PA-10004243,Office Supplies,Paper,Xerox 1939,37.94,2,0.0,18.2112
4221,CA-2014-134565,2014-12-06,,Second Class,TB-21400,Tom Boeckenhauer,Consumer,United States,Seattle,Washington,98103,West,OFF-BI-10001759,Office Supplies,Binders,"Acco Pressboard Covers with Storage Hooks, 14 7/8"" x 11"", Dark Blue",18.288,6,0.2,6.6294
4222,CA-2014-134565,2014-12-06,,Second Class,TB-21400,Tom Boeckenhauer,Consumer,United States,Seattle,Washington,98103,West,TEC-MA-10001570,Technology,Machines,Cisco Desktop Collaboration Experience DX650 IP Video Phone,385.8,5,0.2,130.2075
4223,CA-2014-134565,2014-12-06,,Second Class,TB-21400,Tom Boeckenhauer,Consumer,United States,Seattle,Washington,98103,West,OFF-ST-10004804,Office Supplies,Storage,"Belkin 19"" Vented Equipment Shelf, Black",102.96,2,0.0,1.0296
4224,CA-2014-134565,2014-12-06,,Second Class,TB-21400,Tom Boeckenhauer,Consumer,United States,Seattle,Washington,98103,West,FUR-BO-10001519,Furniture,Bookcases,O'Sullivan 3-Shelf Heavy-Duty Bookcases,174.42,3,0.0,41.8608
4225,CA-2013-108644,2013-01-10,2013-04-10,First Class,SJ-20215,Sarah Jordon,Consumer,United States,Quincy,Illinois,62301,Central,OFF-BI-10000343,Office Supplies,Binders,"Pressboard Covers with Storage Hooks, 9 1/2"" x 11"", Light Blue",1.964,2,0.8,-3.2406
4227,CA-2014-120327,2014-12-11,,Standard Class,WB-21850,William Brown,Consumer,United States,Urbandale,Iowa,50322,Central,OFF-FA-10004854,Office Supplies,Fasteners,"Vinyl Coated Wire Paper Clips in Organizer Box, 800/Box",45.92,4,0.0,21.5824
4228,CA-2012-154970,2012-05-01,2012-10-01,Standard Class,SR-20740,Steven Roelle,Home Office,United States,Seattle,Washington,98103,West,FUR-CH-10003396,Furniture,Chairs,Global Deluxe Steno Chair,61.584,1,0.2,-6.9282
4230,CA-2014-100223,2014-06-07,2014-11-07,Standard Class,LS-16945,Linda Southworth,Corporate,United States,Dallas,Texas,75220,Central,FUR-FU-10003601,Furniture,Furnishings,"Deflect-o RollaMat Studded, Beveled Mat for Medium Pile Carpeting",332.028,9,0.6,-348.6294
4231,CA-2014-100223,2014-06-07,2014-11-07,Standard Class,LS-16945,Linda Southworth,Corporate,United States,Dallas,Texas,75220,Central,OFF-BI-10003429,Office Supplies,Binders,"Cardinal HOLDit! Binder Insert Strips,Extra Strips",11.394,9,0.8,-17.6607
4232,CA-2014-100223,2014-06-07,2014-11-07,Standard Class,LS-16945,Linda Southworth,Corporate,United States,Dallas,Texas,75220,Central,OFF-PA-10000232,Office Supplies,Paper,Xerox 1975,15.552,3,0.2,5.6376
4233,CA-2014-100223,2014-06-07,2014-11-07,Standard Class,LS-16945,Linda Southworth,Corporate,United States,Dallas,Texas,75220,Central,OFF-PA-10002195,Office Supplies,Paper,Xerox 1966,31.104,6,0.2,11.2752
4234,CA-2014-100223,2014-06-07,2014-11-07,Standard Class,LS-16945,Linda Southworth,Corporate,United States,Dallas,Texas,75220,Central,OFF-BI-10004492,Office Supplies,Binders,Tuf-Vin Binders,6.316,1,0.8,-10.4214
4243,CA-2013-159142,2013-05-04,2013-06-04,First Class,ME-17320,Maria Etezadi,Home Office,United States,Springfield,Virginia,22153,South,TEC-PH-10001448,Technology,Phones,Anker Astro 15000mAh USB Portable Charger,149.97,3,0.0,5.9988
4244,CA-2013-159142,2013-05-04,2013-06-04,First Class,ME-17320,Maria Etezadi,Home Office,United States,Springfield,Virginia,22153,South,OFF-PA-10001776,Office Supplies,Paper,"Wirebound Message Books, Four 2 3/4"" x 5"" Forms per Page, 600 Sets per Book",27.81,3,0.0,13.0707
4249,CA-2013-157336,2013-02-12,2013-06-12,Second Class,SJ-20500,Shirley Jackson,Consumer,United States,Fairfield,Connecticut,6824,East,OFF-BI-10004236,Office Supplies,Binders,"XtraLife ClearVue Slant-D Ring Binder, White, 3""",88.08,6,0.0,40.5168
4250,CA-2013-157336,2013-02-12,2013-06-12,Second Class,SJ-20500,Shirley Jackson,Consumer,United States,Fairfield,Connecticut,6824,East,FUR-CH-10004997,Furniture,Chairs,Hon Every-Day Series Multi-Task Chairs,751.92,4,0.0,150.384
4258,CA-2012-101924,2012-04-09,2012-09-09,Standard Class,KB-16585,Ken Black,Corporate,United States,Medford,Oregon,97504,West,OFF-BI-10000962,Office Supplies,Binders,"Acco Flexible ACCOHIDE Square Ring Data Binder, Dark Blue, 11 1/2"" X 14"" 7/8""",9.762,2,0.7,-6.8334
4262,CA-2014-158344,2014-08-08,2014-12-08,Standard Class,CC-12475,Cindy Chapman,Consumer,United States,Moorhead,Minnesota,56560,Central,TEC-AC-10002006,Technology,Accessories,Memorex Micro Travel Drive 16 GB,63.96,4,0.0,19.8276
4264,CA-2014-110429,2014-04-11,2014-09-11,Standard Class,DM-13015,Darrin Martin,Consumer,United States,Philadelphia,Pennsylvania,19143,East,OFF-BI-10000216,Office Supplies,Binders,"Mead 1st Gear 2"" Zipper Binder, Asst. Colors",11.673,3,0.7,-7.782
4265,US-2013-131611,2013-06-11,2013-10-11,Standard Class,EP-13915,Emily Phan,Consumer,United States,Houston,Texas,77036,Central,FUR-TA-10002774,Furniture,Tables,Laminate Occasional Tables,863.128,8,0.3,-160.2952
4266,US-2013-131611,2013-06-11,2013-10-11,Standard Class,EP-13915,Emily Phan,Consumer,United States,Houston,Texas,77036,Central,OFF-BI-10004364,Office Supplies,Binders,Storex Dura Pro Binders,3.564,3,0.8,-6.237
4267,US-2013-131611,2013-06-11,2013-10-11,Standard Class,EP-13915,Emily Phan,Consumer,United States,Houston,Texas,77036,Central,FUR-BO-10000780,Furniture,Bookcases,O'Sullivan Plantations 2-Door Library in Landvery Oak,956.6648,7,0.32,-225.0976
4268,US-2013-131611,2013-06-11,2013-10-11,Standard Class,EP-13915,Emily Phan,Consumer,United States,Houston,Texas,77036,Central,OFF-BI-10001989,Office Supplies,Binders,Premium Transparent Presentation Covers by GBC,12.588,3,0.8,-20.1408
4269,US-2013-131611,2013-06-11,2013-10-11,Standard Class,EP-13915,Emily Phan,Consumer,United States,Houston,Texas,77036,Central,TEC-AC-10004001,Technology,Accessories,Logitech Wireless Headset H600 Over-The-Head Design,171.96,5,0.2,45.1395
4276,CA-2012-123456,2012-09-07,,Standard Class,KN-16450,Kean Nguyen,Corporate,United States,Dallas,Texas,75220,Central,OFF-AP-10002684,Office Supplies,Appliances,"Acco 7-Outlet Masterpiece Power Center, Wihtout Fax/Phone Line Protection",48.632,2,0.8,-121.58
4291,CA-2014-102407,2014-10-12,,Second Class,AT-10435,Alyssa Tate,Home Office,United States,Los Angeles,California,90004,West,OFF-AR-10000122,Office Supplies,Art,Newell 314,11.16,2,0.0,2.79
4292,CA-2014-102407,2014-10-12,,Second Class,AT-10435,Alyssa Tate,Home Office,United States,Los Angeles,California,90004,West,FUR-TA-10003748,Furniture,Tables,Bevis 36 x 72 Conference Tables,896.328,9,0.2,22.4082
4293,CA-2014-102407,2014-10-12,,Second Class,AT-10435,Alyssa Tate,Home Office,United States,Los Angeles,California,90004,West,OFF-AP-10001394,Office Supplies,Appliances,Harmony Air Purifier,189.0,1,0.0,68.04
4294,CA-2014-130967,2014-11-03,,Standard Class,EB-13870,Emily Burns,Consumer,United States,Philadelphia,Pennsylvania,19140,East,TEC-PH-10004896,Technology,Phones,Nokia Lumia 521 (T-Mobile),53.982,3,0.4,-10.7964
4296,CA-2014-169124,2014-04-07,2014-11-07,Standard Class,MB-17305,Maria Bertelson,Consumer,United States,Citrus Heights,California,95610,West,FUR-FU-10001215,Furniture,Furnishings,"Howard Miller 11-1/2"" Diameter Brentwood Wall Clock",129.39,3,0.0,54.3438
4297,CA-2014-117261,2014-05-09,2014-11-09,Standard Class,TH-21235,Tiffany House,Corporate,United States,Los Angeles,California,90032,West,OFF-ST-10000419,Office Supplies,Storage,"Rogers Jumbo File, Granite",54.32,4,0.0,0.5432
4304,CA-2013-121601,2013-05-10,2013-05-10,Same Day,MO-17500,Mary O'Rourke,Consumer,United States,The Colony,Texas,75056,Central,OFF-EN-10003862,Office Supplies,Envelopes,Laser & Ink Jet Business Envelopes,59.752,7,0.2,19.4194
4309,CA-2011-125829,2011-04-11,2011-11-11,Standard Class,WB-21850,William Brown,Consumer,United States,Los Angeles,California,90045,West,TEC-PH-10001079,Technology,Phones,Polycom SoundPoint Pro SE-225 Corded phone,666.344,7,0.2,66.6344
4310,CA-2011-125829,2011-04-11,2011-11-11,Standard Class,WB-21850,William Brown,Consumer,United States,Los Angeles,California,90045,West,FUR-TA-10002041,Furniture,Tables,"Bevis Round Conference Table Top, X-Base",573.728,4,0.2,-64.5444
4311,CA-2011-125829,2011-04-11,2011-11-11,Standard Class,WB-21850,William Brown,Consumer,United States,Los Angeles,California,90045,West,OFF-BI-10001036,Office Supplies,Binders,Cardinal EasyOpen D-Ring Binders,21.936,3,0.2,8.226
4312,CA-2011-125829,2011-04-11,2011-11-11,Standard Class,WB-21850,William Brown,Consumer,United States,Los Angeles,California,90045,West,OFF-PA-10000223,Office Supplies,Paper,Xerox 2000,19.44,3,0.0,9.3312
4313,CA-2011-125829,2011-04-11,2011-11-11,Standard Class,WB-21850,William Brown,Consumer,United States,Los Angeles,California,90045,West,TEC-MA-10003246,Technology,Machines,Hewlett-Packard Deskjet D4360 Printer,447.968,4,0.2,139.99
4314,CA-2011-123127,2011-08-09,2011-12-09,Standard Class,SP-20620,Stefania Perrino,Corporate,United States,Long Beach,New York,11561,East,OFF-AP-10001962,Office Supplies,Appliances,Black & Decker Filter for Double Action Dustbuster Cordless Vac BLDV7210,16.78,2,0.0,4.195
4319,US-2014-136189,2014-08-12,2014-12-12,Standard Class,DC-13285,Debra Catini,Consumer,United States,Richmond,Virginia,23223,South,FUR-FU-10000175,Furniture,Furnishings,DAX Wood Document Frame.,82.38,6,0.0,25.5378
4329,CA-2014-118360,2014-02-04,2014-08-04,Standard Class,JC-15775,John Castell,Consumer,United States,New York City,New York,10011,East,OFF-PA-10000791,Office Supplies,Paper,"Wirebound Message Books, Four 2 3/4 x 5 Forms per Page, 200 Sets per Book",42.93,9,0.0,19.3185
4330,CA-2014-149853,2014-04-10,2014-10-10,Standard Class,PO-18850,Patrick O'Brill,Consumer,United States,Hialeah,Florida,33012,South,OFF-PA-10000556,Office Supplies,Paper,Xerox 208,15.552,3,0.2,5.4432
4331,CA-2014-149853,2014-04-10,2014-10-10,Standard Class,PO-18850,Patrick O'Brill,Consumer,United States,Hialeah,Florida,33012,South,OFF-AP-10000804,Office Supplies,Appliances,Hoover Portapower Portable Vacuum,17.92,5,0.2,1.12
4332,CA-2014-107909,2014-02-09,2014-07-09,Standard Class,SS-20875,Sung Shariari,Consumer,United States,Redmond,Washington,98052,West,TEC-AC-10001998,Technology,Accessories,Logitech LS21 Speaker System - PC Multimedia - 2.1-CH - Wired,19.99,1,0.0,6.7966
4333,CA-2014-107909,2014-02-09,2014-07-09,Standard Class,SS-20875,Sung Shariari,Consumer,United States,Redmond,Washington,98052,West,OFF-BI-10003476,Office Supplies,Binders,Avery Metallic Poly Binders,22.92,5,0.2,8.022
4351,US-2014-100482,2014-12-04,,Standard Class,JL-15130,Jack Lebron,Consumer,United States,Lancaster,Ohio,43130,East,OFF-ST-10001325,Office Supplies,Storage,Sterilite Officeware Hinged File Box,16.768,2,0.2,1.4672
4352,US-2014-100482,2014-12-04,,Standard Class,JL-15130,Jack Lebron,Consumer,United States,Lancaster,Ohio,43130,East,TEC-AC-10003441,Technology,Accessories,Kingston Digital DataTraveler 32GB USB 2.0,27.12,2,0.2,-4.746
4353,CA-2014-107748,2014-11-12,,Second Class,AG-10330,Alex Grayson,Consumer,United States,Stockton,California,95207,West,TEC-PH-10003215,Technology,Phones,Jackery Bar Premium Fast-charging Portable Charger,95.84,4,0.2,34.742
4354,CA-2014-107748,2014-11-12,,Second Class,AG-10330,Alex Grayson,Consumer,United States,Stockton,California,95207,West,OFF-PA-10002005,Office Supplies,Paper,Xerox 225,12.96,2,0.0,6.2208
4356,CA-2012-155600,2012-04-12,2012-07-12,Second Class,RO-19780,Rose O'Brian,Consumer,United States,Clarksville,Tennessee,37042,South,OFF-BI-10000545,Office Supplies,Binders,GBC Ibimaster 500 Manual ProClick Binding System,1598.058,7,0.7,-1065.372
4357,CA-2012-155600,2012-04-12,2012-07-12,Second Class,RO-19780,Rose O'Brian,Consumer,United States,Clarksville,Tennessee,37042,South,OFF-AR-10003752,Office Supplies,Art,Deluxe Chalkboard Eraser Cleaner,36.96,4,0.2,12.012
4358,CA-2014-162565,2014-12-12,2014-12-12,Same Day,RR-19315,Ralph Ritter,Consumer,United States,Aurora,Illinois,60505,Central,OFF-PA-10001937,Office Supplies,Paper,Xerox 21,10.368,2,0.2,3.6288
4359,CA-2014-162565,2014-12-12,2014-12-12,Same Day,RR-19315,Ralph Ritter,Consumer,United States,Aurora,Illinois,60505,Central,FUR-FU-10004306,Furniture,Furnishings,Electrix Halogen Magnifier Lamp,77.72,1,0.6,-66.062
4360,CA-2014-162565,2014-12-12,2014-12-12,Same Day,RR-19315,Ralph Ritter,Consumer,United States,Aurora,Illinois,60505,Central,FUR-CH-10003973,Furniture,Chairs,GuestStacker Chair with Chrome Finish Legs,520.464,2,0.3,-14.8704
4368,CA-2014-117044,2014-12-09,,Second Class,HA-14920,Helen Andreada,Consumer,United States,Chicago,Illinois,60623,Central,OFF-FA-10000936,Office Supplies,Fasteners,Acco Hot Clips Clips to Go,10.528,4,0.2,3.29
4369,CA-2014-117044,2014-12-09,,Second Class,HA-14920,Helen Andreada,Consumer,United States,Chicago,Illinois,60623,Central,OFF-PA-10003657,Office Supplies,Paper,Xerox 1927,20.544,6,0.2,6.42
4370,US-2013-165078,2013-06-11,2013-11-11,Standard Class,MA-17995,Michelle Arnett,Home Office,United States,Lawrence,Indiana,46226,Central,OFF-BI-10001989,Office Supplies,Binders,Premium Transparent Presentation Covers by GBC,104.9,5,0.0,50.352
4371,US-2013-165078,2013-06-11,2013-11-11,Standard Class,MA-17995,Michelle Arnett,Home Office,United States,Lawrence,Indiana,46226,Central,OFF-AR-10002987,Office Supplies,Art,Prismacolor Color Pencil Set,39.68,2,0.0,16.2688
4372,US-2013-165078,2013-06-11,2013-11-11,Standard Class,MA-17995,Michelle Arnett,Home Office,United States,Lawrence,Indiana,46226,Central,OFF-LA-10000414,Office Supplies,Labels,Avery 503,51.75,5,0.0,24.84
4393,CA-2013-108868,2013-09-09,,Standard Class,KB-16585,Ken Black,Corporate,United States,Dallas,Texas,75081,Central,OFF-AR-10001953,Office Supplies,Art,Boston 1645 Deluxe Heavier-Duty Electric Pencil Sharpener,70.368,2,0.2,6.1572
4394,CA-2013-108868,2013-09-09,,Standard Class,KB-16585,Ken Black,Corporate,United States,Dallas,Texas,75081,Central,TEC-PH-10000923,Technology,Phones,"Belkin SportFit Armband For iPhone 5s/5c, Fuchsia",59.96,5,0.2,21.7355
4398,US-2011-138758,2011-07-07,2011-11-07,Standard Class,JL-15835,John Lee,Consumer,United States,Philadelphia,Pennsylvania,19120,East,FUR-CH-10002880,Furniture,Chairs,"Global High-Back Leather Tilter, Burgundy",172.186,2,0.3,-46.7362
4399,US-2011-138758,2011-07-07,2011-11-07,Standard Class,JL-15835,John Lee,Consumer,United States,Philadelphia,Pennsylvania,19120,East,FUR-FU-10003039,Furniture,Furnishings,"Howard Miller 11-1/2"" Diameter Grantwood Wall Clock",69.008,2,0.2,12.0764
4404,CA-2011-127936,2011-02-09,2011-04-09,First Class,CL-12565,Clay Ludtke,Consumer,United States,New York City,New York,10009,East,OFF-AR-10002445,Office Supplies,Art,SANFORD Major Accent Highlighters,21.24,3,0.0,8.0712
4405,CA-2012-164336,2012-05-07,2012-10-07,Standard Class,MW-18220,Mitch Webber,Consumer,United States,Philadelphia,Pennsylvania,19140,East,TEC-AC-10002345,Technology,Accessories,HP Standard 104 key PS/2 Keyboard,34.8,3,0.2,2.175
4406,CA-2012-164336,2012-05-07,2012-10-07,Standard Class,MW-18220,Mitch Webber,Consumer,United States,Philadelphia,Pennsylvania,19140,East,OFF-ST-10001558,Office Supplies,Storage,Acco Perma 4000 Stacking Storage Drawers,38.976,3,0.2,-2.436
4410,US-2011-154879,2011-06-05,2011-11-05,Standard Class,SN-20710,Steve Nguyen,Home Office,United States,Los Angeles,California,90004,West,OFF-LA-10004425,Office Supplies,Labels,Staples,5.78,2,0.0,2.7166
4411,US-2011-154879,2011-06-05,2011-11-05,Standard Class,SN-20710,Steve Nguyen,Home Office,United States,Los Angeles,California,90004,West,OFF-AR-10001897,Office Supplies,Art,Model L Table or Wall-Mount Pencil Sharpener,107.94,6,0.0,30.2232
4418,CA-2014-112900,2014-10-04,,Second Class,KL-16645,Ken Lonsdale,Consumer,United States,Detroit,Michigan,48205,Central,OFF-BI-10002867,Office Supplies,Binders,GBC Recycled Regency Composition Covers,478.24,8,0.0,219.9904
4422,CA-2011-117016,2011-04-03,2011-09-03,Standard Class,SC-20095,Sanjit Chand,Consumer,United States,Margate,Florida,33063,South,OFF-AR-10001374,Office Supplies,Art,"BIC Brite Liner Highlighters, Chisel Tip",15.552,3,0.2,2.3328
4431,CA-2013-168893,2013-04-11,2013-09-11,Second Class,AP-10915,Arthur Prichep,Consumer,United States,Henderson,Kentucky,42420,South,OFF-FA-10002280,Office Supplies,Fasteners,Advantus Plastic Paper Clips,20.0,4,0.0,9.6
4432,CA-2013-168893,2013-04-11,2013-09-11,Second Class,AP-10915,Arthur Prichep,Consumer,United States,Henderson,Kentucky,42420,South,OFF-AR-10001770,Office Supplies,Art,Economy #2 Pencils,7.98,3,0.0,2.0748
4433,CA-2013-168893,2013-04-11,2013-09-11,Second Class,AP-10915,Arthur Prichep,Consumer,United States,Henderson,Kentucky,42420,South,FUR-FU-10002885,Furniture,Furnishings,Magna Visual Magnetic Picture Hangers,24.1,5,0.0,9.158
4434,CA-2013-168893,2013-04-11,2013-09-11,Second Class,AP-10915,Arthur Prichep,Consumer,United States,Henderson,Kentucky,42420,South,OFF-AR-10003772,Office Supplies,Art,Boston 16750 Black Compact Battery Pencil Sharpener,8.75,1,0.0,2.625
4435,CA-2013-168893,2013-04-11,2013-09-11,Second Class,AP-10915,Arthur Prichep,Consumer,United States,Henderson,Kentucky,42420,South,FUR-TA-10003392,Furniture,Tables,Global Adaptabilities Conference Tables,842.94,3,0.0,160.1586
4436,CA-2013-163398,2013-04-05,2013-09-05,Standard Class,CB-12415,Christy Brittain,Consumer,United States,Chicago,Illinois,60653,Central,OFF-BI-10000014,Office Supplies,Binders,Heavy-Duty E-Z-D Binders,2.182,1,0.8,-3.6003
4437,CA-2013-163398,2013-04-05,2013-09-05,Standard Class,CB-12415,Christy Brittain,Consumer,United States,Chicago,Illinois,60653,Central,OFF-AR-10003217,Office Supplies,Art,Newell 316,27.384,7,0.2,2.7384
4438,CA-2013-163398,2013-04-05,2013-09-05,Standard Class,CB-12415,Christy Brittain,Consumer,United States,Chicago,Illinois,60653,Central,OFF-AP-10002403,Office Supplies,Appliances,Acco Smartsocket Color-Coded Six-Outlet AC Adapter Model Surge Protectors,26.406,3,0.8,-71.2962
4452,CA-2013-147137,2013-05-07,2013-07-07,First Class,AA-10645,Anna Andreadi,Consumer,United States,San Francisco,California,94109,West,FUR-FU-10000221,Furniture,Furnishings,"Master Caster Door Stop, Brown",25.4,5,0.0,8.636
4453,CA-2013-147137,2013-05-07,2013-07-07,First Class,AA-10645,Anna Andreadi,Consumer,United States,San Francisco,California,94109,West,OFF-EN-10003567,Office Supplies,Envelopes,"Inter-Office Recycled Envelopes, Brown Kraft, Button-String,10"" x 13"" , 100/Box",43.96,2,0.0,20.6612
4454,CA-2013-147137,2013-05-07,2013-07-07,First Class,AA-10645,Anna Andreadi,Consumer,United States,San Francisco,California,94109,West,FUR-BO-10001811,Furniture,Bookcases,"Atlantic Metals Mobile 5-Shelf Bookcases, Custom Colors",1279.165,5,0.15,225.735
4455,CA-2013-147137,2013-05-07,2013-07-07,First Class,AA-10645,Anna Andreadi,Consumer,United States,San Francisco,California,94109,West,OFF-ST-10002486,Office Supplies,Storage,Eldon Shelf Savers Cubes and Bins,27.92,4,0.0,0.5584
4456,US-2012-146745,2012-03-09,2012-08-09,Standard Class,AS-10630,Ann Steele,Home Office,United States,San Francisco,California,94110,West,FUR-CH-10002372,Furniture,Chairs,Office Star - Ergonomically Designed Knee Chair,129.568,2,0.2,-12.9568
4457,US-2012-146745,2012-03-09,2012-08-09,Standard Class,AS-10630,Ann Steele,Home Office,United States,San Francisco,California,94110,West,OFF-BI-10003274,Office Supplies,Binders,"Avery Durable Slant Ring Binders, No Labels",6.368,2,0.2,2.1492
4458,CA-2014-115175,2014-08-08,,Standard Class,MC-17575,Matt Collins,Consumer,United States,San Jose,California,95123,West,OFF-PA-10001878,Office Supplies,Paper,Xerox 1891,244.55,5,0.0,114.9385
4466,CA-2012-163895,2012-07-08,2012-11-08,Standard Class,NS-18640,Noel Staavos,Corporate,United States,Boise,Idaho,83704,West,OFF-BI-10004970,Office Supplies,Binders,"ACCOHIDE 3-Ring Binder, Blue, 1""",3.304,1,0.2,1.1151
4471,CA-2014-156895,2014-09-05,,Standard Class,DJ-13510,Don Jones,Corporate,United States,Philadelphia,Pennsylvania,19140,East,FUR-CH-10003535,Furniture,Chairs,"Global Armless Task Chair, Royal Blue",128.058,3,0.3,-23.7822
4481,CA-2013-109365,2013-04-11,2013-09-11,Standard Class,XP-21865,Xylona Preis,Consumer,United States,Los Angeles,California,90049,West,OFF-FA-10001561,Office Supplies,Fasteners,Stockwell Push Pins,15.26,7,0.0,5.0358
4482,CA-2013-109365,2013-04-11,2013-09-11,Standard Class,XP-21865,Xylona Preis,Consumer,United States,Los Angeles,California,90049,West,OFF-AP-10002998,Office Supplies,Appliances,Holmes 99% HEPA Air Purifier,43.32,2,0.0,14.2956
4483,CA-2013-109365,2013-04-11,2013-09-11,Standard Class,XP-21865,Xylona Preis,Consumer,United States,Los Angeles,California,90049,West,OFF-BI-10003981,Office Supplies,Binders,"Avery Durable Plastic 1"" Binders",43.584,12,0.2,15.7992
4484,CA-2013-109365,2013-04-11,2013-09-11,Standard Class,XP-21865,Xylona Preis,Consumer,United States,Los Angeles,California,90049,West,OFF-PA-10001725,Office Supplies,Paper,Xerox 1892,116.28,3,0.0,56.9772
4485,CA-2013-109365,2013-04-11,2013-09-11,Standard Class,XP-21865,Xylona Preis,Consumer,United States,Los Angeles,California,90049,West,OFF-BI-10002071,Office Supplies,Binders,Fellowes Black Plastic Comb Bindings,9.296,2,0.2,3.0212
4486,CA-2013-109365,2013-04-11,2013-09-11,Standard Class,XP-21865,Xylona Preis,Consumer,United States,Los Angeles,California,90049,West,OFF-PA-10000477,Office Supplies,Paper,Xerox 22,19.44,3,0.0,9.3312
4487,CA-2013-109365,2013-04-11,2013-09-11,Standard Class,XP-21865,Xylona Preis,Consumer,United States,Los Angeles,California,90049,West,OFF-PA-10004359,Office Supplies,Paper,Multicolor Computer Printout Paper,314.55,3,0.0,150.984
4488,CA-2012-162621,2012-05-09,2012-11-09,Standard Class,CA-12055,Cathy Armstrong,Home Office,United States,Houston,Texas,77036,Central,OFF-BI-10000962,Office Supplies,Binders,"Acco Flexible ACCOHIDE Square Ring Data Binder, Dark Blue, 11 1/2"" X 14"" 7/8""",16.27,5,0.8,-25.2185
4489,CA-2012-162621,2012-05-09,2012-11-09,Standard Class,CA-12055,Cathy Armstrong,Home Office,United States,Houston,Texas,77036,Central,OFF-SU-10003567,Office Supplies,Supplies,Stiletto Hand Letter Openers,69.12,9,0.2,-14.688
4490,CA-2012-162621,2012-05-09,2012-11-09,Standard Class,CA-12055,Cathy Armstrong,Home Office,United States,Houston,Texas,77036,Central,OFF-BI-10003708,Office Supplies,Binders,"Acco Four Pocket Poly Ring Binder with Label Holder, Smoke, 1""",4.47,3,0.8,-7.8225
4492,CA-2011-150798,2011-01-12,2011-03-12,Second Class,JK-15730,Joe Kamberova,Consumer,United States,Columbus,Ohio,43229,East,TEC-CO-10001571,Technology,Copiers,Sharp 1540cs Digital Laser Copier,659.988,2,0.4,109.998
4493,CA-2011-150798,2011-01-12,2011-03-12,Second Class,JK-15730,Joe Kamberova,Consumer,United States,Columbus,Ohio,43229,East,FUR-FU-10000221,Furniture,Furnishings,"Master Caster Door Stop, Brown",8.128,2,0.2,1.4224
4494,CA-2011-150798,2011-01-12,2011-03-12,Second Class,JK-15730,Joe Kamberova,Consumer,United States,Columbus,Ohio,43229,East,OFF-PA-10001972,Office Supplies,Paper,Xerox 214,36.288,7,0.2,12.7008
4495,CA-2011-150798,2011-01-12,2011-03-12,Second Class,JK-15730,Joe Kamberova,Consumer,United States,Columbus,Ohio,43229,East,FUR-CH-10000015,Furniture,Chairs,Hon Multipurpose Stacking Arm Chairs,909.72,6,0.3,-51.984
4498,CA-2014-155075,2014-03-12,2014-10-12,Standard Class,GW-14605,Giulietta Weimer,Consumer,United States,Philadelphia,Pennsylvania,19140,East,OFF-BI-10003650,Office Supplies,Binders,GBC DocuBind 300 Electric Binding Machine,631.176,4,0.7,-462.8624
4500,CA-2013-124814,2013-11-04,,Standard Class,FM-14215,Filia McAdams,Corporate,United States,Bakersfield,California,93309,West,OFF-PA-10002787,Office Supplies,Paper,Xerox 227,12.96,2,0.0,6.2208
4501,CA-2013-124814,2013-11-04,,Standard Class,FM-14215,Filia McAdams,Corporate,United States,Bakersfield,California,93309,West,OFF-BI-10000174,Office Supplies,Binders,"Wilson Jones Clip & Carry Folder Binder Tool for Ring Binders, Clear",23.2,5,0.2,8.12
4511,CA-2013-119935,2013-11-11,,Standard Class,KM-16225,Kalyca Meade,Corporate,United States,Springfield,Missouri,65807,Central,FUR-FU-10001085,Furniture,Furnishings,3M Polarizing Light Filter Sleeves,37.3,2,0.0,17.158
4512,CA-2013-119935,2013-11-11,,Standard Class,KM-16225,Kalyca Meade,Corporate,United States,Springfield,Missouri,65807,Central,OFF-BI-10001597,Office Supplies,Binders,"Wilson Jones Ledger-Size, Piano-Hinge Binder, 2"", Blue",81.96,2,0.0,39.3408
4513,CA-2013-118969,2013-03-10,2013-04-10,First Class,LP-17095,Liz Preis,Consumer,United States,Phoenix,Arizona,85023,West,OFF-BI-10002429,Office Supplies,Binders,"Premier Elliptical Ring Binder, Black",54.792,6,0.7,-40.1808
4514,CA-2013-145240,2013-07-09,2013-09-09,First Class,BG-11740,Bruce Geld,Consumer,United States,Houston,Texas,77070,Central,OFF-ST-10001590,Office Supplies,Storage,"Tenex Personal Project File with Scoop Front Design, Black",10.784,1,0.2,0.8088
4520,CA-2014-107167,2014-11-06,,Standard Class,ND-18460,Neil Ducich,Corporate,United States,Jacksonville,Florida,32216,South,OFF-ST-10003805,Office Supplies,Storage,"24 Capacity Maxi Data Binder Racks, Pearl",1347.52,8,0.2,84.22
4524,CA-2011-107454,2011-02-11,2011-06-11,Standard Class,RD-19720,Roger Demir,Consumer,United States,New York City,New York,10024,East,OFF-LA-10001569,Office Supplies,Labels,Avery 499,34.86,7,0.0,16.0356
4525,CA-2011-107454,2011-02-11,2011-06-11,Standard Class,RD-19720,Roger Demir,Consumer,United States,New York City,New York,10024,East,FUR-FU-10004018,Furniture,Furnishings,Tensor Computer Mounted Lamp,89.34,6,0.0,24.1218
4529,CA-2014-152856,2014-09-09,2014-11-09,Second Class,RS-19765,Roland Schwarz,Corporate,United States,Marion,Ohio,43302,East,TEC-AC-10004864,Technology,Accessories,Memorex Micro Travel Drive 32 GB,116.832,4,0.2,33.5892
4533,CA-2011-140403,2011-10-10,2011-10-10,Same Day,TN-21040,Tanja Norvell,Home Office,United States,Manteca,California,95336,West,FUR-CH-10002774,Furniture,Chairs,"Global Deluxe Stacking Chair, Gray",122.352,3,0.2,13.7646
4534,CA-2011-140403,2011-10-10,2011-10-10,Same Day,TN-21040,Tanja Norvell,Home Office,United States,Manteca,California,95336,West,OFF-EN-10001219,Office Supplies,Envelopes,"#10- 4 1/8"" x 9 1/2"" Security-Tint Envelopes",15.28,2,0.0,7.4872
4536,CA-2014-138464,2014-09-07,,Standard Class,VF-21715,Vicky Freymann,Home Office,United States,Seattle,Washington,98115,West,FUR-FU-10003142,Furniture,Furnishings,"Master Big Foot Doorstop, Beige",15.84,3,0.0,4.9104
4537,CA-2014-138464,2014-09-07,,Standard Class,VF-21715,Vicky Freymann,Home Office,United States,Seattle,Washington,98115,West,OFF-BI-10001543,Office Supplies,Binders,GBC VeloBinder Manual Binding System,86.376,3,0.2,30.2316
4538,CA-2014-138464,2014-09-07,,Standard Class,VF-21715,Vicky Freymann,Home Office,United States,Seattle,Washington,98115,West,OFF-AR-10003560,Office Supplies,Art,Zebra Zazzle Fluorescent Highlighters,18.24,3,0.0,6.2016
4539,CA-2014-138464,2014-09-07,,Standard Class,VF-21715,Vicky Freymann,Home Office,United States,Seattle,Washington,98115,West,OFF-AR-10004757,Office Supplies,Art,Crayola Colored Pencils,13.12,4,0.0,4.3296
4544,CA-2012-126557,2012-12-07,,Second Class,RL-19615,Rob Lucas,Consumer,United States,Chicago,Illinois,60610,Central,FUR-CH-10004477,Furniture,Chairs,"Global Push Button Manager's Chair, Indigo",383.607,9,0.3,-5.4801
4545,CA-2012-126557,2012-12-07,,Second Class,RL-19615,Rob Lucas,Consumer,United States,Chicago,Illinois,60610,Central,TEC-PH-10003505,Technology,Phones,Geemarc AmpliPOWER60,148.48,2,0.2,16.704
4546,CA-2012-126557,2012-12-07,,Second Class,RL-19615,Rob Lucas,Consumer,United States,Chicago,Illinois,60610,Central,TEC-PH-10000526,Technology,Phones,Vtech CS6719,537.544,7,0.2,53.7544
4547,CA-2012-126557,2012-12-07,,Second Class,RL-19615,Rob Lucas,Consumer,United States,Chicago,Illinois,60610,Central,OFF-BI-10003314,Office Supplies,Binders,Tuff Stuff Recycled Round Ring Binders,1.928,2,0.8,-2.9884
4548,CA-2012-126557,2012-12-07,,Second Class,RL-19615,Rob Lucas,Consumer,United States,Chicago,Illinois,60610,Central,OFF-AR-10003190,Office Supplies,Art,Newell 32,6.912,3,0.2,0.6912
4549,CA-2012-126557,2012-12-07,,Second Class,RL-19615,Rob Lucas,Consumer,United States,Chicago,Illinois,60610,Central,FUR-FU-10001861,Furniture,Furnishings,"Floodlight Indoor Halogen Bulbs, 1 Bulb per Pack, 60 Watts",7.76,1,0.6,-2.134
4550,CA-2012-126557,2012-12-07,,Second Class,RL-19615,Rob Lucas,Consumer,United States,Chicago,Illinois,60610,Central,TEC-PH-10003963,Technology,Phones,GE 2-Jack Phone Line Splitter,659.168,4,0.2,49.4376
4551,US-2014-107636,2014-01-05,2014-03-05,First Class,NM-18520,Neoma Murray,Consumer,United States,Manchester,Connecticut,6040,East,OFF-LA-10003388,Office Supplies,Labels,Avery 5,5.76,2,0.0,2.8224
4560,CA-2011-110219,2011-05-05,2011-08-05,First Class,EB-13870,Emily Burns,Consumer,United States,San Antonio,Texas,78207,Central,FUR-CH-10001146,Furniture,Chairs,"Global Value Mid-Back Manager's Chair, Gray",127.869,3,0.3,-9.1335
4561,CA-2012-118871,2012-04-12,2012-09-12,Second Class,HM-14860,Harry Marie,Corporate,United States,Los Angeles,California,90049,West,OFF-EN-10003296,Office Supplies,Envelopes,Tyvek Side-Opening Peel & Seel Expanding Envelopes,271.44,3,0.0,122.148
4562,CA-2012-118871,2012-04-12,2012-09-12,Second Class,HM-14860,Harry Marie,Corporate,United States,Los Angeles,California,90049,West,TEC-PH-10000193,Technology,Phones,Jensen SMPS-640 - speaker phone,110.352,3,0.2,8.2764
4563,CA-2012-118871,2012-04-12,2012-09-12,Second Class,HM-14860,Harry Marie,Corporate,United States,Los Angeles,California,90049,West,FUR-FU-10002111,Furniture,Furnishings,"Master Caster Door Stop, Large Brown",36.4,5,0.0,13.832
4565,CA-2011-101175,2011-09-12,,Standard Class,DM-12955,Dario Medina,Corporate,United States,Mesa,Arizona,85204,West,OFF-ST-10004950,Office Supplies,Storage,Acco Perma 3000 Stacking Storage Drawers,100.704,6,0.2,-1.2588
4566,US-2014-149510,2014-04-12,2014-11-12,Standard Class,MC-17575,Matt Collins,Consumer,United States,Fayetteville,North Carolina,28314,South,OFF-AP-10002350,Office Supplies,Appliances,Belkin F9H710-06 7 Outlet SurgeMaster Surge Protector,45.216,3,0.2,4.5216
4567,US-2014-149510,2014-04-12,2014-11-12,Standard Class,MC-17575,Matt Collins,Consumer,United States,Fayetteville,North Carolina,28314,South,OFF-BI-10004233,Office Supplies,Binders,"GBC Pre-Punched Binding Paper, Plastic, White, 8-1/2"" x 11""",28.782,6,0.7,-21.1068
4568,US-2014-149510,2014-04-12,2014-11-12,Standard Class,MC-17575,Matt Collins,Consumer,United States,Fayetteville,North Carolina,28314,South,OFF-PA-10001892,Office Supplies,Paper,"Rediform Wirebound ""Phone Memo"" Message Book, 11 x 5-3/4",24.448,4,0.2,8.8624
4569,CA-2012-111990,2012-08-11,,Standard Class,DB-13660,Duane Benoit,Consumer,United States,Houston,Texas,77095,Central,OFF-BI-10003291,Office Supplies,Binders,Wilson Jones Leather-Like Binders with DublLock Round Rings,10.476,6,0.8,-17.2854
4578,US-2011-121734,2011-11-04,,Standard Class,SE-20110,Sanjit Engle,Consumer,United States,Lewiston,Idaho,83501,West,OFF-BI-10004817,Office Supplies,Binders,GBC Personal VeloBind Strips,9.584,1,0.2,3.3544
4579,CA-2012-110947,2012-09-06,,Standard Class,AG-10765,Anthony Garverick,Home Office,United States,Hampton,Virginia,23666,South,OFF-BI-10001670,Office Supplies,Binders,Vinyl Sectional Post Binders,113.1,3,0.0,56.55
4583,CA-2013-121993,2013-11-06,,First Class,JB-16000,Joy Bell-,Consumer,United States,Philadelphia,Pennsylvania,19140,East,OFF-LA-10003720,Office Supplies,Labels,Avery 487,23.616,8,0.2,7.9704
4585,US-2014-163790,2014-03-11,2014-05-11,Second Class,NL-18310,Nancy Lomonaco,Home Office,United States,Danville,California,94526,West,OFF-EN-10001335,Office Supplies,Envelopes,"White Business Envelopes with Contemporary Seam, Recycled White Business Envelopes",76.58,7,0.0,38.29
4586,US-2014-163790,2014-03-11,2014-05-11,Second Class,NL-18310,Nancy Lomonaco,Home Office,United States,Danville,California,94526,West,OFF-AR-10003469,Office Supplies,Art,Nontoxic Chalk,8.8,5,0.0,4.224
4587,US-2014-163790,2014-03-11,2014-05-11,Second Class,NL-18310,Nancy Lomonaco,Home Office,United States,Danville,California,94526,West,OFF-BI-10003718,Office Supplies,Binders,GBC Therma-A-Bind 250T Electric Binding System,590.352,6,0.2,206.6232
4588,US-2014-163790,2014-03-11,2014-05-11,Second Class,NL-18310,Nancy Lomonaco,Home Office,United States,Danville,California,94526,West,OFF-FA-10004838,Office Supplies,Fasteners,"Super Bands, 12/Pack",5.58,3,0.0,0.1674
4589,US-2014-163790,2014-03-11,2014-05-11,Second Class,NL-18310,Nancy Lomonaco,Home Office,United States,Danville,California,94526,West,FUR-FU-10002508,Furniture,Furnishings,Document Clip Frames,25.02,3,0.0,10.5084
4590,US-2014-163790,2014-03-11,2014-05-11,Second Class,NL-18310,Nancy Lomonaco,Home Office,United States,Danville,California,94526,West,OFF-ST-10001511,Office Supplies,Storage,Space Solutions Commercial Steel Shelving,452.55,7,0.0,22.6275
4597,CA-2013-140564,2013-06-12,2013-11-12,Second Class,TC-21475,Tony Chapman,Home Office,United States,Washington,District of Columbia,20016,East,OFF-AR-10000034,Office Supplies,Art,"BIC Brite Liner Grip Highlighters, Assorted, 5/Pack",33.92,8,0.0,13.2288
4611,US-2014-141852,2014-10-11,,Standard Class,JE-15745,Joel Eaton,Consumer,United States,Oceanside,California,92054,West,FUR-FU-10000023,Furniture,Furnishings,Eldon Wave Desk Accessories,47.12,8,0.0,20.7328
4613,US-2014-165953,2014-01-01,2014-07-01,Standard Class,EP-13915,Emily Phan,Consumer,United States,Jacksonville,Florida,32216,South,OFF-AR-10000588,Office Supplies,Art,Newell 345,47.616,3,0.2,3.5712
4614,US-2014-165953,2014-01-01,2014-07-01,Standard Class,EP-13915,Emily Phan,Consumer,United States,Jacksonville,Florida,32216,South,OFF-PA-10002250,Office Supplies,Paper,Things To Do Today Pad,23.48,5,0.2,8.218
4615,CA-2013-144540,2013-06-09,2013-11-09,Standard Class,GH-14410,Gary Hansen,Home Office,United States,Houston,Texas,77070,Central,OFF-AP-10002457,Office Supplies,Appliances,"Eureka The Boss Plus 12-Amp Hard Box Upright Vacuum, Red",62.79,3,0.8,-166.3935
4616,CA-2013-144540,2013-06-09,2013-11-09,Standard Class,GH-14410,Gary Hansen,Home Office,United States,Houston,Texas,77070,Central,OFF-FA-10002763,Office Supplies,Fasteners,Advantus Map Pennant Flags and Round Head Tacks,28.44,9,0.2,4.266
4617,CA-2012-159863,2012-04-09,2012-07-09,Second Class,DS-13180,David Smith,Corporate,United States,Houston,Texas,77095,Central,TEC-AC-10000109,Technology,Accessories,Sony Micro Vault Click 16 GB USB 2.0 Flash Drive,134.376,3,0.2,6.7188
4622,CA-2012-161214,2012-05-10,2012-08-10,Second Class,SF-20965,Sylvia Foulston,Corporate,United States,Wilmington,Delaware,19805,East,OFF-ST-10001328,Office Supplies,Storage,"Personal Filing Tote with Lid, Black/Gray",77.55,5,0.0,21.714
4623,CA-2014-147228,2014-10-09,,Standard Class,SO-20335,Sean O'Donnell,Consumer,United States,Columbia,Tennessee,38401,South,OFF-SU-10001225,Office Supplies,Supplies,Staples,8.832,3,0.2,-1.9872
4624,CA-2014-147228,2014-10-09,,Standard Class,SO-20335,Sean O'Donnell,Consumer,United States,Columbia,Tennessee,38401,South,OFF-PA-10000357,Office Supplies,Paper,Xerox 1888,177.536,4,0.2,62.1376
4625,CA-2014-147228,2014-10-09,,Standard Class,SO-20335,Sean O'Donnell,Consumer,United States,Columbia,Tennessee,38401,South,OFF-ST-10000046,Office Supplies,Storage,Fellowes Super Stor/Drawer Files,258.48,2,0.2,-3.231
4626,CA-2014-147228,2014-10-09,,Standard Class,SO-20335,Sean O'Donnell,Consumer,United States,Columbia,Tennessee,38401,South,FUR-FU-10000023,Furniture,Furnishings,Eldon Wave Desk Accessories,14.136,3,0.2,4.2408
4632,CA-2014-168396,2014-04-08,2014-09-08,Second Class,BD-11725,Bruce Degenhardt,Consumer,United States,San Francisco,California,94122,West,OFF-LA-10001297,Office Supplies,Labels,Avery 473,51.75,5,0.0,24.84
4633,CA-2014-168396,2014-04-08,2014-09-08,Second Class,BD-11725,Bruce Degenhardt,Consumer,United States,San Francisco,California,94122,West,FUR-FU-10000723,Furniture,Furnishings,"Deflect-o EconoMat Studded, No Bevel Mat for Low Pile Carpeting",123.96,3,0.0,11.1564
4640,CA-2013-102162,2013-12-09,,Standard Class,JF-15565,Jill Fjeld,Consumer,United States,Newport News,Virginia,23602,South,TEC-CO-10001943,Technology,Copiers,Canon PC-428 Personal Copier,1599.92,8,0.0,751.9624
4641,CA-2013-102162,2013-12-09,,Standard Class,JF-15565,Jill Fjeld,Consumer,United States,Newport News,Virginia,23602,South,OFF-EN-10002312,Office Supplies,Envelopes,#10 Self-Seal White Envelopes,11.09,1,0.0,5.4341
4644,CA-2012-147501,2012-02-08,2012-06-08,Standard Class,Co-12640,Corey-Lock,Consumer,United States,Seattle,Washington,98105,West,OFF-BI-10002003,Office Supplies,Binders,Ibico Presentation Index for Binding Systems,6.368,2,0.2,2.1492
4645,CA-2012-147501,2012-02-08,2012-06-08,Standard Class,Co-12640,Corey-Lock,Consumer,United States,Seattle,Washington,98105,West,TEC-MA-10001972,Technology,Machines,Okidata C331dn Printer,558.4,2,0.2,41.88
4651,CA-2014-150987,2014-09-04,,Standard Class,AH-10120,Adrian Hane,Home Office,United States,San Francisco,California,94110,West,OFF-PA-10001878,Office Supplies,Paper,Xerox 1891,244.55,5,0.0,114.9385
4652,CA-2014-150987,2014-09-04,,Standard Class,AH-10120,Adrian Hane,Home Office,United States,San Francisco,California,94110,West,OFF-PA-10002923,Office Supplies,Paper,Xerox 1942,195.76,4,0.0,97.88
4656,CA-2011-160738,2011-05-05,2011-10-05,Standard Class,KH-16330,Katharine Harms,Corporate,United States,Freeport,Illinois,61032,Central,OFF-ST-10003442,Office Supplies,Storage,Eldon Portable Mobile Manager,45.248,2,0.2,3.9592
4657,CA-2012-112130,2012-03-05,2012-07-05,Standard Class,SV-20785,Stewart Visinsky,Consumer,United States,Philadelphia,Pennsylvania,19140,East,OFF-AR-10001468,Office Supplies,Art,"Sanford Prismacolor Professional Thick Lead Art Pencils, 36-Color Set",59.904,2,0.2,14.2272
4658,CA-2012-112130,2012-03-05,2012-07-05,Standard Class,SV-20785,Stewart Visinsky,Consumer,United States,Philadelphia,Pennsylvania,19140,East,OFF-AP-10003266,Office Supplies,Appliances,"Holmes Replacement Filter for HEPA Air Cleaner, Large Room",23.696,2,0.2,6.5164
4659,CA-2012-112130,2012-03-05,2012-07-05,Standard Class,SV-20785,Stewart Visinsky,Consumer,United States,Philadelphia,Pennsylvania,19140,East,OFF-PA-10002230,Office Supplies,Paper,Xerox 1897,7.968,2,0.2,2.8884
4660,CA-2012-112130,2012-03-05,2012-07-05,Standard Class,SV-20785,Stewart Visinsky,Consumer,United States,Philadelphia,Pennsylvania,19140,East,OFF-AP-10003622,Office Supplies,Appliances,"Bravo II Megaboss 12-Amp Hard Body Upright, Replacement Belts, 2 Belts per Pack",18.2,7,0.2,2.0475
4661,CA-2012-112130,2012-03-05,2012-07-05,Standard Class,SV-20785,Stewart Visinsky,Consumer,United States,Philadelphia,Pennsylvania,19140,East,TEC-AC-10001542,Technology,Accessories,SanDisk Cruzer 16 GB USB Flash Drive,27.552,3,0.2,-0.3444
4662,CA-2012-112130,2012-03-05,2012-07-05,Standard Class,SV-20785,Stewart Visinsky,Consumer,United States,Philadelphia,Pennsylvania,19140,East,FUR-CH-10002965,Furniture,Chairs,"Global Leather Highback Executive Chair with Pneumatic Height Adjustment, Black",844.116,6,0.3,-36.1764
4663,CA-2012-112130,2012-03-05,2012-07-05,Standard Class,SV-20785,Stewart Visinsky,Consumer,United States,Philadelphia,Pennsylvania,19140,East,OFF-ST-10000563,Office Supplies,Storage,Fellowes Bankers Box Stor/Drawer Steel Plus,76.752,3,0.2,-9.594
4667,CA-2013-116547,2013-10-01,,Standard Class,KB-16585,Ken Black,Corporate,United States,Seattle,Washington,98115,West,FUR-FU-10000076,Furniture,Furnishings,24-Hour Round Wall Clock,79.92,4,0.0,34.3656
4668,CA-2013-116547,2013-10-01,,Standard Class,KB-16585,Ken Black,Corporate,United States,Seattle,Washington,98115,West,TEC-AC-10002335,Technology,Accessories,Logitech Media Keyboard K200,69.98,2,0.0,13.2962
4669,US-2014-133200,2014-07-05,2014-12-05,Standard Class,DB-13555,Dorothy Badders,Corporate,United States,Fort Worth,Texas,76106,Central,OFF-BI-10002827,Office Supplies,Binders,Avery Durable Poly Binders,11.06,10,0.8,-18.802
4670,US-2014-133200,2014-07-05,2014-12-05,Standard Class,DB-13555,Dorothy Badders,Corporate,United States,Fort Worth,Texas,76106,Central,FUR-BO-10001601,Furniture,Bookcases,"Sauder Mission Library with Doors, Fruitwood Finish",623.4648,7,0.32,-119.1918
4671,US-2014-133200,2014-07-05,2014-12-05,Standard Class,DB-13555,Dorothy Badders,Corporate,United States,Fort Worth,Texas,76106,Central,OFF-ST-10001932,Office Supplies,Storage,Fellowes Staxonsteel Drawer Files,772.68,5,0.2,-57.951
4672,CA-2013-133550,2013-01-08,2013-07-08,Standard Class,KL-16645,Ken Lonsdale,Consumer,United States,Detroit,Michigan,48205,Central,OFF-AP-10001005,Office Supplies,Appliances,Honeywell Quietcare HEPA Air Cleaner,283.14,4,0.1,72.358
4673,CA-2013-133550,2013-01-08,2013-07-08,Standard Class,KL-16645,Ken Lonsdale,Consumer,United States,Detroit,Michigan,48205,Central,TEC-PH-10004042,Technology,Phones,ClearOne Communications CHAT 70 OC Speaker Phone,635.96,4,0.0,165.3496
4674,CA-2013-133550,2013-01-08,2013-07-08,Standard Class,KL-16645,Ken Lonsdale,Consumer,United States,Detroit,Michigan,48205,Central,TEC-PH-10001079,Technology,Phones,Polycom SoundPoint Pro SE-225 Corded phone,118.99,1,0.0,33.3172
4675,CA-2013-133550,2013-01-08,2013-07-08,Standard Class,KL-16645,Ken Lonsdale,Consumer,United States,Detroit,Michigan,48205,Central,FUR-FU-10002918,Furniture,Furnishings,Eldon ClusterMat Chair Mat with Cordless Antistatic Protection,272.94,3,0.0,30.0234
4683,CA-2013-127698,2013-02-12,2013-02-12,Same Day,MV-18190,Mike Vittorini,Consumer,United States,Raleigh,North Carolina,27604,South,TEC-PH-10003811,Technology,Phones,Jabra Supreme Plus Driver Edition Headset,863.928,9,0.2,86.3928
4700,CA-2014-140298,2014-12-05,,Standard Class,JK-16120,Julie Kriz,Home Office,United States,Austin,Texas,78745,Central,OFF-AR-10003481,Office Supplies,Art,Newell 348,5.248,2,0.2,0.5904
4701,CA-2014-140298,2014-12-05,,Standard Class,JK-16120,Julie Kriz,Home Office,United States,Austin,Texas,78745,Central,OFF-ST-10004180,Office Supplies,Storage,Safco Commercial Shelving,74.416,2,0.2,-14.8832
4702,CA-2014-140298,2014-12-05,,Standard Class,JK-16120,Julie Kriz,Home Office,United States,Austin,Texas,78745,Central,OFF-PA-10003657,Office Supplies,Paper,Xerox 1927,6.848,2,0.2,2.14
4703,CA-2014-140298,2014-12-05,,Standard Class,JK-16120,Julie Kriz,Home Office,United States,Austin,Texas,78745,Central,FUR-FU-10001967,Furniture,Furnishings,Telescoping Adjustable Floor Lamp,7.996,1,0.6,-6.9965
4716,US-2012-122910,2012-12-05,,Standard Class,LT-16765,Larry Tron,Consumer,United States,Louisville,Colorado,80027,West,TEC-PH-10000441,Technology,Phones,VTech DS6151,201.584,2,0.2,20.1584
4717,CA-2014-143126,2014-04-12,2014-08-12,Second Class,CM-12655,Corinna Mitchell,Home Office,United States,Seattle,Washington,98115,West,FUR-TA-10002958,Furniture,Tables,"Bevis Oval Conference Table, Walnut",521.96,2,0.0,88.7332
4718,CA-2012-129042,2012-12-12,,Standard Class,EM-13960,Eric Murdock,Consumer,United States,Baltimore,Maryland,21215,East,OFF-AR-10001662,Office Supplies,Art,Rogers Handheld Barrel Pencil Sharpener,8.22,3,0.0,2.2194
4719,CA-2012-109736,2012-10-10,2012-11-10,First Class,DJ-13420,Denny Joy,Corporate,United States,San Francisco,California,94109,West,OFF-PA-10004101,Office Supplies,Paper,Xerox 1894,45.36,7,0.0,21.7728
4722,CA-2011-106229,2011-07-06,2011-11-06,Second Class,NR-18550,Nick Radford,Consumer,United States,Aurora,Illinois,60505,Central,FUR-TA-10002041,Furniture,Tables,"Bevis Round Conference Table Top, X-Base",268.935,3,0.5,-209.7693
4723,US-2014-135230,2014-02-09,2014-08-09,Standard Class,CK-12325,Christine Kargatis,Home Office,United States,Seattle,Washington,98103,West,OFF-AR-10001166,Office Supplies,Art,Staples,7.58,1,0.0,2.9562
4725,CA-2013-131968,2013-12-11,,Standard Class,LB-16795,Laurel Beltran,Home Office,United States,Apopka,Florida,32712,South,OFF-BI-10002852,Office Supplies,Binders,Ibico Standard Transparent Covers,9.888,2,0.7,-6.9216
4726,CA-2013-131968,2013-12-11,,Standard Class,LB-16795,Laurel Beltran,Home Office,United States,Apopka,Florida,32712,South,OFF-AP-10001058,Office Supplies,Appliances,Sanyo 2.5 Cubic Foot Mid-Size Office Refrigerators,671.544,3,0.2,50.3658
4729,CA-2011-123323,2011-07-11,2011-12-11,Standard Class,LH-16900,Lena Hernandez,Consumer,United States,San Francisco,California,94110,West,OFF-BI-10003684,Office Supplies,Binders,Wilson Jones Legal Size Ring Binders,123.144,7,0.2,46.179
4735,CA-2013-120530,2013-08-04,,Standard Class,Dl-13600,Dorris liebe,Corporate,United States,New York City,New York,10035,East,FUR-CH-10000454,Furniture,Chairs,"Hon Deluxe Fabric Upholstered Stacking Chairs, Rounded Back",658.746,3,0.1,146.388
4744,CA-2014-168123,2014-06-03,2014-06-03,Same Day,JD-16060,Julia Dunbar,Consumer,United States,Rochester,Minnesota,55901,Central,OFF-FA-10002763,Office Supplies,Fasteners,Advantus Map Pennant Flags and Round Head Tacks,7.9,2,0.0,2.528
4745,CA-2014-168123,2014-06-03,2014-06-03,Same Day,JD-16060,Julia Dunbar,Consumer,United States,Rochester,Minnesota,55901,Central,OFF-ST-10000877,Office Supplies,Storage,Recycled Steel Personal File for Standard File Folders,221.16,4,0.0,57.5016
4746,CA-2014-168123,2014-06-03,2014-06-03,Same Day,JD-16060,Julia Dunbar,Consumer,United States,Rochester,Minnesota,55901,Central,OFF-BI-10001071,Office Supplies,Binders,GBC ProClick Punch Binding System,127.96,2,0.0,62.7004
4747,CA-2014-168123,2014-06-03,2014-06-03,Same Day,JD-16060,Julia Dunbar,Consumer,United States,Rochester,Minnesota,55901,Central,OFF-BI-10001097,Office Supplies,Binders,Avery Hole Reinforcements,18.69,3,0.0,9.1581
4748,CA-2013-120005,2013-04-03,2013-04-03,Same Day,TS-21160,Theresa Swint,Corporate,United States,San Francisco,California,94110,West,OFF-SU-10004782,Office Supplies,Supplies,"Elite 5"" Scissors",25.35,3,0.0,7.605
4749,CA-2013-120005,2013-04-03,2013-04-03,Same Day,TS-21160,Theresa Swint,Corporate,United States,San Francisco,California,94110,West,FUR-FU-10000672,Furniture,Furnishings,"Executive Impressions 10"" Spectator Wall Clock",35.28,3,0.0,11.9952
4751,CA-2013-127649,2013-08-10,2013-10-10,First Class,DL-13495,Dionis Lloyd,Corporate,United States,Spokane,Washington,99207,West,TEC-MA-10001972,Technology,Machines,Okidata C331dn Printer,837.6,3,0.2,62.82
4752,CA-2013-159989,2013-10-12,,Standard Class,EB-13870,Emily Burns,Consumer,United States,Franklin,Tennessee,37064,South,TEC-PH-10000169,Technology,Phones,ARKON Windshield Dashboard Air Vent Car Mount Holder,40.68,3,0.2,-9.153
4754,US-2012-167220,2012-12-12,,Standard Class,JB-15925,Joni Blumstein,Consumer,United States,Austin,Texas,78745,Central,TEC-AC-10002018,Technology,Accessories,AmazonBasics 3-Button USB Wired Mouse,22.368,4,0.2,6.4308
4755,CA-2014-126354,2014-04-02,2014-09-02,Standard Class,SC-20380,Shahid Collister,Consumer,United States,Pembroke Pines,Florida,33024,South,OFF-BI-10000301,Office Supplies,Binders,GBC Instant Report Kit,3.882,2,0.7,-2.588
4756,CA-2014-126354,2014-04-02,2014-09-02,Standard Class,SC-20380,Shahid Collister,Consumer,United States,Pembroke Pines,Florida,33024,South,OFF-PA-10004381,Office Supplies,Paper,14-7/8 x 11 Blue Bar Computer Printout Paper,115.296,3,0.2,40.3536
4758,US-2014-144582,2014-01-05,2014-06-05,Standard Class,TC-21475,Tony Chapman,Home Office,United States,Danville,Illinois,61832,Central,OFF-BI-10001575,Office Supplies,Binders,GBC Linen Binding Covers,43.372,7,0.8,-69.3952
4759,CA-2011-121573,2011-03-11,2011-07-11,Standard Class,SG-20605,Speros Goranitis,Consumer,United States,New York City,New York,10009,East,TEC-PH-10000984,Technology,Phones,Panasonic KX-TG9471B,783.96,4,0.0,219.5088
4760,CA-2011-121573,2011-03-11,2011-07-11,Standard Class,SG-20605,Speros Goranitis,Consumer,United States,New York City,New York,10009,East,OFF-BI-10000666,Office Supplies,Binders,Surelock Post Binders,48.896,2,0.2,18.336
4761,CA-2011-121573,2011-03-11,2011-07-11,Standard Class,SG-20605,Speros Goranitis,Consumer,United States,New York City,New York,10009,East,OFF-BI-10003712,Office Supplies,Binders,"Acco Pressboard Covers with Storage Hooks, 14 7/8"" x 11"", Light Blue",7.856,2,0.2,2.8478
4767,CA-2012-123155,2012-09-03,2012-12-03,First Class,NS-18640,Noel Staavos,Corporate,United States,San Antonio,Texas,78207,Central,TEC-AC-10002473,Technology,Accessories,Maxell 4.7GB DVD-R,113.52,5,0.2,29.799
4768,CA-2012-123155,2012-09-03,2012-12-03,First Class,NS-18640,Noel Staavos,Corporate,United States,San Antonio,Texas,78207,Central,TEC-PH-10001809,Technology,Phones,Panasonic KX T7736-B Digital phone,359.88,3,0.2,22.4925
4769,CA-2014-158883,2014-03-06,2014-04-06,Same Day,CS-11860,Cari Schnelling,Consumer,United States,Jacksonville,North Carolina,28540,South,OFF-PA-10004733,Office Supplies,Paper,Things To Do Today Spiral Book,25.344,4,0.2,9.1872
4779,CA-2014-132346,2014-08-11,2014-12-11,Standard Class,PK-19075,Pete Kriz,Consumer,United States,Newark,Delaware,19711,East,OFF-AP-10000696,Office Supplies,Appliances,Holmes Odor Grabber,100.94,7,0.0,33.3102
4780,CA-2011-150301,2011-08-07,2011-10-07,First Class,MH-18025,Michelle Huthwaite,Consumer,United States,Buffalo,New York,14215,East,FUR-CH-10002647,Furniture,Chairs,"Situations Contoured Folding Chairs, 4/Set",63.882,1,0.1,10.647
4781,CA-2011-159310,2011-07-11,2011-12-11,Standard Class,SC-20725,Steven Cartwright,Consumer,United States,Houston,Texas,77070,Central,FUR-CH-10002758,Furniture,Chairs,"Hon Deluxe Fabric Upholstered Stacking Chairs, Squared Back",683.144,4,0.3,0.0
4782,CA-2011-159310,2011-07-11,2011-12-11,Standard Class,SC-20725,Steven Cartwright,Consumer,United States,Houston,Texas,77070,Central,OFF-BI-10000201,Office Supplies,Binders,"Avery Triangle Shaped Sheet Lifters, Black, 2/Pack",1.476,3,0.8,-2.214
4783,CA-2011-159310,2011-07-11,2011-12-11,Standard Class,SC-20725,Steven Cartwright,Consumer,United States,Houston,Texas,77070,Central,OFF-SU-10004115,Office Supplies,Supplies,Acme Stainless Steel Office Snips,40.712,7,0.2,3.5623
4785,CA-2012-104346,2012-11-12,,Standard Class,IM-15070,Irene Maddox,Consumer,United States,Colorado Springs,Colorado,80906,West,OFF-AR-10001473,Office Supplies,Art,Newell 313,13.12,5,0.2,1.148
4786,CA-2012-104346,2012-11-12,,Standard Class,IM-15070,Irene Maddox,Consumer,United States,Colorado Springs,Colorado,80906,West,FUR-BO-10003450,Furniture,Bookcases,"Bush Westfield Collection Bookcases, Dark Cherry Finish",69.576,4,0.7,-143.7904
4787,CA-2012-104346,2012-11-12,,Standard Class,IM-15070,Irene Maddox,Consumer,United States,Colorado Springs,Colorado,80906,West,OFF-AR-10001545,Office Supplies,Art,Newell 326,4.224,3,0.2,0.4752
4788,CA-2012-104346,2012-11-12,,Standard Class,IM-15070,Irene Maddox,Consumer,United States,Colorado Springs,Colorado,80906,West,TEC-AC-10004396,Technology,Accessories,Logitech Keyboard K120,58.08,4,0.2,-6.534
4789,CA-2012-104346,2012-11-12,,Standard Class,IM-15070,Irene Maddox,Consumer,United States,Colorado Springs,Colorado,80906,West,FUR-FU-10002456,Furniture,Furnishings,"Master Caster Door Stop, Large Neon Orange",52.416,9,0.2,15.0696
4790,CA-2012-104346,2012-11-12,,Standard Class,IM-15070,Irene Maddox,Consumer,United States,Colorado Springs,Colorado,80906,West,FUR-FU-10001473,Furniture,Furnishings,DAX Wood Document Frame,54.92,5,0.2,10.984
4791,CA-2012-104346,2012-11-12,,Standard Class,IM-15070,Irene Maddox,Consumer,United States,Colorado Springs,Colorado,80906,West,FUR-TA-10000849,Furniture,Tables,Bevis Rectangular Conference Tables,364.95,5,0.5,-248.166
4792,CA-2012-104346,2012-11-12,,Standard Class,IM-15070,Irene Maddox,Consumer,United States,Colorado Springs,Colorado,80906,West,OFF-PA-10001166,Office Supplies,Paper,Xerox 1932,85.056,3,0.2,28.7064
4793,CA-2012-104346,2012-11-12,,Standard Class,IM-15070,Irene Maddox,Consumer,United States,Colorado Springs,Colorado,80906,West,OFF-PA-10003256,Office Supplies,Paper,Avery Personal Creations Heavyweight Cards,27.696,3,0.2,9.6936
4815,CA-2013-111696,2013-09-05,2013-11-05,First Class,TB-21625,Trudy Brown,Consumer,United States,Los Angeles,California,90004,West,OFF-PA-10002751,Office Supplies,Paper,Xerox 1920,17.94,3,0.0,8.073
4820,CA-2014-117436,2014-09-06,,Standard Class,LW-17125,Liz Willingham,Consumer,United States,Norwich,Connecticut,6360,East,OFF-BI-10004040,Office Supplies,Binders,Wilson Jones Impact Binders,10.36,2,0.0,5.0764
4821,CA-2012-140025,2012-07-04,2012-11-04,Standard Class,PF-19120,Peter Fuller,Consumer,United States,San Antonio,Texas,78207,Central,OFF-AP-10002651,Office Supplies,Appliances,Hoover Upright Vacuum With Dirt Cup,463.248,8,0.8,-1181.2824
4822,CA-2012-140025,2012-07-04,2012-11-04,Standard Class,PF-19120,Peter Fuller,Consumer,United States,San Antonio,Texas,78207,Central,TEC-AC-10002402,Technology,Accessories,Razer Kraken PRO Over Ear PC and Music Headset,383.952,6,0.2,47.994
4823,CA-2013-134222,2013-11-07,2013-12-07,Same Day,NZ-18565,Nick Zandusky,Home Office,United States,Yuma,Arizona,85364,West,OFF-BI-10001658,Office Supplies,Binders,GBC Standard Therm-A-Bind Covers,44.856,6,0.7,-35.8848
4828,CA-2011-152562,2011-01-11,2011-08-11,Standard Class,JO-15145,Jack O'Briant,Corporate,United States,Richmond,Kentucky,40475,South,OFF-ST-10000464,Office Supplies,Storage,"Multi-Use Personal File Cart and Caster Set, Three Stacking Bins",69.52,2,0.0,19.4656
4829,CA-2011-152562,2011-01-11,2011-08-11,Standard Class,JO-15145,Jack O'Briant,Corporate,United States,Richmond,Kentucky,40475,South,OFF-AR-10001919,Office Supplies,Art,"OIC #2 Pencils, Medium Soft",5.64,3,0.0,1.6356
4831,CA-2011-120278,2011-07-11,2011-12-11,Standard Class,MS-17365,Maribeth Schnelling,Consumer,United States,Wausau,Wisconsin,54401,Central,OFF-AP-10001293,Office Supplies,Appliances,Belkin 8 Outlet Surge Protector,245.88,6,0.0,68.8464
4832,CA-2011-120278,2011-07-11,2011-12-11,Standard Class,MS-17365,Maribeth Schnelling,Consumer,United States,Wausau,Wisconsin,54401,Central,OFF-ST-10004258,Office Supplies,Storage,Portable Personal File Box,36.63,3,0.0,9.8901
4833,CA-2011-120278,2011-07-11,2011-12-11,Standard Class,MS-17365,Maribeth Schnelling,Consumer,United States,Wausau,Wisconsin,54401,Central,OFF-ST-10002214,Office Supplies,Storage,X-Rack File for Hanging Folders,22.58,2,0.0,5.8708
4834,CA-2011-120278,2011-07-11,2011-12-11,Standard Class,MS-17365,Maribeth Schnelling,Consumer,United States,Wausau,Wisconsin,54401,Central,OFF-BI-10004970,Office Supplies,Binders,"ACCOHIDE 3-Ring Binder, Blue, 1""",12.39,3,0.0,5.8233
4835,CA-2014-167661,2014-06-10,2014-11-10,Standard Class,MP-18175,Mike Pelletier,Home Office,United States,San Francisco,California,94110,West,OFF-BI-10002571,Office Supplies,Binders,"Avery Framed View Binder, EZD Ring (Locking), Navy, 1 1/2""",39.92,5,0.2,13.473
4836,CA-2014-167661,2014-06-10,2014-11-10,Standard Class,MP-18175,Mike Pelletier,Home Office,United States,San Francisco,California,94110,West,OFF-PA-10002581,Office Supplies,Paper,Xerox 1951,61.96,2,0.0,27.882
4837,CA-2014-167661,2014-06-10,2014-11-10,Standard Class,MP-18175,Mike Pelletier,Home Office,United States,San Francisco,California,94110,West,OFF-BI-10001097,Office Supplies,Binders,Avery Hole Reinforcements,19.936,4,0.2,7.2268
4838,CA-2014-106831,2014-02-06,2014-04-06,First Class,FH-14350,Fred Harton,Consumer,United States,Dublin,Ohio,43017,East,OFF-BI-10003429,Office Supplies,Binders,"Cardinal HOLDit! Binder Insert Strips,Extra Strips",3.798,2,0.7,-2.6586
4839,CA-2014-106831,2014-02-06,2014-04-06,First Class,FH-14350,Fred Harton,Consumer,United States,Dublin,Ohio,43017,East,OFF-PA-10000682,Office Supplies,Paper,Xerox 1924,27.744,6,0.2,10.0572
4840,CA-2014-106831,2014-02-06,2014-04-06,First Class,FH-14350,Fred Harton,Consumer,United States,Dublin,Ohio,43017,East,TEC-PH-10001700,Technology,Phones,Panasonic KX-TG6844B Expandable Digital Cordless Telephone,158.376,4,0.4,-34.3148
4844,US-2013-139388,2013-08-11,2013-10-11,First Class,CC-12475,Cindy Chapman,Consumer,United States,Lakewood,New Jersey,8701,East,OFF-FA-10004968,Office Supplies,Fasteners,Rubber Band Ball,14.96,4,0.0,0.2992
4845,US-2011-128685,2011-04-04,2011-05-04,First Class,MZ-17515,Mary Zewe,Corporate,United States,Los Angeles,California,90008,West,OFF-BI-10004140,Office Supplies,Binders,Avery Non-Stick Binders,7.184,2,0.2,2.245
4850,CA-2011-107818,2011-08-09,,Standard Class,MC-17275,Marc Crier,Consumer,United States,Pasco,Washington,99301,West,OFF-AR-10003045,Office Supplies,Art,Prang Colored Pencils,5.88,2,0.0,2.646
4851,CA-2011-107818,2011-08-09,,Standard Class,MC-17275,Marc Crier,Consumer,United States,Pasco,Washington,99301,West,FUR-CH-10000454,Furniture,Chairs,"Hon Deluxe Fabric Upholstered Stacking Chairs, Rounded Back",975.92,5,0.2,121.99
4852,CA-2011-107818,2011-08-09,,Standard Class,MC-17275,Marc Crier,Consumer,United States,Pasco,Washington,99301,West,OFF-AR-10000380,Office Supplies,Art,"Hunt PowerHouse Electric Pencil Sharpener, Blue",303.84,8,0.0,91.152
4853,CA-2011-107818,2011-08-09,,Standard Class,MC-17275,Marc Crier,Consumer,United States,Pasco,Washington,99301,West,OFF-ST-10000736,Office Supplies,Storage,Carina Double Wide Media Storage Towers in Natural & Black,485.88,6,0.0,19.4352
4854,CA-2011-113320,2011-12-12,,Second Class,LH-17155,Logan Haushalter,Consumer,United States,Oakland,California,94601,West,FUR-FU-10004270,Furniture,Furnishings,"Eldon Image Series Desk Accessories, Burgundy",12.54,3,0.0,4.5144
4855,CA-2011-113320,2011-12-12,,Second Class,LH-17155,Logan Haushalter,Consumer,United States,Oakland,California,94601,West,OFF-ST-10000617,Office Supplies,Storage,Woodgrain Magazine Files by Perma,8.94,3,0.0,0.6258
4856,CA-2011-113320,2011-12-12,,Second Class,LH-17155,Logan Haushalter,Consumer,United States,Oakland,California,94601,West,FUR-FU-10001706,Furniture,Furnishings,Longer-Life Soft White Bulbs,9.24,3,0.0,4.4352
4862,CA-2011-138940,2011-11-04,,Second Class,GM-14455,Gary Mitchum,Home Office,United States,Austin,Texas,78745,Central,TEC-PH-10001835,Technology,Phones,Jawbone JAMBOX Wireless Bluetooth Speaker,758.352,6,0.2,265.4232
4863,CA-2013-125164,2013-11-11,,Standard Class,SH-19975,Sally Hughsby,Corporate,United States,New York City,New York,10011,East,OFF-BI-10001191,Office Supplies,Binders,Canvas Sectional Post Binders,20.368,1,0.2,7.3834
4864,CA-2013-125164,2013-11-11,,Standard Class,SH-19975,Sally Hughsby,Corporate,United States,New York City,New York,10011,East,OFF-BI-10003982,Office Supplies,Binders,Wilson Jones Century Plastic Molded Ring Binders,49.848,3,0.2,16.8237
4876,CA-2011-132864,2011-02-12,2011-07-12,Standard Class,KN-16390,Katherine Nockton,Corporate,United States,Columbus,Ohio,43229,East,TEC-AC-10001267,Technology,Accessories,Imation 32GB Pocket Pro USB 3.0 Flash Drive - 32 GB - Black - 1 P ...,119.8,5,0.2,29.95
4877,US-2011-155817,2011-03-10,2011-09-10,Standard Class,SL-20155,Sara Luxemburg,Home Office,United States,Durham,North Carolina,27707,South,OFF-ST-10000532,Office Supplies,Storage,Advantus Rolling Drawer Organizers,61.568,2,0.2,4.6176
4878,US-2011-155817,2011-03-10,2011-09-10,Standard Class,SL-20155,Sara Luxemburg,Home Office,United States,Durham,North Carolina,27707,South,OFF-AR-10002335,Office Supplies,Art,DIXON Oriole Pencils,6.192,3,0.2,0.4644
4880,CA-2014-143567,2014-03-11,2014-06-11,Second Class,TB-21175,Thomas Boland,Corporate,United States,Henderson,Kentucky,42420,South,OFF-EN-10004846,Office Supplies,Envelopes,Letter or Legal Size Expandable Poly String Tie Envelopes,5.32,2,0.0,2.6068
4881,CA-2014-143567,2014-03-11,2014-06-11,Second Class,TB-21175,Thomas Boland,Corporate,United States,Henderson,Kentucky,42420,South,FUR-CH-10000454,Furniture,Chairs,"Hon Deluxe Fabric Upholstered Stacking Chairs, Rounded Back",975.92,4,0.0,292.776
4882,CA-2014-143567,2014-03-11,2014-06-11,Second Class,TB-21175,Thomas Boland,Corporate,United States,Henderson,Kentucky,42420,South,TEC-AC-10004145,Technology,Accessories,Logitech diNovo Edge Keyboard,2249.91,9,0.0,517.4793
4883,CA-2014-143567,2014-03-11,2014-06-11,Second Class,TB-21175,Thomas Boland,Corporate,United States,Henderson,Kentucky,42420,South,OFF-ST-10001580,Office Supplies,Storage,Super Decoflex Portable Personal File,59.92,4,0.0,16.7776
4884,CA-2014-104080,2014-09-03,,Standard Class,AH-10210,Alan Hwang,Consumer,United States,Anaheim,California,92804,West,OFF-BI-10003876,Office Supplies,Binders,"Green Canvas Binder for 8-1/2"" x 14"" Sheets",171.2,5,0.2,64.2
4885,CA-2014-104080,2014-09-03,,Standard Class,AH-10210,Alan Hwang,Consumer,United States,Anaheim,California,92804,West,OFF-AR-10001972,Office Supplies,Art,Newell 323,3.36,2,0.0,0.8736
4903,CA-2014-110884,2014-08-03,,Standard Class,SH-20395,Shahid Hopkins,Consumer,United States,New York City,New York,10035,East,OFF-BI-10003669,Office Supplies,Binders,3M Organizer Strips,25.92,6,0.2,9.072
4904,CA-2014-110884,2014-08-03,,Standard Class,SH-20395,Shahid Hopkins,Consumer,United States,New York City,New York,10035,East,OFF-LA-10003510,Office Supplies,Labels,"Avery 4027 File Folder Labels for Dot Matrix Printers, 5000 Labels per Box, White",91.59,3,0.0,42.1314
4905,US-2011-161613,2011-01-12,2011-03-12,Second Class,MC-17605,Matt Connell,Corporate,United States,Houston,Texas,77070,Central,FUR-CH-10003746,Furniture,Chairs,Hon 4070 Series Pagoda Round Back Stacking Chairs,674.058,3,0.3,-19.2588
4917,CA-2014-163125,2014-10-10,2014-12-10,Second Class,MB-17305,Maria Bertelson,Consumer,United States,League City,Texas,77573,Central,OFF-AR-10004344,Office Supplies,Art,Bulldog Vacuum Base Pencil Sharpener,67.144,7,0.2,5.8751
4918,CA-2014-163125,2014-10-10,2014-12-10,Second Class,MB-17305,Maria Bertelson,Consumer,United States,League City,Texas,77573,Central,FUR-CH-10001802,Furniture,Chairs,Hon Every-Day Chair Series Swivel Task Chairs,254.058,3,0.3,-32.6646
4919,CA-2013-160304,2013-02-01,2013-07-01,Standard Class,BM-11575,Brendan Murry,Corporate,United States,Gaithersburg,Maryland,20877,East,FUR-BO-10004709,Furniture,Bookcases,"Bush Westfield Collection Bookcases, Medium Cherry Finish",173.94,3,0.0,38.2668
4920,CA-2013-160304,2013-02-01,2013-07-01,Standard Class,BM-11575,Brendan Murry,Corporate,United States,Gaithersburg,Maryland,20877,East,TEC-PH-10000455,Technology,Phones,GE 30522EE2,231.98,2,0.0,67.2742
4926,CA-2014-126438,2014-11-09,,First Class,AR-10345,Alex Russell,Corporate,United States,Lawrence,Massachusetts,1841,East,OFF-AR-10003338,Office Supplies,Art,"Eberhard Faber 3 1/2"" Golf Pencils",14.88,2,0.0,3.72
4928,CA-2014-143245,2014-02-12,2014-07-12,Standard Class,AD-10180,Alan Dominguez,Home Office,United States,Fairfield,Connecticut,6824,East,OFF-PA-10001972,Office Supplies,Paper,Xerox 214,19.44,3,0.0,9.3312
4929,CA-2014-143245,2014-02-12,2014-07-12,Standard Class,AD-10180,Alan Dominguez,Home Office,United States,Fairfield,Connecticut,6824,East,FUR-CH-10000155,Furniture,Chairs,Global Comet Stacking Armless Chair,897.15,3,0.0,251.202
4930,US-2011-138828,2011-02-09,2011-03-09,First Class,KD-16345,Katherine Ducich,Consumer,United States,New York City,New York,10009,East,OFF-AR-10000658,Office Supplies,Art,Newell 324,57.75,5,0.0,16.17
4931,US-2011-138828,2011-02-09,2011-03-09,First Class,KD-16345,Katherine Ducich,Consumer,United States,New York City,New York,10009,East,OFF-PA-10000349,Office Supplies,Paper,Staples,14.94,3,0.0,7.0218
4937,CA-2014-150931,2014-07-01,,Standard Class,DP-13390,Dennis Pardue,Home Office,United States,Tuscaloosa,Alabama,35401,South,OFF-BI-10004728,Office Supplies,Binders,Wilson Jones Turn Tabs Binder Tool for Ring Binders,33.74,7,0.0,15.5204
4941,CA-2012-156482,2012-06-02,,Standard Class,IL-15100,Ivan Liston,Consumer,United States,Wilmington,Delaware,19805,East,FUR-CH-10001708,Furniture,Chairs,Office Star - Contemporary Swivel Chair with Padded Adjustable Arms and Flex Back,1268.82,9,0.0,266.4522
4942,CA-2012-156482,2012-06-02,,Standard Class,IL-15100,Ivan Liston,Consumer,United States,Wilmington,Delaware,19805,East,FUR-BO-10002598,Furniture,Bookcases,"Hon Metal Bookcases, Putty",283.92,4,0.0,82.3368
4943,CA-2012-156482,2012-06-02,,Standard Class,IL-15100,Ivan Liston,Consumer,United States,Wilmington,Delaware,19805,East,OFF-AR-10001022,Office Supplies,Art,SANFORD Liquid Accent Tank-Style Highlighters,5.68,2,0.0,1.7608
4945,CA-2013-151372,2013-06-09,2013-07-09,First Class,JH-15985,Joseph Holt,Consumer,United States,Redondo Beach,California,90278,West,OFF-PA-10004381,Office Supplies,Paper,14-7/8 x 11 Blue Bar Computer Printout Paper,96.08,2,0.0,46.1184
4946,CA-2013-151372,2013-06-09,2013-07-09,First Class,JH-15985,Joseph Holt,Consumer,United States,Redondo Beach,California,90278,West,OFF-BI-10000050,Office Supplies,Binders,"Angle-D Binders with Locking Rings, Label Holders",11.68,2,0.2,3.942
4947,CA-2013-151372,2013-06-09,2013-07-09,First Class,JH-15985,Joseph Holt,Consumer,United States,Redondo Beach,California,90278,West,OFF-FA-10000304,Office Supplies,Fasteners,Advantus Push Pins,4.36,2,0.0,1.7876
4948,CA-2011-102085,2011-04-10,2011-09-10,Standard Class,JD-16015,Joy Daniels,Consumer,United States,Seattle,Washington,98115,West,OFF-LA-10002475,Office Supplies,Labels,Avery 519,29.24,4,0.0,13.7428
4952,CA-2012-144190,2012-09-06,,Standard Class,NC-18415,Nathan Cano,Consumer,United States,Royal Oak,Michigan,48073,Central,OFF-PA-10000304,Office Supplies,Paper,Xerox 1995,12.96,2,0.0,6.2208
4953,CA-2014-117926,2014-09-12,,Second Class,AS-10225,Alan Schoenberger,Corporate,United States,San Francisco,California,94109,West,OFF-AP-10002670,Office Supplies,Appliances,Belkin 8-Outlet Premiere SurgeMaster II Surge Protectors,69.48,1,0.0,20.844
4955,CA-2011-160262,2011-09-06,,Second Class,TS-21205,Thomas Seio,Corporate,United States,North Las Vegas,Nevada,89031,West,OFF-AR-10002335,Office Supplies,Art,DIXON Oriole Pencils,18.06,7,0.0,4.6956
4956,CA-2011-160262,2011-09-06,,Second Class,TS-21205,Thomas Seio,Corporate,United States,North Las Vegas,Nevada,89031,West,OFF-PA-10003641,Office Supplies,Paper,Xerox 1909,79.14,3,0.0,36.4044
4957,CA-2011-160262,2011-09-06,,Second Class,TS-21205,Thomas Seio,Corporate,United States,North Las Vegas,Nevada,89031,West,FUR-FU-10002685,Furniture,Furnishings,"Executive Impressions 13-1/2"" Indoor/Outdoor Wall Clock",37.4,2,0.0,14.212
4962,CA-2011-156587,2011-07-03,2011-08-03,First Class,AB-10015,Aaron Bergman,Consumer,United States,Seattle,Washington,98103,West,FUR-CH-10004477,Furniture,Chairs,"Global Push Button Manager's Chair, Indigo",48.712,1,0.2,5.4801
4963,CA-2011-156587,2011-07-03,2011-08-03,First Class,AB-10015,Aaron Bergman,Consumer,United States,Seattle,Washington,98103,West,OFF-AR-10001427,Office Supplies,Art,Newell 330,17.94,3,0.0,4.6644
4964,CA-2011-156587,2011-07-03,2011-08-03,First Class,AB-10015,Aaron Bergman,Consumer,United States,Seattle,Washington,98103,West,OFF-ST-10002344,Office Supplies,Storage,"Carina 42""Hx23 3/4""W Media Storage Unit",242.94,3,0.0,4.8588
4967,CA-2012-122406,2012-02-08,2012-05-08,Second Class,BE-11455,Brad Eason,Home Office,United States,Providence,Rhode Island,2908,East,TEC-PH-10001527,Technology,Phones,Plantronics MX500i Earset,128.85,3,0.0,3.8655
4968,CA-2012-122406,2012-02-08,2012-05-08,Second Class,BE-11455,Brad Eason,Home Office,United States,Providence,Rhode Island,2908,East,OFF-PA-10001307,Office Supplies,Paper,"Important Message Pads, 50 4-1/4 x 5-1/2 Forms per Pad",8.4,2,0.0,4.116
4969,CA-2012-122406,2012-02-08,2012-05-08,Second Class,BE-11455,Brad Eason,Home Office,United States,Providence,Rhode Island,2908,East,TEC-AC-10004571,Technology,Accessories,Logitech G700s Rechargeable Gaming Mouse,199.98,2,0.0,83.9916
4970,CA-2012-122406,2012-02-08,2012-05-08,Second Class,BE-11455,Brad Eason,Home Office,United States,Providence,Rhode Island,2908,East,FUR-CH-10001973,Furniture,Chairs,Office Star Flex Back Scooter Chair with White Frame,110.98,1,0.0,15.5372
4971,US-2013-153815,2013-07-11,2013-10-11,First Class,KL-16555,Kelly Lampkin,Corporate,United States,Jacksonville,Florida,32216,South,FUR-CH-10000513,Furniture,Chairs,High-Back Leather Manager's Chair,207.984,2,0.2,-28.5978
4972,US-2013-153815,2013-07-11,2013-10-11,First Class,KL-16555,Kelly Lampkin,Corporate,United States,Jacksonville,Florida,32216,South,OFF-PA-10002421,Office Supplies,Paper,Embossed Ink Jet Note Cards,36.112,2,0.2,12.6392
4973,US-2013-153815,2013-07-11,2013-10-11,First Class,KL-16555,Kelly Lampkin,Corporate,United States,Jacksonville,Florida,32216,South,FUR-FU-10004090,Furniture,Furnishings,"Executive Impressions 14"" Contract Wall Clock",35.568,2,0.2,5.7798
4974,US-2013-153815,2013-07-11,2013-10-11,First Class,KL-16555,Kelly Lampkin,Corporate,United States,Jacksonville,Florida,32216,South,OFF-PA-10004071,Office Supplies,Paper,"Eaton Premium Continuous-Feed Paper, 25% Cotton, Letter Size, White, 1000 Shts/Box",88.768,2,0.2,31.0688
4975,CA-2013-164896,2013-08-11,,Standard Class,PS-19045,Penelope Sewall,Home Office,United States,Oceanside,California,92054,West,OFF-PA-10002246,Office Supplies,Paper,"Wirebound Four 2-3/4 x 5 Forms per Page, 400 Sets per Book",12.9,2,0.0,6.321
4977,CA-2012-165050,2012-07-12,2012-09-12,First Class,AH-10210,Alan Hwang,Consumer,United States,New York City,New York,10024,East,OFF-BI-10001031,Office Supplies,Binders,Pressboard Data Binders by Wilson Jones,21.36,5,0.2,7.209
4978,CA-2012-165050,2012-07-12,2012-09-12,First Class,AH-10210,Alan Hwang,Consumer,United States,New York City,New York,10024,East,OFF-BI-10003727,Office Supplies,Binders,Avery Durable Slant Ring Binders With Label Holder,6.688,2,0.2,2.3408
4979,CA-2012-165050,2012-07-12,2012-09-12,First Class,AH-10210,Alan Hwang,Consumer,United States,New York City,New York,10024,East,TEC-PH-10001336,Technology,Phones,Digium D40 VoIP phone,773.94,6,0.0,224.4426
4980,US-2013-131114,2013-10-12,,Second Class,RW-19630,Rob Williams,Corporate,United States,Chicago,Illinois,60610,Central,OFF-SU-10001664,Office Supplies,Supplies,Acme Office Executive Series Stainless Steel Trimmers,20.568,3,0.2,1.5426
4981,US-2013-131114,2013-10-12,,Second Class,RW-19630,Rob Williams,Corporate,United States,Chicago,Illinois,60610,Central,OFF-AP-10003971,Office Supplies,Appliances,Belkin 6 Outlet Metallic Surge Strip,4.356,2,0.8,-11.7612
4982,US-2013-131114,2013-10-12,,Second Class,RW-19630,Rob Williams,Corporate,United States,Chicago,Illinois,60610,Central,TEC-AC-10000199,Technology,Accessories,Kingston Digital DataTraveler 8GB USB 2.0,19.04,4,0.2,-1.428
4984,CA-2013-109925,2013-07-11,2013-11-11,Second Class,IM-15070,Irene Maddox,Consumer,United States,San Diego,California,92105,West,OFF-ST-10003442,Office Supplies,Storage,Eldon Portable Mobile Manager,84.84,3,0.0,22.9068
4985,CA-2012-160696,2012-06-09,2012-10-09,Standard Class,CK-12760,Cyma Kinney,Corporate,United States,Nashville,Tennessee,37211,South,OFF-FA-10003059,Office Supplies,Fasteners,Assorted Color Push Pins,7.24,5,0.2,1.1765
4986,CA-2011-125171,2011-03-09,2011-03-09,Same Day,AG-10390,Allen Goldenen,Consumer,United States,New York City,New York,10009,East,OFF-LA-10001175,Office Supplies,Labels,Avery 514,14.4,5,0.0,7.056
4990,CA-2014-107321,2014-01-09,2014-05-09,Standard Class,AW-10930,Arthur Wiediger,Home Office,United States,San Francisco,California,94110,West,OFF-BI-10004022,Office Supplies,Binders,Acco Suede Grain Vinyl Round Ring Binder,6.672,3,0.2,2.1684
4991,CA-2014-107321,2014-01-09,2014-05-09,Standard Class,AW-10930,Arthur Wiediger,Home Office,United States,San Francisco,California,94110,West,TEC-PH-10002200,Technology,Phones,Aastra 6757i CT Wireless VoIP phone,689.408,4,0.2,77.5584
4992,US-2014-122714,2014-08-12,,Standard Class,HG-14965,Henry Goldwyn,Corporate,United States,Chicago,Illinois,60653,Central,OFF-BI-10001120,Office Supplies,Binders,Ibico EPK-21 Electric Binding System,1889.99,5,0.8,-2929.4845
4996,CA-2011-132227,2011-04-11,2011-10-11,Standard Class,SZ-20035,Sam Zeldin,Home Office,United States,New York City,New York,10011,East,OFF-BI-10000962,Office Supplies,Binders,"Acco Flexible ACCOHIDE Square Ring Data Binder, Dark Blue, 11 1/2"" X 14"" 7/8""",52.064,4,0.2,18.8732
4997,CA-2014-155824,2014-11-03,,Standard Class,KS-16300,Karen Seio,Corporate,United States,Raleigh,North Carolina,27604,South,OFF-AP-10000390,Office Supplies,Appliances,Euro Pro Shark Stick Mini Vacuum,48.784,1,0.2,3.6588
4998,CA-2014-155824,2014-11-03,,Standard Class,KS-16300,Karen Seio,Corporate,United States,Raleigh,North Carolina,27604,South,OFF-BI-10000014,Office Supplies,Binders,Heavy-Duty E-Z-D Binders,13.092,4,0.7,-10.0372
5001,CA-2014-159688,2014-08-05,,Standard Class,AB-10060,Adam Bellavance,Home Office,United States,Los Angeles,California,90004,West,TEC-AC-10000736,Technology,Accessories,Logitech G600 MMO Gaming Mouse,79.99,1,0.0,28.7964
5004,CA-2013-155033,2013-08-10,,Standard Class,CC-12475,Cindy Chapman,Consumer,United States,Los Angeles,California,90032,West,OFF-PA-10000143,Office Supplies,Paper,Astroparche Fine Business Paper,10.56,2,0.0,5.0688
5006,CA-2012-158659,2012-10-11,,Second Class,SC-20695,Steve Chapman,Corporate,United States,Richmond,Indiana,47374,Central,OFF-ST-10003306,Office Supplies,Storage,Letter Size Cart,714.3,5,0.0,207.147
5007,CA-2012-169796,2012-09-11,,Standard Class,Dp-13240,Dean percer,Home Office,United States,New York City,New York,10035,East,TEC-MA-10000045,Technology,Machines,Zebra ZM400 Thermal Label Printer,2321.9,2,0.0,1114.512
5008,CA-2012-169796,2012-09-11,,Standard Class,Dp-13240,Dean percer,Home Office,United States,New York City,New York,10035,East,OFF-ST-10001505,Office Supplies,Storage,"Perma STOR-ALL Hanging File Box, 13 1/8""W x 12 1/4""D x 10 1/2""H",17.94,3,0.0,3.0498
5009,CA-2012-102876,2012-07-09,,Standard Class,LR-17035,Lisa Ryan,Corporate,United States,Philadelphia,Pennsylvania,19134,East,OFF-BI-10004781,Office Supplies,Binders,GBC Wire Binding Strips,9.522,1,0.7,-6.9828
5010,CA-2012-102876,2012-07-09,,Standard Class,LR-17035,Lisa Ryan,Corporate,United States,Philadelphia,Pennsylvania,19134,East,TEC-PH-10002680,Technology,Phones,Samsung Galaxy Note 3,791.964,6,0.4,-131.994
5011,CA-2012-102876,2012-07-09,,Standard Class,LR-17035,Lisa Ryan,Corporate,United States,Philadelphia,Pennsylvania,19134,East,OFF-BI-10000848,Office Supplies,Binders,Angle-D Ring Binders,4.923,3,0.7,-3.9384
5012,US-2014-139647,2014-12-05,,First Class,TS-21370,Todd Sumrall,Corporate,United States,Phoenix,Arizona,85023,West,FUR-BO-10004467,Furniture,Bookcases,Bestar Classic Bookcase,209.979,7,0.7,-356.9643
5029,CA-2011-151792,2011-02-09,2011-07-09,Second Class,CV-12295,Christina VanderZanden,Consumer,United States,Chicago,Illinois,60653,Central,TEC-AC-10001606,Technology,Accessories,Logitech Wireless Performance Mouse MX for PC and Mac,239.976,3,0.2,53.9946
5035,CA-2012-103954,2012-09-08,,Second Class,HR-14770,Hallie Redmond,Home Office,United States,Milwaukee,Wisconsin,53209,Central,FUR-BO-10004690,Furniture,Bookcases,O'Sullivan Cherrywood Estates Traditional Barrister Bookcase,687.4,5,0.0,48.118
5036,CA-2011-169803,2011-06-04,2011-12-04,Standard Class,SC-20260,Scott Cohen,Corporate,United States,Seattle,Washington,98115,West,FUR-TA-10000688,Furniture,Tables,"Chromcraft Bull-Nose Wood Round Conference Table Top, Wood Base",653.55,3,0.0,111.1035
5037,CA-2011-169803,2011-06-04,2011-12-04,Standard Class,SC-20260,Scott Cohen,Corporate,United States,Seattle,Washington,98115,West,TEC-AC-10003441,Technology,Accessories,Kingston Digital DataTraveler 32GB USB 2.0,33.9,2,0.0,2.034
5039,CA-2012-136469,2012-11-07,2012-12-07,First Class,TS-21370,Todd Sumrall,Corporate,United States,Wilmington,Delaware,19805,East,FUR-TA-10001520,Furniture,Tables,"Lesro Sheffield Collection Coffee Table, End Table, Center Table, Corner Table",199.836,4,0.3,-37.1124
5040,CA-2012-136469,2012-11-07,2012-12-07,First Class,TS-21370,Todd Sumrall,Corporate,United States,Wilmington,Delaware,19805,East,TEC-PH-10001817,Technology,Phones,Wilson Electronics DB Pro Signal Booster,716.0,2,0.0,193.32
5041,CA-2012-136469,2012-11-07,2012-12-07,First Class,TS-21370,Todd Sumrall,Corporate,United States,Wilmington,Delaware,19805,East,OFF-BI-10004492,Office Supplies,Binders,Tuf-Vin Binders,221.06,7,0.0,103.8982
5042,CA-2013-158694,2013-11-11,,Second Class,AI-10855,Arianne Irving,Consumer,United States,Los Angeles,California,90036,West,OFF-PA-10002421,Office Supplies,Paper,Embossed Ink Jet Note Cards,67.71,3,0.0,32.5008
5043,CA-2013-158694,2013-11-11,,Second Class,AI-10855,Arianne Irving,Consumer,United States,Los Angeles,California,90036,West,OFF-AP-10000055,Office Supplies,Appliances,Belkin F9S820V06 8 Outlet Surge,129.92,4,0.0,38.976
5044,CA-2013-158694,2013-11-11,,Second Class,AI-10855,Arianne Irving,Consumer,United States,Los Angeles,California,90036,West,FUR-FU-10000965,Furniture,Furnishings,"Howard Miller 11-1/2"" Diameter Ridgewood Wall Clock",467.46,9,0.0,191.6586
5045,CA-2013-158694,2013-11-11,,Second Class,AI-10855,Arianne Irving,Consumer,United States,Los Angeles,California,90036,West,OFF-PA-10001363,Office Supplies,Paper,Xerox 1933,61.4,5,0.0,28.858
5046,CA-2013-158694,2013-11-11,,Second Class,AI-10855,Arianne Irving,Consumer,United States,Los Angeles,California,90036,West,OFF-ST-10001496,Office Supplies,Storage,Standard Rollaway File with Lock,720.76,4,0.0,187.3976
5047,CA-2013-158694,2013-11-11,,Second Class,AI-10855,Arianne Irving,Consumer,United States,Los Angeles,California,90036,West,OFF-BI-10004656,Office Supplies,Binders,Peel & Stick Add-On Corner Pockets,5.184,3,0.2,1.8144
5048,CA-2013-158694,2013-11-11,,Second Class,AI-10855,Arianne Irving,Consumer,United States,Los Angeles,California,90036,West,OFF-AR-10001227,Office Supplies,Art,Newell 338,14.7,5,0.0,3.969
5052,CA-2012-134922,2012-07-11,2012-11-11,Standard Class,KB-16240,Karen Bern,Corporate,United States,Philadelphia,Pennsylvania,19140,East,OFF-EN-10000483,Office Supplies,Envelopes,"White Envelopes, White Envelopes with Clear Poly Window",24.4,2,0.2,7.93
5054,CA-2012-141243,2012-03-01,2012-08-01,Second Class,AH-10465,Amy Hunt,Consumer,United States,Dallas,Texas,75217,Central,TEC-AC-10003198,Technology,Accessories,Enermax Acrylux Wireless Keyboard,398.4,5,0.2,84.66
5055,CA-2012-141243,2012-03-01,2012-08-01,Second Class,AH-10465,Amy Hunt,Consumer,United States,Dallas,Texas,75217,Central,OFF-AR-10001246,Office Supplies,Art,Newell 317,7.056,3,0.2,0.7938
5056,CA-2012-141243,2012-03-01,2012-08-01,Second Class,AH-10465,Amy Hunt,Consumer,United States,Dallas,Texas,75217,Central,FUR-BO-10003272,Furniture,Bookcases,O'Sullivan Living Dimensions 5-Shelf Bookcases,1352.3976,9,0.32,-437.5404
5057,CA-2012-162166,2012-08-09,2012-11-09,First Class,NM-18520,Neoma Murray,Consumer,United States,Moreno Valley,California,92553,West,OFF-PA-10002606,Office Supplies,Paper,Xerox 1928,26.4,5,0.0,11.88
5058,CA-2012-162166,2012-08-09,2012-11-09,First Class,NM-18520,Neoma Murray,Consumer,United States,Moreno Valley,California,92553,West,OFF-ST-10002486,Office Supplies,Storage,Eldon Shelf Savers Cubes and Bins,41.88,6,0.0,0.8376
5059,CA-2013-120796,2013-04-04,2013-08-04,Standard Class,CS-11950,Carlos Soltero,Consumer,United States,Philadelphia,Pennsylvania,19140,East,OFF-BI-10004330,Office Supplies,Binders,"GBC Velobind Prepunched Cover Sets, Regency Series",99.846,9,0.7,-83.205
5060,CA-2013-109722,2013-06-12,2013-08-12,Second Class,TP-21130,Theone Pippenger,Consumer,United States,Georgetown,Kentucky,40324,South,TEC-PH-10000560,Technology,Phones,Samsung Galaxy S III - 16GB - pebble blue (T-Mobile),699.98,2,0.0,195.9944
5061,CA-2013-109722,2013-06-12,2013-08-12,Second Class,TP-21130,Theone Pippenger,Consumer,United States,Georgetown,Kentucky,40324,South,OFF-ST-10000060,Office Supplies,Storage,Fellowes Bankers Box Staxonsteel Drawer File/Stacking System,584.82,9,0.0,70.1784
5062,CA-2012-136798,2012-08-05,2012-12-05,Standard Class,DL-12925,Daniel Lacy,Consumer,United States,Minneapolis,Minnesota,55407,Central,OFF-BI-10003684,Office Supplies,Binders,Wilson Jones Legal Size Ring Binders,43.98,2,0.0,21.99
5063,CA-2012-136798,2012-08-05,2012-12-05,Standard Class,DL-12925,Daniel Lacy,Consumer,United States,Minneapolis,Minnesota,55407,Central,TEC-PH-10000441,Technology,Phones,VTech DS6151,377.97,3,0.0,105.8316
5064,CA-2012-136798,2012-08-05,2012-12-05,Standard Class,DL-12925,Daniel Lacy,Consumer,United States,Minneapolis,Minnesota,55407,Central,FUR-FU-10000723,Furniture,Furnishings,"Deflect-o EconoMat Studded, No Bevel Mat for Low Pile Carpeting",123.96,3,0.0,11.1564
5066,CA-2014-142090,2014-01-12,2014-08-12,Standard Class,SC-20380,Shahid Collister,Consumer,United States,Burlington,North Carolina,27217,South,TEC-AC-10002001,Technology,Accessories,Logitech Wireless Gaming Headset G930,383.976,3,0.2,81.5949
5067,CA-2014-142090,2014-01-12,2014-08-12,Standard Class,SC-20380,Shahid Collister,Consumer,United States,Burlington,North Carolina,27217,South,FUR-TA-10001889,Furniture,Tables,Bush Advantage Collection Racetrack Conference Table,1781.682,7,0.4,-653.2834
5069,CA-2011-124478,2011-08-08,2011-12-08,Standard Class,MA-17560,Matt Abelman,Home Office,United States,Trenton,Michigan,48183,Central,TEC-CO-10001571,Technology,Copiers,Sharp 1540cs Digital Laser Copier,549.99,1,0.0,274.995
5070,CA-2011-124478,2011-08-08,2011-12-08,Standard Class,MA-17560,Matt Abelman,Home Office,United States,Trenton,Michigan,48183,Central,OFF-AP-10002495,Office Supplies,Appliances,"Acco Smartsocket Table Surge Protector, 6 Color-Coded Adapter Outlets",167.535,3,0.1,37.23
5071,CA-2011-124478,2011-08-08,2011-12-08,Standard Class,MA-17560,Matt Abelman,Home Office,United States,Trenton,Michigan,48183,Central,OFF-EN-10002500,Office Supplies,Envelopes,Globe Weis Peel & Seel First Class Envelopes,38.34,3,0.0,17.253
5072,CA-2011-124478,2011-08-08,2011-12-08,Standard Class,MA-17560,Matt Abelman,Home Office,United States,Trenton,Michigan,48183,Central,FUR-FU-10002088,Furniture,Furnishings,Nu-Dell Float Frame 11 x 14 1/2,53.88,6,0.0,22.6296
5073,CA-2011-124478,2011-08-08,2011-12-08,Standard Class,MA-17560,Matt Abelman,Home Office,United States,Trenton,Michigan,48183,Central,TEC-PH-10001128,Technology,Phones,Motorola Droid Maxx,299.98,2,0.0,83.9944
5074,CA-2012-145485,2012-05-11,2012-05-11,Same Day,JM-16195,Justin MacKendrick,Consumer,United States,San Francisco,California,94109,West,OFF-ST-10000649,Office Supplies,Storage,Hanging Personal Folder File,62.8,4,0.0,15.7
5079,CA-2014-143217,2014-12-11,,Standard Class,CG-12040,Catherine Glotzbach,Home Office,United States,Milwaukee,Wisconsin,53209,Central,OFF-BI-10002949,Office Supplies,Binders,Prestige Round Ring Binders,18.24,3,0.0,8.5728
5083,CA-2013-155138,2013-09-09,,Standard Class,JM-15580,Jill Matthias,Consumer,United States,Monroe,North Carolina,28110,South,TEC-AC-10004209,Technology,Accessories,Memorex Froggy Flash Drive 4 GB,35.168,4,0.2,8.3524
5084,CA-2013-155138,2013-09-09,,Standard Class,JM-15580,Jill Matthias,Consumer,United States,Monroe,North Carolina,28110,South,OFF-PA-10000501,Office Supplies,Paper,Petty Cash Envelope,64.704,3,0.2,23.4552
5085,CA-2013-108350,2013-07-06,2013-10-06,Second Class,SC-20230,Scot Coram,Corporate,United States,Lowell,Massachusetts,1852,East,OFF-PA-10003656,Office Supplies,Paper,Xerox 1935,105.52,4,0.0,48.5392
5087,CA-2012-109001,2012-05-03,2012-09-03,Standard Class,KN-16390,Katherine Nockton,Corporate,United States,Philadelphia,Pennsylvania,19120,East,TEC-PH-10000562,Technology,Phones,Samsung Convoy 3,466.158,7,0.4,-93.2316
5088,CA-2012-109001,2012-05-03,2012-09-03,Standard Class,KN-16390,Katherine Nockton,Corporate,United States,Philadelphia,Pennsylvania,19120,East,TEC-AC-10001101,Technology,Accessories,Sony 16GB Class 10 Micro SDHC R40 Memory Card,10.312,1,0.2,-1.289
5089,CA-2012-109001,2012-05-03,2012-09-03,Standard Class,KN-16390,Katherine Nockton,Corporate,United States,Philadelphia,Pennsylvania,19120,East,OFF-BI-10003529,Office Supplies,Binders,Avery Round Ring Poly Binders,2.556,3,0.7,-1.7892
5090,CA-2014-132738,2014-05-08,2014-08-08,First Class,HM-14860,Harry Marie,Corporate,United States,Loveland,Colorado,80538,West,OFF-PA-10001752,Office Supplies,Paper,Hammermill CopyPlus Copy Paper (20Lb. and 84 Bright),7.968,2,0.2,2.8884
5091,CA-2014-132738,2014-05-08,2014-08-08,First Class,HM-14860,Harry Marie,Corporate,United States,Loveland,Colorado,80538,West,OFF-EN-10001141,Office Supplies,Envelopes,"Manila Recycled Extra-Heavyweight Clasp Envelopes, 6"" x 9""",8.784,1,0.2,3.1842
5094,US-2011-140452,2011-06-12,2011-10-12,Standard Class,BK-11260,Berenike Kampe,Consumer,United States,Chicago,Illinois,60610,Central,OFF-AP-10004036,Office Supplies,Appliances,Bionaire 99.97% HEPA Air Cleaner,14.016,4,0.8,-31.536
5095,US-2011-140452,2011-06-12,2011-10-12,Standard Class,BK-11260,Berenike Kampe,Consumer,United States,Chicago,Illinois,60610,Central,FUR-TA-10004086,Furniture,Tables,KI Adjustable-Height Table,214.95,5,0.5,-120.372
5096,US-2011-140452,2011-06-12,2011-10-12,Standard Class,BK-11260,Berenike Kampe,Consumer,United States,Chicago,Illinois,60610,Central,TEC-PH-10000307,Technology,Phones,Shocksock Galaxy S4 Armband,35.04,4,0.2,-7.008
5097,US-2011-140452,2011-06-12,2011-10-12,Standard Class,BK-11260,Berenike Kampe,Consumer,United States,Chicago,Illinois,60610,Central,FUR-FU-10002088,Furniture,Furnishings,Nu-Dell Float Frame 11 x 14 1/2,10.776,3,0.6,-4.8492
5098,US-2011-140452,2011-06-12,2011-10-12,Standard Class,BK-11260,Berenike Kampe,Consumer,United States,Chicago,Illinois,60610,Central,OFF-BI-10004965,Office Supplies,Binders,Ibico Covers for Plastic or Wire Binding Elements,4.6,2,0.8,-8.05
5099,US-2011-140452,2011-06-12,2011-10-12,Standard Class,BK-11260,Berenike Kampe,Consumer,United States,Chicago,Illinois,60610,Central,OFF-ST-10002485,Office Supplies,Storage,Rogers Deluxe File Chest,35.168,2,0.2,-8.3524
5100,CA-2012-141936,2012-07-08,2012-12-08,Standard Class,PN-18775,Parhena Norris,Home Office,United States,Bakersfield,California,93309,West,OFF-BI-10002194,Office Supplies,Binders,Cardinal Hold-It CD Pocket,19.152,3,0.2,6.4638
5117,CA-2014-154137,2014-12-11,,Standard Class,MT-17815,Meg Tillman,Consumer,United States,New York City,New York,10009,East,OFF-ST-10003324,Office Supplies,Storage,Belkin OmniView SE Rackmount Kit,35.48,1,0.0,0.0
5121,CA-2011-149538,2011-04-04,2011-08-04,Standard Class,KB-16585,Ken Black,Corporate,United States,Lafayette,Louisiana,70506,South,OFF-ST-10004180,Office Supplies,Storage,Safco Commercial Shelving,232.55,5,0.0,9.302
5122,CA-2011-149538,2011-04-04,2011-08-04,Standard Class,KB-16585,Ken Black,Corporate,United States,Lafayette,Louisiana,70506,South,TEC-AC-10002926,Technology,Accessories,Logitech Wireless Marathon Mouse M705,99.98,2,0.0,42.9914
5123,CA-2011-149538,2011-04-04,2011-08-04,Standard Class,KB-16585,Ken Black,Corporate,United States,Lafayette,Louisiana,70506,South,OFF-PA-10003797,Office Supplies,Paper,Xerox 209,19.44,3,0.0,9.3312
5124,CA-2011-149538,2011-04-04,2011-08-04,Standard Class,KB-16585,Ken Black,Corporate,United States,Lafayette,Louisiana,70506,South,OFF-PA-10002195,Office Supplies,Paper,Xerox 1966,12.96,2,0.0,6.3504
5141,CA-2012-154886,2012-08-11,2012-12-11,Standard Class,SW-20455,Shaun Weien,Consumer,United States,San Francisco,California,94109,West,TEC-AC-10001956,Technology,Accessories,Microsoft Arc Touch Mouse,119.9,2,0.0,43.164
5142,CA-2013-111213,2013-02-04,2013-06-04,Standard Class,FP-14320,Frank Preis,Consumer,United States,New York City,New York,10009,East,FUR-CH-10000454,Furniture,Chairs,"Hon Deluxe Fabric Upholstered Stacking Chairs, Rounded Back",1317.492,6,0.1,292.776
5143,CA-2013-111213,2013-02-04,2013-06-04,Standard Class,FP-14320,Frank Preis,Consumer,United States,New York City,New York,10009,East,OFF-SU-10000946,Office Supplies,Supplies,Staples,63.84,8,0.0,18.5136
5144,CA-2013-111213,2013-02-04,2013-06-04,Standard Class,FP-14320,Frank Preis,Consumer,United States,New York City,New York,10009,East,OFF-BI-10004140,Office Supplies,Binders,Avery Non-Stick Binders,3.592,1,0.2,1.1225
5145,CA-2014-161333,2014-03-02,2014-08-02,Standard Class,JL-15835,John Lee,Consumer,United States,Los Angeles,California,90045,West,FUR-FU-10003039,Furniture,Furnishings,"Howard Miller 11-1/2"" Diameter Grantwood Wall Clock",86.26,2,0.0,29.3284
5146,CA-2014-161333,2014-03-02,2014-08-02,Standard Class,JL-15835,John Lee,Consumer,United States,Los Angeles,California,90045,West,OFF-ST-10000464,Office Supplies,Storage,"Multi-Use Personal File Cart and Caster Set, Three Stacking Bins",139.04,4,0.0,38.9312
5147,CA-2014-161333,2014-03-02,2014-08-02,Standard Class,JL-15835,John Lee,Consumer,United States,Los Angeles,California,90045,West,OFF-AP-10000252,Office Supplies,Appliances,Harmony HEPA Quiet Air Purifiers,46.8,4,0.0,16.38
5151,CA-2014-125101,2014-07-03,2014-11-03,Second Class,SH-19975,Sally Hughsby,Corporate,United States,San Francisco,California,94109,West,OFF-ST-10000675,Office Supplies,Storage,"File Shuttle II and Handi-File, Black",67.78,2,0.0,16.945
5155,US-2012-124219,2012-07-08,2012-08-08,First Class,KW-16570,Kelly Williams,Consumer,United States,Kirkwood,Missouri,63122,Central,OFF-BI-10002215,Office Supplies,Binders,"Wilson Jones Hanging View Binder, White, 1""",28.4,4,0.0,13.064
5156,US-2012-124219,2012-07-08,2012-08-08,First Class,KW-16570,Kelly Williams,Consumer,United States,Kirkwood,Missouri,63122,Central,FUR-FU-10000305,Furniture,Furnishings,"Tenex V2T-RE Standard Weight Series Chair Mat, 45"" x 53"", Lip 25"" x 12""",212.94,3,0.0,34.0704
5157,CA-2014-163006,2014-01-07,2014-05-07,Second Class,GH-14410,Gary Hansen,Home Office,United States,Chicago,Illinois,60653,Central,TEC-PH-10002584,Technology,Phones,Samsung Galaxy S4,1001.584,2,0.2,125.198
5158,CA-2014-163006,2014-01-07,2014-05-07,Second Class,GH-14410,Gary Hansen,Home Office,United States,Chicago,Illinois,60653,Central,FUR-CH-10000229,Furniture,Chairs,Global Enterprise Series Seating High-Back Swivel/Tilt Chairs,569.058,3,0.3,-178.8468
5159,CA-2014-163006,2014-01-07,2014-05-07,Second Class,GH-14410,Gary Hansen,Home Office,United States,Chicago,Illinois,60653,Central,FUR-FU-10003799,Furniture,Furnishings,"Seth Thomas 13 1/2"" Wall Clock",14.224,2,0.6,-10.3124
5164,CA-2012-161627,2012-06-07,2012-11-07,Standard Class,SJ-20215,Sarah Jordon,Consumer,United States,Pasadena,California,91104,West,FUR-CH-10003968,Furniture,Chairs,Novimex Turbo Task Chair,170.352,3,0.2,-17.0352
5165,CA-2011-121006,2011-10-11,,Standard Class,SC-20020,Sam Craven,Consumer,United States,Midland,Michigan,48640,Central,OFF-AR-10001149,Office Supplies,Art,"Avery Hi-Liter Comfort Grip Fluorescent Highlighter, Yellow Ink",3.9,2,0.0,1.521
5166,CA-2011-121006,2011-10-11,,Standard Class,SC-20020,Sam Craven,Consumer,United States,Midland,Michigan,48640,Central,OFF-PA-10000130,Office Supplies,Paper,Xerox 199,12.84,3,0.0,5.778
5167,CA-2011-121006,2011-10-11,,Standard Class,SC-20020,Sam Craven,Consumer,United States,Midland,Michigan,48640,Central,OFF-PA-10002479,Office Supplies,Paper,Xerox 4200 Series MultiUse Premium Copy Paper (20Lb. and 84 Bright),15.84,3,0.0,7.128
5168,CA-2011-121006,2011-10-11,,Standard Class,SC-20020,Sam Craven,Consumer,United States,Midland,Michigan,48640,Central,FUR-CH-10004997,Furniture,Chairs,Hon Every-Day Series Multi-Task Chairs,563.94,3,0.0,112.788
5169,CA-2011-121006,2011-10-11,,Standard Class,SC-20020,Sam Craven,Consumer,United States,Midland,Michigan,48640,Central,OFF-ST-10004950,Office Supplies,Storage,Acco Perma 3000 Stacking Storage Drawers,62.94,3,0.0,11.9586
5170,CA-2011-121006,2011-10-11,,Standard Class,SC-20020,Sam Craven,Consumer,United States,Midland,Michigan,48640,Central,OFF-ST-10001490,Office Supplies,Storage,"Hot File 7-Pocket, Floor Stand",535.41,3,0.0,160.623
5174,CA-2012-107741,2012-08-03,2012-10-03,First Class,FC-14335,Fred Chung,Corporate,United States,Pueblo,Colorado,81001,West,OFF-AR-10002399,Office Supplies,Art,"Dixon Prang Watercolor Pencils, 10-Color Set with Brush",3.408,1,0.2,0.8946
5177,CA-2013-148908,2013-06-11,2013-09-11,First Class,JH-15985,Joseph Holt,Consumer,United States,San Francisco,California,94109,West,OFF-BI-10002082,Office Supplies,Binders,GBC Twin Loop Wire Binding Elements,53.248,2,0.2,19.968
5186,CA-2012-134719,2012-10-10,,Standard Class,JD-15790,John Dryer,Consumer,United States,Jacksonville,Florida,32216,South,OFF-ST-10004459,Office Supplies,Storage,Tennsco Single-Tier Lockers,1801.632,6,0.2,-337.806
5192,US-2014-141943,2014-06-05,2014-10-05,Standard Class,DK-12985,Darren Koutras,Consumer,United States,San Francisco,California,94122,West,OFF-EN-10003448,Office Supplies,Envelopes,"Peel & Seel Recycled Catalog Envelopes, Brown",23.16,2,0.0,11.58
5197,CA-2011-159709,2011-10-05,,Standard Class,AI-10855,Arianne Irving,Consumer,United States,Kent,Washington,98031,West,OFF-EN-10001434,Office Supplies,Envelopes,"Strathmore #10 Envelopes, Ultimate White",158.13,3,0.0,77.4837
5198,CA-2011-159709,2011-10-05,,Standard Class,AI-10855,Arianne Irving,Consumer,United States,Kent,Washington,98031,West,TEC-PH-10003988,Technology,Phones,"LF Elite 3D Dazzle Designer Hard Case Cover, Lf Stylus Pen and Wiper For Apple Iphone 5c Mini Lite",43.6,5,0.2,4.36
5199,CA-2013-103982,2013-04-03,2013-09-03,Standard Class,AA-10315,Alex Avila,Consumer,United States,Round Rock,Texas,78664,Central,OFF-SU-10000151,Office Supplies,Supplies,High Speed Automatic Electric Letter Opener,3930.072,3,0.2,-786.0144
5200,CA-2013-103982,2013-04-03,2013-09-03,Standard Class,AA-10315,Alex Avila,Consumer,United States,Round Rock,Texas,78664,Central,OFF-FA-10001332,Office Supplies,Fasteners,"Acco Banker's Clasps, 5 3/4""-Long",2.304,1,0.2,0.7776
5201,CA-2013-103982,2013-04-03,2013-09-03,Standard Class,AA-10315,Alex Avila,Consumer,United States,Round Rock,Texas,78664,Central,TEC-PH-10000895,Technology,Phones,Polycom VVX 310 VoIP phone,431.976,3,0.2,32.3982
5202,CA-2013-103982,2013-04-03,2013-09-03,Standard Class,AA-10315,Alex Avila,Consumer,United States,Round Rock,Texas,78664,Central,TEC-AC-10002857,Technology,Accessories,"Verbatim 25 GB 6x Blu-ray Single Layer Recordable Disc, 1/Pack",41.72,7,0.2,5.7365
5205,CA-2012-102015,2012-12-09,,Standard Class,TM-21010,Tamara Manning,Consumer,United States,Auburn,New York,13021,East,OFF-AR-10004685,Office Supplies,Art,"Binney & Smith Crayola Metallic Colored Pencils, 8-Color Set",9.26,2,0.0,3.0558
5206,CA-2012-102015,2012-12-09,,Standard Class,TM-21010,Tamara Manning,Consumer,United States,Auburn,New York,13021,East,OFF-ST-10001713,Office Supplies,Storage,"Gould Plastics 9-Pocket Panel Bin, 18-3/8w x 5-1/4d x 20-1/2h, Black",105.98,2,0.0,4.2392
5207,CA-2012-102015,2012-12-09,,Standard Class,TM-21010,Tamara Manning,Consumer,United States,Auburn,New York,13021,East,OFF-FA-10000490,Office Supplies,Fasteners,"OIC Binder Clips, Mini, 1/4"" Capacity, Black",1.24,1,0.0,0.5828
5208,CA-2012-102015,2012-12-09,,Standard Class,TM-21010,Tamara Manning,Consumer,United States,Auburn,New York,13021,East,OFF-LA-10002043,Office Supplies,Labels,Avery 489,20.7,2,0.0,9.936
5209,CA-2012-102015,2012-12-09,,Standard Class,TM-21010,Tamara Manning,Consumer,United States,Auburn,New York,13021,East,OFF-PA-10002464,Office Supplies,Paper,HP Office Recycled Paper (20Lb. and 87 Bright),28.9,5,0.0,14.161
5210,CA-2012-102015,2012-12-09,,Standard Class,TM-21010,Tamara Manning,Consumer,United States,Auburn,New York,13021,East,OFF-EN-10002504,Office Supplies,Envelopes,"Tyvek  Top-Opening Peel & Seel Envelopes, Plain White",27.18,1,0.0,12.7746
5211,CA-2012-156755,2012-12-01,,Standard Class,YS-21880,Yana Sorensen,Corporate,United States,Newark,Delaware,19711,East,OFF-ST-10002615,Office Supplies,Storage,"Dual Level, Single-Width Filing Carts",465.18,3,0.0,120.9468
5212,CA-2012-130876,2012-12-05,,Second Class,AZ-10750,Annie Zypern,Consumer,United States,New York City,New York,10024,East,OFF-ST-10004258,Office Supplies,Storage,Portable Personal File Box,36.63,3,0.0,9.8901
5217,US-2014-159562,2014-10-09,,Standard Class,JB-16000,Joy Bell-,Consumer,United States,Roseville,Michigan,48066,Central,OFF-EN-10000461,Office Supplies,Envelopes,"#10- 4 1/8"" x 9 1/2"" Recycled Envelopes",17.48,2,0.0,8.2156
5219,CA-2014-167080,2014-11-06,,Standard Class,LC-16930,Linda Cazamias,Corporate,United States,New York City,New York,10011,East,OFF-AR-10001868,Office Supplies,Art,Prang Dustless Chalk Sticks,8.4,5,0.0,4.2
5220,CA-2014-145653,2014-02-09,2014-02-09,Same Day,CA-12775,Cynthia Arntzen,Consumer,United States,Detroit,Michigan,48205,Central,FUR-CH-10004875,Furniture,Chairs,Harbour Creations 67200 Series Stacking Chairs,498.26,7,0.0,134.5302
5240,CA-2013-116561,2013-12-09,,Standard Class,EB-14110,Eugene Barchas,Consumer,United States,San Jose,California,95123,West,OFF-ST-10004186,Office Supplies,Storage,"Stur-D-Stor Shelving, Vertical 5-Shelf: 72""H x 36""W x 18 1/2""D",332.94,3,0.0,6.6588
5241,CA-2013-116561,2013-12-09,,Standard Class,EB-14110,Eugene Barchas,Consumer,United States,San Jose,California,95123,West,OFF-BI-10001658,Office Supplies,Binders,GBC Standard Therm-A-Bind Covers,39.872,2,0.2,12.9584
5243,CA-2014-146367,2014-05-08,2014-09-08,Standard Class,HM-14860,Harry Marie,Corporate,United States,Carrollton,Texas,75007,Central,OFF-BI-10002827,Office Supplies,Binders,Avery Durable Poly Binders,3.318,3,0.8,-5.6406
5245,CA-2013-156265,2013-03-08,2013-05-08,Second Class,BF-11020,Barry Französisch,Corporate,United States,Los Angeles,California,90032,West,FUR-TA-10001691,Furniture,Tables,"Barricks Non-Folding Utility Table with Steel Legs, Laminate Tops",136.464,2,0.2,15.3522
5246,CA-2013-156265,2013-03-08,2013-05-08,Second Class,BF-11020,Barry Französisch,Corporate,United States,Los Angeles,California,90032,West,TEC-PH-10001918,Technology,Phones,Nortel Business Series Terminal T7208 Digital phone,333.576,3,0.2,33.3576
5247,CA-2013-156265,2013-03-08,2013-05-08,Second Class,BF-11020,Barry Französisch,Corporate,United States,Los Angeles,California,90032,West,OFF-BI-10000285,Office Supplies,Binders,XtraLife ClearVue Slant-D Ring Binders by Cardinal,12.544,2,0.2,4.704
5249,US-2014-110989,2014-04-11,2014-06-11,Second Class,EJ-14155,Eva Jacobs,Consumer,United States,Seattle,Washington,98105,West,TEC-AC-10002345,Technology,Accessories,HP Standard 104 key PS/2 Keyboard,43.5,3,0.0,10.875
5254,US-2011-131982,2011-07-03,2011-11-03,Second Class,NP-18685,Nora Pelletier,Home Office,United States,Des Moines,Washington,98198,West,OFF-BI-10004224,Office Supplies,Binders,Catalog Binders with Expanding Posts,107.648,2,0.2,33.64
5255,CA-2012-125185,2012-05-03,2012-07-03,Second Class,AH-10195,Alan Haines,Corporate,United States,Bethlehem,Pennsylvania,18018,East,FUR-CH-10002647,Furniture,Chairs,"Situations Contoured Folding Chairs, 4/Set",99.372,2,0.3,-7.098
5256,CA-2012-125185,2012-05-03,2012-07-03,Second Class,AH-10195,Alan Haines,Corporate,United States,Bethlehem,Pennsylvania,18018,East,FUR-FU-10003247,Furniture,Furnishings,36X48 HARDFLOOR CHAIRMAT,33.568,2,0.2,-5.4548
5257,CA-2013-130078,2013-09-08,,Standard Class,CC-12145,Charles Crestani,Consumer,United States,Oklahoma City,Oklahoma,73120,Central,OFF-PA-10003270,Office Supplies,Paper,Xerox 1954,10.56,2,0.0,4.752
5258,US-2014-114034,2014-04-01,2014-09-01,Standard Class,DL-13315,Delfina Latchford,Consumer,United States,Rancho Cucamonga,California,91730,West,OFF-PA-10004735,Office Supplies,Paper,Xerox 1905,38.88,6,0.0,18.6624
5259,US-2014-115595,2014-10-10,2014-12-10,First Class,XP-21865,Xylona Preis,Consumer,United States,Los Angeles,California,90032,West,OFF-PA-10001745,Office Supplies,Paper,"Wirebound Message Books, 2 7/8"" x 5"", 3 Forms per Page",35.2,5,0.0,16.544
5261,CA-2011-105165,2011-07-09,2011-10-09,First Class,SZ-20035,Sam Zeldin,Home Office,United States,Houston,Texas,77036,Central,TEC-PH-10000675,Technology,Phones,Panasonic KX TS3282B Corded phone,196.776,3,0.2,14.7582
5262,CA-2011-105165,2011-07-09,2011-10-09,First Class,SZ-20035,Sam Zeldin,Home Office,United States,Houston,Texas,77036,Central,OFF-BI-10000050,Office Supplies,Binders,"Angle-D Binders with Locking Rings, Label Holders",2.92,2,0.8,-4.818
5263,CA-2011-105165,2011-07-09,2011-10-09,First Class,SZ-20035,Sam Zeldin,Home Office,United States,Houston,Texas,77036,Central,FUR-TA-10004154,Furniture,Tables,"Riverside Furniture Oval Coffee Table, Oval End Table, End Table with Drawer",200.795,1,0.3,-22.948
5264,CA-2011-105165,2011-07-09,2011-10-09,First Class,SZ-20035,Sam Zeldin,Home Office,United States,Houston,Texas,77036,Central,TEC-AC-10002718,Technology,Accessories,Belkin Standard 104 key USB Keyboard,46.688,4,0.2,-2.918
5265,CA-2011-105165,2011-07-09,2011-10-09,First Class,SZ-20035,Sam Zeldin,Home Office,United States,Houston,Texas,77036,Central,OFF-AR-10003179,Office Supplies,Art,Dixon Ticonderoga Core-Lock Colored Pencils,21.864,3,0.2,3.5529
5266,CA-2014-147452,2014-01-10,2014-04-10,First Class,CS-11845,Cari Sayre,Corporate,United States,Seattle,Washington,98103,West,OFF-PA-10001838,Office Supplies,Paper,"Adams Telephone Message Book W/Dividers/Space For Phone Numbers, 5 1/4""X8 1/2"", 300/Messages",11.76,2,0.0,5.7624
5267,CA-2014-147452,2014-01-10,2014-04-10,First Class,CS-11845,Cari Sayre,Corporate,United States,Seattle,Washington,98103,West,OFF-PA-10004039,Office Supplies,Paper,Xerox 1882,167.94,3,0.0,82.2906
5268,CA-2014-147452,2014-01-10,2014-04-10,First Class,CS-11845,Cari Sayre,Corporate,United States,Seattle,Washington,98103,West,OFF-AP-10001626,Office Supplies,Appliances,"Commercial WindTunnel Clean Air Upright Vacuum, Replacement Belts, Filtration Bags",3.89,1,0.0,1.0114
5270,CA-2014-144484,2014-12-09,2014-12-09,Same Day,CB-12025,Cassandra Brandow,Consumer,United States,San Francisco,California,94110,West,FUR-FU-10000260,Furniture,Furnishings,"6"" Cubicle Wall Clock, Black",32.36,4,0.0,11.6496
5271,CA-2014-144484,2014-12-09,2014-12-09,Same Day,CB-12025,Cassandra Brandow,Consumer,United States,San Francisco,California,94110,West,OFF-AP-10004487,Office Supplies,Appliances,Kensington 4 Outlet MasterPiece Compact Power Control Center,406.6,5,0.0,113.848
5275,CA-2012-162887,2012-07-11,2012-09-11,Second Class,SV-20785,Stewart Visinsky,Consumer,United States,Burlington,Vermont,5408,East,FUR-CH-10000595,Furniture,Chairs,Safco Contoured Stacking Chairs,715.2,3,0.0,178.8
5279,CA-2011-159681,2011-07-12,,Standard Class,PO-18850,Patrick O'Brill,Consumer,United States,Virginia Beach,Virginia,23464,South,OFF-PA-10003641,Office Supplies,Paper,Xerox 1909,105.52,4,0.0,48.5392
5280,US-2014-104094,2014-08-09,2014-12-09,Standard Class,AG-10675,Anna Gayman,Consumer,United States,Milwaukee,Wisconsin,53209,Central,TEC-AC-10002134,Technology,Accessories,Rosewill 107 Normal Keys USB Wired Standard Keyboard,13.48,1,0.0,1.8872
5281,CA-2014-152709,2014-08-10,,Standard Class,DB-13210,Dean Braden,Consumer,United States,Detroit,Michigan,48234,Central,OFF-ST-10001837,Office Supplies,Storage,"SAFCO Mobile Desk Side File, Wire Frame",85.52,2,0.0,22.2352
5282,CA-2012-105158,2012-05-09,2012-10-09,Standard Class,SP-20860,Sung Pak,Corporate,United States,Rochester,Minnesota,55901,Central,FUR-FU-10001706,Furniture,Furnishings,Longer-Life Soft White Bulbs,6.16,2,0.0,2.9568
5283,CA-2012-105158,2012-05-09,2012-10-09,Standard Class,SP-20860,Sung Pak,Corporate,United States,Rochester,Minnesota,55901,Central,OFF-PA-10001970,Office Supplies,Paper,Xerox 1881,36.84,3,0.0,17.3148
5286,CA-2014-105991,2014-06-05,2014-07-05,First Class,LH-17020,Lisa Hazard,Consumer,United States,Louisville,Colorado,80027,West,OFF-EN-10002600,Office Supplies,Envelopes,"Redi-Strip #10 Envelopes, 4 1/8 x 9 1/2",21.24,9,0.2,7.434
5287,CA-2014-105991,2014-06-05,2014-07-05,First Class,LH-17020,Lisa Hazard,Consumer,United States,Louisville,Colorado,80027,West,OFF-BI-10003274,Office Supplies,Binders,"Avery Durable Slant Ring Binders, No Labels",9.552,8,0.7,-7.3232
5288,CA-2014-105991,2014-06-05,2014-07-05,First Class,LH-17020,Lisa Hazard,Consumer,United States,Louisville,Colorado,80027,West,FUR-BO-10004467,Furniture,Bookcases,Bestar Classic Bookcase,89.991,3,0.7,-152.9847
5289,US-2014-136784,2014-01-05,2014-06-05,Standard Class,AD-10180,Alan Dominguez,Home Office,United States,San Francisco,California,94122,West,OFF-PA-10000675,Office Supplies,Paper,Xerox 1919,163.96,4,0.0,80.3404
5290,CA-2011-146283,2011-08-09,,Standard Class,KT-16465,Kean Takahito,Consumer,United States,Houston,Texas,77036,Central,OFF-PA-10002259,Office Supplies,Paper,"Geographics Note Cards, Blank, White, 8 1/2"" x 11""",17.904,2,0.2,6.2664
5291,CA-2011-146283,2011-08-09,,Standard Class,KT-16465,Kean Takahito,Consumer,United States,Houston,Texas,77036,Central,FUR-CH-10004287,Furniture,Chairs,SAFCO Arco Folding Chair,966.7,5,0.3,-13.81
5292,CA-2011-146283,2011-08-09,,Standard Class,KT-16465,Kean Takahito,Consumer,United States,Houston,Texas,77036,Central,OFF-PA-10000482,Office Supplies,Paper,"Snap-A-Way Black Print Carbonless Ruled Speed Letter, Triplicate",182.112,6,0.2,61.4628
5296,CA-2014-142174,2014-05-03,2014-10-03,Standard Class,DP-13000,Darren Powers,Consumer,United States,Houston,Texas,77041,Central,OFF-PA-10000806,Office Supplies,Paper,Xerox 1934,89.568,2,0.2,32.4684
5314,CA-2014-137876,2014-01-05,2014-06-05,Standard Class,DJ-13510,Don Jones,Corporate,United States,San Francisco,California,94110,West,FUR-FU-10000222,Furniture,Furnishings,"Seth Thomas 16"" Steel Case Clock",64.96,2,0.0,21.4368
5315,CA-2014-137876,2014-01-05,2014-06-05,Standard Class,DJ-13510,Don Jones,Corporate,United States,San Francisco,California,94110,West,OFF-EN-10001219,Office Supplies,Envelopes,"#10- 4 1/8"" x 9 1/2"" Security-Tint Envelopes",30.56,4,0.0,14.9744
5316,CA-2013-154060,2013-03-05,2013-09-05,Standard Class,DL-12865,Dan Lawera,Consumer,United States,Greensboro,North Carolina,27405,South,FUR-CH-10002304,Furniture,Chairs,"Global Stack Chair without Arms, Black",187.056,9,0.2,11.691
5317,US-2014-162558,2014-03-10,2014-06-10,First Class,Dp-13240,Dean percer,Home Office,United States,Knoxville,Tennessee,37918,South,FUR-FU-10002364,Furniture,Furnishings,"Eldon Expressions Wood Desk Accessories, Oak",11.808,2,0.2,1.3284
5318,US-2014-162558,2014-03-10,2014-06-10,First Class,Dp-13240,Dean percer,Home Office,United States,Knoxville,Tennessee,37918,South,FUR-FU-10004864,Furniture,Furnishings,Eldon 500 Class Desk Accessories,9.656,1,0.2,1.5691
5319,US-2014-162558,2014-03-10,2014-06-10,First Class,Dp-13240,Dean percer,Home Office,United States,Knoxville,Tennessee,37918,South,OFF-PA-10003172,Office Supplies,Paper,Xerox 1996,20.736,4,0.2,7.2576
5320,US-2014-162558,2014-03-10,2014-06-10,First Class,Dp-13240,Dean percer,Home Office,United States,Knoxville,Tennessee,37918,South,OFF-BI-10000977,Office Supplies,Binders,Ibico Plastic Spiral Binding Combs,27.36,3,0.7,-21.888
5321,US-2014-162558,2014-03-10,2014-06-10,First Class,Dp-13240,Dean percer,Home Office,United States,Knoxville,Tennessee,37918,South,FUR-TA-10000198,Furniture,Tables,Chromcraft Bull-Nose Wood Oval Conference Tables & Bases,2314.116,7,0.4,-1002.7836
5322,US-2014-162558,2014-03-10,2014-06-10,First Class,Dp-13240,Dean percer,Home Office,United States,Knoxville,Tennessee,37918,South,OFF-BI-10003984,Office Supplies,Binders,Lock-Up Easel 'Spel-Binder',34.236,4,0.7,-26.2476
5323,US-2014-162558,2014-03-10,2014-06-10,First Class,Dp-13240,Dean percer,Home Office,United States,Knoxville,Tennessee,37918,South,FUR-FU-10003691,Furniture,Furnishings,"Eldon Image Series Desk Accessories, Ebony",19.76,2,0.2,5.928
5325,CA-2012-119508,2012-04-12,2012-09-12,Standard Class,TZ-21580,Tracy Zic,Consumer,United States,Lakewood,California,90712,West,OFF-AR-10003723,Office Supplies,Art,Avery Hi-Liter Fluorescent Desk Style Markers,16.9,5,0.0,6.253
5326,CA-2012-119508,2012-04-12,2012-09-12,Standard Class,TZ-21580,Tracy Zic,Consumer,United States,Lakewood,California,90712,West,FUR-FU-10004270,Furniture,Furnishings,"Eldon Image Series Desk Accessories, Burgundy",25.08,6,0.0,9.0288
5328,CA-2011-130813,2011-07-01,2011-09-01,Second Class,LS-17230,Lycoris Saunders,Consumer,United States,Los Angeles,California,90049,West,OFF-PA-10002005,Office Supplies,Paper,Xerox 225,19.44,3,0.0,9.3312
5329,CA-2012-120320,2012-05-03,2012-09-03,Standard Class,MV-18190,Mike Vittorini,Consumer,United States,Houston,Texas,77036,Central,TEC-PH-10000149,Technology,Phones,Cisco SPA525G2 IP Phone - Wireless,31.92,2,0.2,2.394
5331,CA-2013-123120,2013-05-09,2013-09-09,Standard Class,CV-12295,Christina VanderZanden,Consumer,United States,New York City,New York,10011,East,FUR-FU-10004748,Furniture,Furnishings,"Howard Miller 16"" Diameter Gallery Wall Clock",63.94,1,0.0,24.9366
5332,CA-2013-123120,2013-05-09,2013-09-09,Standard Class,CV-12295,Christina VanderZanden,Consumer,United States,New York City,New York,10011,East,OFF-BI-10001460,Office Supplies,Binders,Plastic Binding Combs,60.6,5,0.2,20.4525
5333,CA-2013-123120,2013-05-09,2013-09-09,Standard Class,CV-12295,Christina VanderZanden,Consumer,United States,New York City,New York,10011,East,OFF-SU-10002503,Office Supplies,Supplies,Acme Preferred Stainless Steel Scissors,22.72,4,0.0,6.5888
5339,CA-2012-146486,2012-09-11,,Second Class,DV-13465,Dianna Vittorini,Consumer,United States,Oceanside,New York,11572,East,OFF-ST-10002554,Office Supplies,Storage,Tennsco Industrial Shelving,244.55,5,0.0,4.891
5340,CA-2012-146486,2012-09-11,,Second Class,DV-13465,Dianna Vittorini,Consumer,United States,Oceanside,New York,11572,East,OFF-EN-10001509,Office Supplies,Envelopes,Poly String Tie Envelopes,12.24,6,0.0,5.7528
5341,CA-2012-146486,2012-09-11,,Second Class,DV-13465,Dianna Vittorini,Consumer,United States,Oceanside,New York,11572,East,TEC-AC-10002018,Technology,Accessories,AmazonBasics 3-Button USB Wired Mouse,13.98,2,0.0,6.0114
5342,CA-2012-146486,2012-09-11,,Second Class,DV-13465,Dianna Vittorini,Consumer,United States,Oceanside,New York,11572,East,TEC-AC-10002637,Technology,Accessories,Logitech VX Revolution Cordless Laser Mouse for Notebooks (Black),899.95,5,0.0,53.997
5345,CA-2012-112053,2012-11-10,,Second Class,SH-20395,Shahid Hopkins,Consumer,United States,Rochester,New York,14609,East,TEC-AC-10002550,Technology,Accessories,"Memorex 25GB 6X Branded Blu-Ray Recordable Disc, 30/Pack",31.95,1,0.0,2.2365
5349,CA-2012-149811,2012-04-01,2012-10-01,Standard Class,CS-12250,Chris Selesnick,Corporate,United States,Woodbury,Minnesota,55125,Central,OFF-BI-10003676,Office Supplies,Binders,"GBC Standard Recycled Report Covers, Clear Plastic Sheets",32.34,3,0.0,15.5232
5350,CA-2012-149811,2012-04-01,2012-10-01,Standard Class,CS-12250,Chris Selesnick,Corporate,United States,Woodbury,Minnesota,55125,Central,OFF-PA-10004082,Office Supplies,Paper,"Adams Telephone Message Book w/Frequently-Called Numbers Space, 400 Messages per Book",39.9,5,0.0,19.95
5351,US-2014-103814,2014-10-12,,Standard Class,LH-16900,Lena Hernandez,Consumer,United States,Park Ridge,Illinois,60068,Central,OFF-PA-10001019,Office Supplies,Paper,Xerox 1884,143.856,9,0.2,48.5514
5352,CA-2013-123932,2013-07-09,,Standard Class,YC-21895,Yoseph Carroll,Corporate,United States,Dallas,Texas,75217,Central,OFF-PA-10004665,Office Supplies,Paper,Advantus Motivational Note Cards,41.92,4,0.2,15.196
5353,CA-2013-123932,2013-07-09,,Standard Class,YC-21895,Yoseph Carroll,Corporate,United States,Dallas,Texas,75217,Central,TEC-PH-10002447,Technology,Phones,AT&T CL83451 4-Handset Telephone,329.584,2,0.2,37.0782
5354,US-2013-101616,2013-04-09,2013-07-09,First Class,CY-12745,Craig Yedwab,Corporate,United States,Monroe,Louisiana,71203,South,OFF-BI-10000014,Office Supplies,Binders,Heavy-Duty E-Z-D Binders,87.28,8,0.0,41.0216
5358,CA-2011-150490,2011-05-08,2011-11-08,Standard Class,SS-20590,Sonia Sunley,Consumer,United States,San Francisco,California,94122,West,TEC-AC-10004510,Technology,Accessories,Logitech Desktop MK120 Mouse and keyboard Combo,16.36,1,0.0,1.636
5359,CA-2011-150490,2011-05-08,2011-11-08,Standard Class,SS-20590,Sonia Sunley,Consumer,United States,San Francisco,California,94122,West,OFF-ST-10000321,Office Supplies,Storage,Akro Stacking Bins,15.78,2,0.0,0.6312
5360,CA-2011-150490,2011-05-08,2011-11-08,Standard Class,SS-20590,Sonia Sunley,Consumer,United States,San Francisco,California,94122,West,OFF-AR-10004602,Office Supplies,Art,Boston KS Multi-Size Manual Pencil Sharpener,45.98,2,0.0,12.8744
5362,CA-2014-100951,2014-10-06,2014-11-06,First Class,NC-18625,Noah Childs,Corporate,United States,Dallas,Texas,75217,Central,OFF-ST-10001496,Office Supplies,Storage,Standard Rollaway File with Lock,720.76,5,0.2,54.057
5367,CA-2014-158071,2014-11-06,,Standard Class,BD-11320,Bill Donatelli,Consumer,United States,Seattle,Washington,98103,West,TEC-PH-10002923,Technology,Phones,"Logitech B530 USB Headset - headset - Full size, Binaural",88.776,3,0.2,7.7679
5368,CA-2014-158071,2014-11-06,,Standard Class,BD-11320,Bill Donatelli,Consumer,United States,Seattle,Washington,98103,West,OFF-LA-10004689,Office Supplies,Labels,Avery 512,11.56,4,0.0,5.4332
5369,CA-2014-158071,2014-11-06,,Standard Class,BD-11320,Bill Donatelli,Consumer,United States,Seattle,Washington,98103,West,OFF-ST-10001228,Office Supplies,Storage,Personal File Boxes with Fold-Down Carry Handle,15.58,1,0.0,3.895
5370,CA-2014-147403,2014-11-09,,First Class,KH-16630,Ken Heidel,Corporate,United States,Akron,Ohio,44312,East,OFF-PA-10003302,Office Supplies,Paper,Xerox 1906,85.056,3,0.2,28.7064
5371,US-2014-136721,2014-09-04,,Standard Class,NH-18610,Nicole Hansen,Corporate,United States,Oak Park,Michigan,48237,Central,FUR-FU-10004665,Furniture,Furnishings,"3M Polarizing Task Lamp with Clamp Arm, Light Gray",273.96,2,0.0,71.2296
5372,US-2014-136721,2014-09-04,,Standard Class,NH-18610,Nicole Hansen,Corporate,United States,Oak Park,Michigan,48237,Central,FUR-FU-10004188,Furniture,Furnishings,Luxo Professional Combination Clamp-On Lamps,306.9,3,0.0,79.794
5378,CA-2011-125542,2011-05-12,2011-07-12,First Class,NB-18655,Nona Balk,Corporate,United States,Philadelphia,Pennsylvania,19134,East,OFF-EN-10000056,Office Supplies,Envelopes,Cameo Buff Policy Envelopes,348.488,7,0.2,117.6147
5379,CA-2011-125542,2011-05-12,2011-07-12,First Class,NB-18655,Nona Balk,Corporate,United States,Philadelphia,Pennsylvania,19134,East,OFF-ST-10001469,Office Supplies,Storage,Fellowes Bankers Box Recycled Super Stor/Drawer,172.736,4,0.2,-30.2288
5382,CA-2013-149195,2013-06-09,2013-08-09,Second Class,DM-13525,Don Miller,Corporate,United States,Houston,Texas,77070,Central,OFF-PA-10001870,Office Supplies,Paper,Xerox 202,25.92,5,0.2,9.072
5383,CA-2013-149195,2013-06-09,2013-08-09,Second Class,DM-13525,Don Miller,Corporate,United States,Houston,Texas,77070,Central,OFF-FA-10001843,Office Supplies,Fasteners,Staples,15.808,8,0.2,5.3352
5384,CA-2013-149195,2013-06-09,2013-08-09,Second Class,DM-13525,Don Miller,Corporate,United States,Houston,Texas,77070,Central,OFF-PA-10002036,Office Supplies,Paper,Xerox 1930,10.368,2,0.2,3.7584
5391,CA-2014-163874,2014-11-11,,Second Class,NC-18535,Nick Crebassa,Corporate,United States,Seattle,Washington,98105,West,OFF-BI-10000088,Office Supplies,Binders,GBC Imprintable Covers,26.352,3,0.2,9.5526
5400,CA-2013-117681,2013-10-04,,Standard Class,HF-14995,Herbert Flentye,Consumer,United States,Los Angeles,California,90004,West,FUR-BO-10001798,Furniture,Bookcases,Bush Somerset Collection Bookcase,556.665,5,0.15,6.549
5408,CA-2014-108854,2014-09-12,,Standard Class,DM-13345,Denise Monton,Corporate,United States,San Francisco,California,94109,West,OFF-PA-10003022,Office Supplies,Paper,Standard Line While You Were Out Hardbound Telephone Message Book,87.92,4,0.0,40.4432
5409,CA-2014-108854,2014-09-12,,Standard Class,DM-13345,Denise Monton,Corporate,United States,San Francisco,California,94109,West,OFF-BI-10002854,Office Supplies,Binders,"Performers Binder/Pad Holder, Black",22.424,1,0.2,8.409
5410,CA-2014-108854,2014-09-12,,Standard Class,DM-13345,Denise Monton,Corporate,United States,San Francisco,California,94109,West,OFF-BI-10001670,Office Supplies,Binders,Vinyl Sectional Post Binders,90.48,3,0.2,33.93
5411,CA-2014-108854,2014-09-12,,Standard Class,DM-13345,Denise Monton,Corporate,United States,San Francisco,California,94109,West,OFF-ST-10001837,Office Supplies,Storage,"SAFCO Mobile Desk Side File, Wire Frame",42.76,1,0.0,11.1176
5414,CA-2013-153157,2013-12-09,,First Class,TB-21625,Trudy Brown,Consumer,United States,Wichita,Kansas,67212,Central,TEC-PH-10003171,Technology,Phones,Plantronics Encore H101 Dual Earpieces Headset,224.75,5,0.0,62.93
5418,CA-2011-132542,2011-06-10,2011-08-10,Second Class,AM-10360,Alice McCarthy,Corporate,United States,Omaha,Nebraska,68104,Central,OFF-BI-10004099,Office Supplies,Binders,GBC VeloBinder Strips,15.36,2,0.0,7.68
5421,US-2013-151827,2013-01-04,2013-03-04,Second Class,CS-11950,Carlos Soltero,Consumer,United States,Philadelphia,Pennsylvania,19134,East,TEC-PH-10002789,Technology,Phones,LG Exalt,280.782,3,0.4,-60.8361
5422,US-2013-151827,2013-01-04,2013-03-04,Second Class,CS-11950,Carlos Soltero,Consumer,United States,Philadelphia,Pennsylvania,19134,East,TEC-AC-10003289,Technology,Accessories,Anker Ultra-Slim Mini Bluetooth 3.0 Wireless Keyboard,31.984,2,0.2,1.1994
5424,CA-2014-103009,2014-04-11,2014-06-11,Second Class,PJ-18835,Patrick Jones,Corporate,United States,Richmond,Kentucky,40475,South,OFF-PA-10001215,Office Supplies,Paper,Xerox 1963,26.4,5,0.0,11.88
5426,CA-2013-153598,2013-04-12,2013-07-12,First Class,NM-18520,Neoma Murray,Consumer,United States,Los Angeles,California,90045,West,TEC-AC-10003870,Technology,Accessories,Logitech Z-906 Speaker sys - home theater - 5.1-CH,1649.95,5,0.0,659.98
5427,CA-2013-153598,2013-04-12,2013-07-12,First Class,NM-18520,Neoma Murray,Consumer,United States,Los Angeles,California,90045,West,FUR-FU-10001085,Furniture,Furnishings,3M Polarizing Light Filter Sleeves,111.9,6,0.0,51.474
5429,CA-2013-113096,2013-03-09,2013-05-09,First Class,SZ-20035,Sam Zeldin,Home Office,United States,San Francisco,California,94122,West,OFF-ST-10003455,Office Supplies,Storage,"Tenex File Box, Personal Filing Tote with Lid, Black",46.53,3,0.0,12.0978
5430,CA-2011-136861,2011-05-09,2011-07-09,First Class,PR-18880,Patrick Ryan,Consumer,United States,Saint Petersburg,Florida,33710,South,FUR-FU-10001967,Furniture,Furnishings,Telescoping Adjustable Floor Lamp,31.984,2,0.2,1.999
5437,CA-2011-103317,2011-05-07,2011-08-07,First Class,DM-13525,Don Miller,Corporate,United States,Palm Coast,Florida,32137,South,FUR-FU-10001591,Furniture,Furnishings,Advantus Panel Wall Certificate Holder - 8.5x11,19.52,2,0.2,5.368
5438,CA-2011-103317,2011-05-07,2011-08-07,First Class,DM-13525,Don Miller,Corporate,United States,Palm Coast,Florida,32137,South,OFF-BI-10001787,Office Supplies,Binders,Wilson Jones Four-Pocket Poly Binders,9.81,5,0.7,-6.867
5439,CA-2011-103317,2011-05-07,2011-08-07,First Class,DM-13525,Don Miller,Corporate,United States,Palm Coast,Florida,32137,South,FUR-FU-10003192,Furniture,Furnishings,Luxo Adjustable Task Clamp Lamp,213.216,3,0.2,15.9912
5440,CA-2013-167115,2013-05-04,2013-10-04,Standard Class,EH-14185,Evan Henry,Consumer,United States,New York City,New York,10035,East,OFF-BI-10004600,Office Supplies,Binders,Ibico Ibimaster 300 Manual Binding System,588.784,2,0.2,183.995
5442,CA-2014-155929,2014-10-09,,Standard Class,AI-10855,Arianne Irving,Consumer,United States,Glendale,Arizona,85301,West,OFF-PA-10000859,Office Supplies,Paper,Unpadded Memo Slips,6.368,2,0.2,2.388
5449,US-2011-119081,2011-12-09,,Standard Class,TA-21385,Tom Ashbrook,Home Office,United States,Olathe,Kansas,66062,Central,OFF-SU-10000157,Office Supplies,Supplies,Compact Automatic Electric Letter Opener,357.93,3,0.0,7.1586
5450,US-2011-119081,2011-12-09,,Standard Class,TA-21385,Tom Ashbrook,Home Office,United States,Olathe,Kansas,66062,Central,TEC-AC-10001542,Technology,Accessories,SanDisk Cruzer 16 GB USB Flash Drive,57.4,5,0.0,10.906
5451,US-2011-119081,2011-12-09,,Standard Class,TA-21385,Tom Ashbrook,Home Office,United States,Olathe,Kansas,66062,Central,OFF-BI-10004519,Office Supplies,Binders,GBC DocuBind P100 Manual Binding Machine,331.96,2,0.0,149.382
5452,US-2011-119081,2011-12-09,,Standard Class,TA-21385,Tom Ashbrook,Home Office,United States,Olathe,Kansas,66062,Central,FUR-FU-10003464,Furniture,Furnishings,"Seth Thomas 8 1/2"" Cubicle Clock",40.56,2,0.0,12.9792
5459,CA-2014-116680,2014-05-09,2014-07-09,Second Class,PK-19075,Pete Kriz,Consumer,United States,San Francisco,California,94122,West,OFF-BI-10004022,Office Supplies,Binders,Acco Suede Grain Vinyl Round Ring Binder,13.344,6,0.2,4.3368
5460,CA-2014-116680,2014-05-09,2014-07-09,Second Class,PK-19075,Pete Kriz,Consumer,United States,San Francisco,California,94122,West,FUR-TA-10001771,Furniture,Tables,"Bush Cubix Conference Tables, Fully Assembled",1478.272,8,0.2,92.392
5468,CA-2013-122448,2013-10-06,,Standard Class,DB-13210,Dean Braden,Consumer,United States,San Francisco,California,94109,West,FUR-CH-10002774,Furniture,Chairs,"Global Deluxe Stacking Chair, Gray",122.352,3,0.2,13.7646
5481,CA-2014-105487,2014-09-10,,Standard Class,CS-12250,Chris Selesnick,Corporate,United States,San Diego,California,92105,West,TEC-PH-10001336,Technology,Phones,Digium D40 VoIP phone,103.192,1,0.2,11.6091
5482,CA-2014-105487,2014-09-10,,Standard Class,CS-12250,Chris Selesnick,Corporate,United States,San Diego,California,92105,West,TEC-AC-10002305,Technology,Accessories,KeyTronic E03601U1 - Keyboard - Beige,36.0,2,0.0,6.48
5483,CA-2014-105487,2014-09-10,,Standard Class,CS-12250,Chris Selesnick,Corporate,United States,San Diego,California,92105,West,TEC-AC-10003610,Technology,Accessories,Logitech Illuminated - Keyboard,239.96,4,0.0,115.1808
5484,CA-2014-105487,2014-09-10,,Standard Class,CS-12250,Chris Selesnick,Corporate,United States,San Diego,California,92105,West,OFF-ST-10002301,Office Supplies,Storage,Tennsco Commercial Shelving,40.68,2,0.0,0.4068
5486,CA-2011-107573,2011-12-12,,Standard Class,PB-19150,Philip Brown,Consumer,United States,Miami,Florida,33178,South,OFF-EN-10001099,Office Supplies,Envelopes,Staples,23.472,3,0.2,7.6284
5488,CA-2014-134495,2014-02-04,2014-05-04,Second Class,BF-11020,Barry Französisch,Corporate,United States,Jacksonville,Florida,32216,South,TEC-PH-10004897,Technology,Phones,Mediabridge Sport Armband iPhone 5s,23.976,3,0.2,-5.6943
5489,CA-2014-134495,2014-02-04,2014-05-04,Second Class,BF-11020,Barry Französisch,Corporate,United States,Jacksonville,Florida,32216,South,OFF-LA-10000262,Office Supplies,Labels,Avery 494,6.264,3,0.2,2.0358
5490,CA-2014-134495,2014-02-04,2014-05-04,Second Class,BF-11020,Barry Französisch,Corporate,United States,Jacksonville,Florida,32216,South,OFF-AP-10002222,Office Supplies,Appliances,Staples,20.808,3,0.2,1.8207
5491,CA-2014-134495,2014-02-04,2014-05-04,Second Class,BF-11020,Barry Französisch,Corporate,United States,Jacksonville,Florida,32216,South,FUR-CH-10003774,Furniture,Chairs,"Global Wood Trimmed Manager's Task Chair, Khaki",218.352,3,0.2,-19.1058
5496,CA-2012-113523,2012-04-09,2012-08-09,Standard Class,SC-20440,Shaun Chance,Corporate,United States,Philadelphia,Pennsylvania,19140,East,OFF-BI-10001249,Office Supplies,Binders,Avery Heavy-Duty EZD View Binder with Locking Rings,7.656,4,0.7,-6.1248
5503,CA-2014-127782,2014-03-11,2014-07-11,Standard Class,TH-21115,Thea Hudgings,Corporate,United States,Philadelphia,Pennsylvania,19140,East,FUR-FU-10001847,Furniture,Furnishings,Eldon Image Series Black Desk Accessories,3.312,1,0.2,0.6624
5504,CA-2014-127782,2014-03-11,2014-07-11,Standard Class,TH-21115,Thea Hudgings,Corporate,United States,Philadelphia,Pennsylvania,19140,East,OFF-AP-10001962,Office Supplies,Appliances,Black & Decker Filter for Double Action Dustbuster Cordless Vac BLDV7210,20.136,3,0.2,1.2585
5505,CA-2014-127782,2014-03-11,2014-07-11,Standard Class,TH-21115,Thea Hudgings,Corporate,United States,Philadelphia,Pennsylvania,19140,East,OFF-EN-10003845,Office Supplies,Envelopes,Colored Envelopes,8.856,3,0.2,2.8782
5506,CA-2014-127782,2014-03-11,2014-07-11,Standard Class,TH-21115,Thea Hudgings,Corporate,United States,Philadelphia,Pennsylvania,19140,East,TEC-PH-10001817,Technology,Phones,Wilson Electronics DB Pro Signal Booster,859.2,4,0.4,-186.16
5507,US-2013-162026,2013-09-10,2013-09-10,Same Day,JE-15745,Joel Eaton,Consumer,United States,Los Angeles,California,90036,West,OFF-PA-10000167,Office Supplies,Paper,Xerox 1925,61.96,2,0.0,27.882
5508,CA-2013-150000,2013-09-04,,Standard Class,PG-18820,Patrick Gardner,Consumer,United States,Smyrna,Georgia,30080,South,OFF-EN-10002973,Office Supplies,Envelopes,Ampad #10 Peel & Seel Holiday Envelopes,17.92,4,0.0,8.6016
5509,CA-2012-168529,2012-08-10,2012-12-10,Standard Class,MB-17305,Maria Bertelson,Consumer,United States,San Francisco,California,94122,West,FUR-FU-10001588,Furniture,Furnishings,"Deflect-o SuperTray Unbreakable Stackable Tray, Letter, Black",145.9,5,0.0,62.737
5518,CA-2014-117667,2014-05-12,2014-10-12,Standard Class,MS-17980,Michael Stewart,Corporate,United States,Philadelphia,Pennsylvania,19134,East,FUR-CH-10004540,Furniture,Chairs,Global Chrome Stack Chair,239.96,10,0.3,-10.284
5519,CA-2014-117667,2014-05-12,2014-10-12,Standard Class,MS-17980,Michael Stewart,Corporate,United States,Philadelphia,Pennsylvania,19134,East,FUR-FU-10004093,Furniture,Furnishings,Hand-Finished Solid Wood Document Frame,54.768,2,0.2,6.846
5520,CA-2014-117667,2014-05-12,2014-10-12,Standard Class,MS-17980,Michael Stewart,Corporate,United States,Philadelphia,Pennsylvania,19134,East,OFF-AR-10000716,Office Supplies,Art,DIXON Ticonderoga Erasable Checking Pencils,13.392,3,0.2,3.1806
5521,CA-2014-117667,2014-05-12,2014-10-12,Standard Class,MS-17980,Michael Stewart,Corporate,United States,Philadelphia,Pennsylvania,19134,East,OFF-PA-10002709,Office Supplies,Paper,Xerox 1956,23.92,5,0.2,8.671
5522,CA-2014-117667,2014-05-12,2014-10-12,Standard Class,MS-17980,Michael Stewart,Corporate,United States,Philadelphia,Pennsylvania,19134,East,TEC-AC-10000580,Technology,Accessories,Logitech G13 Programmable Gameboard with LCD Display,255.968,4,0.2,-28.7964
5523,CA-2013-110982,2013-06-06,2013-08-06,First Class,CK-12205,Chloris Kastensmidt,Consumer,United States,Santa Clara,California,95051,West,OFF-BI-10000829,Office Supplies,Binders,Avery Non-Stick Binders,21.552,6,0.2,7.0044
5524,CA-2013-110982,2013-06-06,2013-08-06,First Class,CK-12205,Chloris Kastensmidt,Consumer,United States,Santa Clara,California,95051,West,OFF-AP-10004859,Office Supplies,Appliances,Acco 6 Outlet Guardian Premium Surge Suppressor,58.24,4,0.0,15.7248
5525,CA-2013-147123,2013-11-12,,First Class,SJ-20125,Sanjit Jacobs,Home Office,United States,Long Beach,California,90805,West,OFF-PA-10000575,Office Supplies,Paper,"Wirebound Message Books, Four 2 3/4 x 5 White Forms per Page",80.28,12,0.0,36.9288
5526,CA-2014-154501,2014-01-05,2014-06-05,Standard Class,EA-14035,Erin Ashbrook,Corporate,United States,Los Angeles,California,90008,West,OFF-AR-10002804,Office Supplies,Art,Faber Castell Col-Erase Pencils,9.78,2,0.0,4.0098
5528,CA-2012-142055,2012-08-05,2012-10-05,First Class,AB-10255,Alejandro Ballentine,Home Office,United States,New York City,New York,10009,East,OFF-PA-10003465,Office Supplies,Paper,Xerox 1912,37.94,2,0.0,18.2112
5530,CA-2014-136609,2014-07-08,2014-12-08,Standard Class,TB-21355,Todd Boyes,Corporate,United States,Cedar Hill,Texas,75104,Central,OFF-PA-10004381,Office Supplies,Paper,14-7/8 x 11 Blue Bar Computer Printout Paper,115.296,3,0.2,40.3536
5531,CA-2014-160885,2014-03-12,2014-07-12,Standard Class,JK-16090,Juliana Krohn,Consumer,United States,Omaha,Nebraska,68104,Central,TEC-PH-10001795,Technology,Phones,ClearOne CHATAttach 160 - speaker phone,2479.96,4,0.0,743.988
5532,US-2013-167472,2013-07-06,2013-08-06,First Class,CK-12595,Clytie Kelty,Consumer,United States,Little Rock,Arkansas,72209,South,TEC-AC-10001109,Technology,Accessories,Logitech Trackman Marble Mouse,179.94,6,0.0,75.5748
5533,US-2013-167472,2013-07-06,2013-08-06,First Class,CK-12595,Clytie Kelty,Consumer,United States,Little Rock,Arkansas,72209,South,TEC-AC-10003038,Technology,Accessories,Kingston Digital DataTraveler 16GB USB 2.0,26.85,3,0.0,5.1015
5534,US-2013-167472,2013-07-06,2013-08-06,First Class,CK-12595,Clytie Kelty,Consumer,United States,Little Rock,Arkansas,72209,South,TEC-AC-10003174,Technology,Accessories,Plantronics S12 Corded Telephone Headset System,323.37,3,0.0,129.348
5535,US-2013-167472,2013-07-06,2013-08-06,First Class,CK-12595,Clytie Kelty,Consumer,United States,Little Rock,Arkansas,72209,South,OFF-PA-10000157,Office Supplies,Paper,Xerox 191,59.94,3,0.0,28.1718
5536,US-2013-167472,2013-07-06,2013-08-06,First Class,CK-12595,Clytie Kelty,Consumer,United States,Little Rock,Arkansas,72209,South,OFF-BI-10001721,Office Supplies,Binders,Trimflex Flexible Post Binders,64.14,3,0.0,30.7872
5537,US-2013-167472,2013-07-06,2013-08-06,First Class,CK-12595,Clytie Kelty,Consumer,United States,Little Rock,Arkansas,72209,South,OFF-BI-10000591,Office Supplies,Binders,Avery Binder Labels,11.67,3,0.0,5.6016
5538,US-2013-167472,2013-07-06,2013-08-06,First Class,CK-12595,Clytie Kelty,Consumer,United States,Little Rock,Arkansas,72209,South,OFF-PA-10001534,Office Supplies,Paper,Xerox 230,12.96,2,0.0,6.2208
5547,CA-2014-151008,2014-08-09,2014-09-09,First Class,JM-16195,Justin MacKendrick,Consumer,United States,Draper,Utah,84020,West,FUR-FU-10002396,Furniture,Furnishings,"DAX Copper Panel Document Frame, 5 x 7 Size",25.16,2,0.0,10.5672
5548,CA-2014-151008,2014-08-09,2014-09-09,First Class,JM-16195,Justin MacKendrick,Consumer,United States,Draper,Utah,84020,West,TEC-PH-10002807,Technology,Phones,Motorla HX550 Universal Bluetooth Headset,126.56,4,0.2,47.46
5551,US-2011-159618,2011-12-11,,Standard Class,DB-12970,Darren Budd,Corporate,United States,Houston,Texas,77036,Central,OFF-AR-10003183,Office Supplies,Art,Avery Fluorescent Highlighter Four-Color Set,2.672,1,0.2,0.334
5552,US-2011-159618,2011-12-11,,Standard Class,DB-12970,Darren Budd,Corporate,United States,Houston,Texas,77036,Central,OFF-SU-10000432,Office Supplies,Supplies,Acco Side-Punched Conventional Columnar Pads,16.656,6,0.2,-3.123
5553,US-2011-159618,2011-12-11,,Standard Class,DB-12970,Darren Budd,Corporate,United States,Houston,Texas,77036,Central,TEC-AC-10003832,Technology,Accessories,Imation 16GB Mini TravelDrive USB 2.0 Flash Drive,79.512,3,0.2,20.8719
5554,US-2011-159618,2011-12-11,,Standard Class,DB-12970,Darren Budd,Corporate,United States,Houston,Texas,77036,Central,OFF-PA-10004100,Office Supplies,Paper,Xerox 216,36.288,7,0.2,12.7008
5555,US-2011-159618,2011-12-11,,Standard Class,DB-12970,Darren Budd,Corporate,United States,Houston,Texas,77036,Central,FUR-BO-10004467,Furniture,Bookcases,Bestar Classic Bookcase,67.9932,1,0.32,-12.9987
5556,CA-2014-116113,2014-03-10,2014-07-10,Second Class,JW-15220,Jane Waco,Corporate,United States,Montgomery,Alabama,36116,South,FUR-FU-10002963,Furniture,Furnishings,"Master Caster Door Stop, Gray",10.16,2,0.0,3.4544
5559,US-2012-114741,2012-06-12,2012-10-12,Standard Class,IL-15100,Ivan Liston,Consumer,United States,North Las Vegas,Nevada,89031,West,OFF-PA-10000048,Office Supplies,Paper,Xerox 20,6.48,1,0.0,3.1104
5560,US-2012-114741,2012-06-12,2012-10-12,Standard Class,IL-15100,Ivan Liston,Consumer,United States,North Las Vegas,Nevada,89031,West,OFF-ST-10000078,Office Supplies,Storage,Tennsco 6- and 18-Compartment Lockers,1325.85,5,0.0,238.653
5561,US-2012-114741,2012-06-12,2012-10-12,Standard Class,IL-15100,Ivan Liston,Consumer,United States,North Las Vegas,Nevada,89031,West,OFF-LA-10004853,Office Supplies,Labels,Avery 483,14.94,3,0.0,6.8724
5562,CA-2014-133263,2014-01-04,2014-03-04,Second Class,JE-15610,Jim Epp,Corporate,United States,Atlanta,Georgia,30318,South,OFF-BI-10001153,Office Supplies,Binders,Ibico Recycled Grain-Textured Covers,34.54,1,0.0,17.27
5563,CA-2014-133263,2014-01-04,2014-03-04,Second Class,JE-15610,Jim Epp,Corporate,United States,Atlanta,Georgia,30318,South,TEC-CO-10001449,Technology,Copiers,Hewlett Packard LaserJet 3310 Copier,2999.95,5,0.0,1439.976
5564,CA-2014-133263,2014-01-04,2014-03-04,Second Class,JE-15610,Jim Epp,Corporate,United States,Atlanta,Georgia,30318,South,OFF-BI-10000474,Office Supplies,Binders,Avery Recycled Flexi-View Covers for Binding Systems,64.12,4,0.0,30.7776
5572,CA-2011-151162,2011-05-12,2011-09-12,Standard Class,EA-14035,Erin Ashbrook,Corporate,United States,Columbus,Ohio,43229,East,OFF-PA-10001033,Office Supplies,Paper,Xerox 1893,98.376,3,0.2,35.6613
5573,CA-2011-151162,2011-05-12,2011-09-12,Standard Class,EA-14035,Erin Ashbrook,Corporate,United States,Columbus,Ohio,43229,East,OFF-BI-10003719,Office Supplies,Binders,Large Capacity Hanging Post Binders,29.94,4,0.7,-23.952
5574,CA-2011-151162,2011-05-12,2011-09-12,Standard Class,EA-14035,Erin Ashbrook,Corporate,United States,Columbus,Ohio,43229,East,OFF-PA-10003036,Office Supplies,Paper,"Black Print Carbonless 8 1/2"" x 8 1/4"" Rapid Memo Book",17.472,3,0.2,5.6784
5575,CA-2011-151162,2011-05-12,2011-09-12,Standard Class,EA-14035,Erin Ashbrook,Corporate,United States,Columbus,Ohio,43229,East,TEC-PH-10001870,Technology,Phones,Lunatik TT5L-002 Taktik Strike Impact Protection System for iPhone 5,36.738,1,0.4,-9.1845
5576,CA-2011-151162,2011-05-12,2011-09-12,Standard Class,EA-14035,Erin Ashbrook,Corporate,United States,Columbus,Ohio,43229,East,TEC-PH-10001809,Technology,Phones,Panasonic KX T7736-B Digital phone,179.94,2,0.4,-44.985
5579,CA-2014-137498,2014-10-09,,Second Class,LC-17050,Liz Carlisle,Consumer,United States,Los Angeles,California,90004,West,OFF-AR-10003829,Office Supplies,Art,Newell 35,6.56,2,0.0,1.9024
5580,CA-2014-137498,2014-10-09,,Second Class,LC-17050,Liz Carlisle,Consumer,United States,Los Angeles,California,90004,West,FUR-CH-10003833,Furniture,Chairs,Novimex Fabric Task Chair,243.92,5,0.2,-15.245
5581,CA-2014-137498,2014-10-09,,Second Class,LC-17050,Liz Carlisle,Consumer,United States,Los Angeles,California,90004,West,OFF-PA-10000143,Office Supplies,Paper,Astroparche Fine Business Paper,47.52,9,0.0,22.8096
5582,CA-2014-163818,2014-05-10,2014-09-10,Standard Class,PS-18970,Paul Stevenson,Home Office,United States,Clinton,Maryland,20735,East,FUR-FU-10000076,Furniture,Furnishings,24-Hour Round Wall Clock,19.98,1,0.0,8.5914
5583,CA-2013-161158,2013-10-05,,Standard Class,PS-18970,Paul Stevenson,Home Office,United States,New York City,New York,10024,East,OFF-AR-10000462,Office Supplies,Art,Sanford Pocket Accent Highlighters,8.0,5,0.0,3.44
5585,CA-2014-105333,2014-01-12,2014-05-12,Standard Class,VP-21730,Victor Preis,Home Office,United States,New York City,New York,10011,East,OFF-ST-10002182,Office Supplies,Storage,"Iris 3-Drawer Stacking Bin, Black",83.56,4,0.0,1.6712
5586,CA-2014-105333,2014-01-12,2014-05-12,Standard Class,VP-21730,Victor Preis,Home Office,United States,New York City,New York,10011,East,TEC-PH-10001468,Technology,Phones,Panasonic Business Telephones KX-T7736,546.06,3,0.0,163.818
5587,CA-2014-105333,2014-01-12,2014-05-12,Standard Class,VP-21730,Victor Preis,Home Office,United States,New York City,New York,10011,East,OFF-ST-10001809,Office Supplies,Storage,Fellowes Officeware Wire Shelving,269.49,3,0.0,5.3898
5590,CA-2013-115224,2013-09-12,2013-12-12,Second Class,DB-13615,Doug Bickford,Consumer,United States,San Francisco,California,94110,West,OFF-ST-10000615,Office Supplies,Storage,"SimpliFile Personal File, Black Granite, 15w x 6-15/16d x 11-1/4h",34.05,3,0.0,9.534
5591,CA-2013-115224,2013-09-12,2013-12-12,Second Class,DB-13615,Doug Bickford,Consumer,United States,San Francisco,California,94110,West,OFF-ST-10003816,Office Supplies,Storage,Fellowes High-Stak Drawer Files,352.38,2,0.0,81.0474
5600,CA-2011-108903,2011-03-10,2011-03-10,Same Day,DO-13435,Denny Ordway,Consumer,United States,Columbus,Ohio,43229,East,OFF-AR-10004010,Office Supplies,Art,Hunt Boston Vacuum Mount KS Pencil Sharpener,55.984,2,0.2,4.1988
5601,CA-2011-108903,2011-03-10,2011-03-10,Same Day,DO-13435,Denny Ordway,Consumer,United States,Columbus,Ohio,43229,East,OFF-EN-10004030,Office Supplies,Envelopes,Convenience Packs of Business Envelopes,14.48,5,0.2,4.887
5602,CA-2011-108903,2011-03-10,2011-03-10,Same Day,DO-13435,Denny Ordway,Consumer,United States,Columbus,Ohio,43229,East,TEC-AC-10003023,Technology,Accessories,Logitech G105 Gaming Keyboard,142.488,3,0.2,-3.5622
5605,CA-2012-142475,2012-03-12,2012-07-12,Standard Class,BS-11380,Bill Stewart,Corporate,United States,New York City,New York,10011,East,OFF-BI-10003718,Office Supplies,Binders,GBC Therma-A-Bind 250T Electric Binding System,590.352,6,0.2,206.6232
5609,CA-2012-168634,2012-06-12,2012-11-12,Standard Class,AF-10870,Art Ferguson,Consumer,United States,San Francisco,California,94109,West,OFF-AP-10001626,Office Supplies,Appliances,"Commercial WindTunnel Clean Air Upright Vacuum, Replacement Belts, Filtration Bags",7.78,2,0.0,2.0228
5610,CA-2014-117198,2014-01-09,2014-06-09,Standard Class,BG-11035,Barry Gonzalez,Consumer,United States,Monroe,Louisiana,71203,South,TEC-AC-10003033,Technology,Accessories,Plantronics CS510 - Over-the-Head monaural Wireless Headset System,659.9,2,0.0,217.767
5611,CA-2012-145828,2012-05-10,2012-07-10,First Class,MB-17305,Maria Bertelson,Consumer,United States,Cincinnati,Ohio,45231,East,TEC-AC-10002323,Technology,Accessories,SanDisk Ultra 32 GB MicroSDHC Class 10 Memory Card,53.04,3,0.2,-4.641
5614,CA-2013-147431,2013-02-02,2013-07-02,Standard Class,AB-10105,Adrian Barton,Consumer,United States,New York City,New York,10011,East,OFF-ST-10003994,Office Supplies,Storage,"Belkin 19"" Center-Weighted Shelf, Gray",117.96,2,0.0,5.898
5618,CA-2014-125745,2014-01-07,2014-05-07,Standard Class,DV-13045,Darrin Van Huff,Corporate,United States,Memphis,Tennessee,38109,South,FUR-FU-10001591,Furniture,Furnishings,Advantus Panel Wall Certificate Holder - 8.5x11,19.52,2,0.2,5.368
5631,CA-2011-127614,2011-12-02,,Standard Class,NF-18385,Natalie Fritzler,Consumer,United States,Chesapeake,Virginia,23320,South,TEC-AC-10001432,Technology,Accessories,Enermax Aurora Lite Keyboard,234.45,3,0.0,103.158
5632,CA-2011-127614,2011-12-02,,Standard Class,NF-18385,Natalie Fritzler,Consumer,United States,Chesapeake,Virginia,23320,South,FUR-TA-10003715,Furniture,Tables,Hon 2111 Invitation Series Corner Table,1256.22,6,0.0,75.3732
5633,CA-2011-127614,2011-12-02,,Standard Class,NF-18385,Natalie Fritzler,Consumer,United States,Chesapeake,Virginia,23320,South,OFF-BI-10003291,Office Supplies,Binders,Wilson Jones Leather-Like Binders with DublLock Round Rings,17.46,2,0.0,8.2062
5635,CA-2012-134943,2012-05-12,2012-06-12,First Class,SU-20665,Stephanie Ulpright,Home Office,United States,Ann Arbor,Michigan,48104,Central,OFF-BI-10000666,Office Supplies,Binders,Surelock Post Binders,152.8,5,0.0,76.4
5636,CA-2014-123022,2014-04-09,2014-09-09,Standard Class,SC-20050,Sample Company A,Home Office,United States,La Mesa,California,91941,West,OFF-BI-10002225,Office Supplies,Binders,"Square Ring Data Binders, Rigid 75 Pt. Covers, 11"" x 14-7/8""",82.56,5,0.2,28.896
5637,CA-2014-123022,2014-04-09,2014-09-09,Standard Class,SC-20050,Sample Company A,Home Office,United States,La Mesa,California,91941,West,TEC-AC-10000474,Technology,Accessories,Kensington Expert Mouse Optical USB Trackball for PC or Mac,284.97,3,0.0,85.491
5642,CA-2014-106355,2014-03-04,2014-06-04,First Class,AT-10435,Alyssa Tate,Home Office,United States,Meriden,Connecticut,6450,East,OFF-AR-10000246,Office Supplies,Art,Newell 318,11.12,4,0.0,2.8912
5643,CA-2013-127985,2013-02-04,2013-06-04,Second Class,DB-12910,Daniel Byrd,Home Office,United States,Columbus,Georgia,31907,South,FUR-FU-10003274,Furniture,Furnishings,Regeneration Desk Collection,7.04,4,0.0,3.0976
5647,CA-2012-104241,2012-04-01,2012-09-01,Standard Class,AG-10495,Andrew Gjertsen,Corporate,United States,Alexandria,Virginia,22304,South,FUR-FU-10001473,Furniture,Furnishings,DAX Wood Document Frame,192.22,14,0.0,69.1992
5648,CA-2014-168179,2014-03-11,2014-08-11,Standard Class,JB-16000,Joy Bell-,Consumer,United States,Salt Lake City,Utah,84106,West,OFF-PA-10001800,Office Supplies,Paper,Xerox 220,19.44,3,0.0,9.3312
5653,CA-2014-109099,2014-07-10,2014-12-10,Standard Class,MM-18280,Muhammed MacIntyre,Corporate,United States,New York City,New York,10009,East,OFF-PA-10001033,Office Supplies,Paper,Xerox 1893,40.99,1,0.0,20.0851
5654,US-2011-134187,2011-04-11,2011-11-11,Standard Class,TH-21235,Tiffany House,Corporate,United States,Long Beach,California,90805,West,OFF-AR-10000940,Office Supplies,Art,Newell 343,2.94,1,0.0,0.7938
5668,CA-2013-142405,2013-12-06,,Standard Class,SE-20110,Sanjit Engle,Consumer,United States,Seattle,Washington,98103,West,OFF-LA-10004093,Office Supplies,Labels,Avery 486,14.62,2,0.0,6.8714
5669,CA-2013-142405,2013-12-06,,Standard Class,SE-20110,Sanjit Engle,Consumer,United States,Seattle,Washington,98103,West,OFF-BI-10004728,Office Supplies,Binders,Wilson Jones Turn Tabs Binder Tool for Ring Binders,53.984,14,0.2,17.5448
5670,CA-2013-142405,2013-12-06,,Standard Class,SE-20110,Sanjit Engle,Consumer,United States,Seattle,Washington,98103,West,TEC-AC-10003095,Technology,Accessories,Logitech G35 7.1-Channel Surround Sound Headset,389.97,3,0.0,132.5898
5671,CA-2012-141012,2012-09-06,2012-11-06,Second Class,TG-21640,Trudy Glocke,Consumer,United States,Pocatello,Idaho,83201,West,FUR-FU-10003192,Furniture,Furnishings,Luxo Adjustable Task Clamp Lamp,355.36,4,0.0,92.3936
5672,CA-2012-141012,2012-09-06,2012-11-06,Second Class,TG-21640,Trudy Glocke,Consumer,United States,Pocatello,Idaho,83201,West,TEC-PH-10004522,Technology,Phones,Dexim XPower Skin Super-Thin Power Case for iPhone 5 - Black,140.376,3,0.2,8.7735
5683,CA-2011-164315,2011-02-04,2011-08-04,Standard Class,RD-19585,Rob Dowd,Consumer,United States,Athens,Georgia,30605,South,OFF-PA-10004248,Office Supplies,Paper,Xerox 1990,15.84,3,0.0,7.128
5684,CA-2011-164315,2011-02-04,2011-08-04,Standard Class,RD-19585,Rob Dowd,Consumer,United States,Athens,Georgia,30605,South,TEC-PH-10001128,Technology,Phones,Motorola Droid Maxx,1049.93,7,0.0,293.9804
5685,CA-2011-164315,2011-02-04,2011-08-04,Standard Class,RD-19585,Rob Dowd,Consumer,United States,Athens,Georgia,30605,South,OFF-AP-10003842,Office Supplies,Appliances,Euro-Pro Shark Turbo Vacuum,154.9,5,0.0,40.274
5686,CA-2012-131072,2012-05-11,2012-05-11,Same Day,KL-16645,Ken Lonsdale,Consumer,United States,Seattle,Washington,98105,West,OFF-BI-10002794,Office Supplies,Binders,"Avery Trapezoid Ring Binder, 3"" Capacity, Black, 1040 sheets",98.352,3,0.2,35.6526
5691,US-2012-138093,2012-10-12,,Standard Class,KM-16225,Kalyca Meade,Corporate,United States,Baltimore,Maryland,21215,East,OFF-AR-10000817,Office Supplies,Art,Manco Dry-Lighter Erasable Highlighter,27.36,9,0.0,9.3024
5692,US-2012-138093,2012-10-12,,Standard Class,KM-16225,Kalyca Meade,Corporate,United States,Baltimore,Maryland,21215,East,OFF-PA-10001509,Office Supplies,Paper,"Recycled Desk Saver Line ""While You Were Out"" Book, 5 1/2"" X 4""",44.75,5,0.0,20.585
5693,US-2012-138093,2012-10-12,,Standard Class,KM-16225,Kalyca Meade,Corporate,United States,Baltimore,Maryland,21215,East,TEC-PH-10004667,Technology,Phones,Cisco 8x8 Inc. 6753i IP Business Phone System,134.99,1,0.0,36.4473
5694,US-2012-138093,2012-10-12,,Standard Class,KM-16225,Kalyca Meade,Corporate,United States,Baltimore,Maryland,21215,East,OFF-PA-10000143,Office Supplies,Paper,Astroparche Fine Business Paper,26.4,5,0.0,12.672
5695,US-2012-138093,2012-10-12,,Standard Class,KM-16225,Kalyca Meade,Corporate,United States,Baltimore,Maryland,21215,East,FUR-CH-10000785,Furniture,Chairs,Global Ergonomic Managers Chair,542.94,3,0.0,141.1644
5696,CA-2013-126165,2013-06-05,2013-08-05,Second Class,AH-10465,Amy Hunt,Consumer,United States,San Francisco,California,94109,West,FUR-TA-10001676,Furniture,Tables,Hon 61000 Series Interactive Training Tables,71.088,2,0.2,-1.7772
5699,CA-2013-143441,2013-06-11,2013-06-11,Same Day,EB-14170,Evan Bailliet,Consumer,United States,Laredo,Texas,78041,Central,OFF-LA-10002312,Office Supplies,Labels,Avery 490,11.84,1,0.2,4.44
5700,CA-2014-148320,2014-04-11,2014-09-11,Standard Class,PG-18895,Paul Gonzalez,Consumer,United States,San Francisco,California,94109,West,OFF-PA-10003022,Office Supplies,Paper,Xerox 1992,35.88,6,0.0,17.5812
5706,CA-2011-155593,2011-03-11,2011-08-11,Standard Class,RP-19390,Resi Pölking,Consumer,United States,Fairfield,Connecticut,6824,East,OFF-SU-10002522,Office Supplies,Supplies,Acme Kleen Earth Office Shears,11.64,3,0.0,3.3756
5708,US-2012-160857,2012-08-05,,Standard Class,NW-18400,Natalie Webber,Consumer,United States,New York City,New York,10024,East,FUR-FU-10001095,Furniture,Furnishings,DAX Black Cherry Wood-Tone Poster Frame,79.44,3,0.0,30.1872
5709,US-2012-160857,2012-08-05,,Standard Class,NW-18400,Natalie Webber,Consumer,United States,New York City,New York,10024,East,OFF-SU-10000157,Office Supplies,Supplies,Compact Automatic Electric Letter Opener,357.93,3,0.0,7.1586
5710,US-2012-160857,2012-08-05,,Standard Class,NW-18400,Natalie Webber,Consumer,United States,New York City,New York,10024,East,FUR-CH-10002647,Furniture,Chairs,"Situations Contoured Folding Chairs, 4/Set",127.764,2,0.1,21.294
5711,US-2012-160857,2012-08-05,,Standard Class,NW-18400,Natalie Webber,Consumer,United States,New York City,New York,10024,East,TEC-CO-10004115,Technology,Copiers,Sharp AL-1530CS Digital Copier,2799.944,7,0.2,1014.9797
5712,US-2012-160857,2012-08-05,,Standard Class,NW-18400,Natalie Webber,Consumer,United States,New York City,New York,10024,East,OFF-PA-10003363,Office Supplies,Paper,Xerox 204,19.44,3,0.0,9.3312
5713,CA-2014-115805,2014-01-08,2014-01-08,Same Day,KW-16435,Katrina Willman,Consumer,United States,Chicago,Illinois,60653,Central,TEC-PH-10003092,Technology,Phones,Motorola L804,36.792,1,0.2,4.1391
5714,US-2011-143707,2011-01-03,2011-05-03,Standard Class,HR-14770,Hallie Redmond,Home Office,United States,New York City,New York,10035,East,TEC-PH-10003655,Technology,Phones,Sannysis Cute Owl Design Soft Skin Case Cover for Samsung Galaxy S4,5.94,3,0.0,1.6038
5716,CA-2012-124107,2012-09-10,2012-12-10,Second Class,BM-11650,Brian Moss,Corporate,United States,Ann Arbor,Michigan,48104,Central,TEC-AC-10002049,Technology,Accessories,Logitech G19 Programmable Gaming Keyboard,619.95,5,0.0,111.591
5717,CA-2012-124107,2012-09-10,2012-12-10,Second Class,BM-11650,Brian Moss,Corporate,United States,Ann Arbor,Michigan,48104,Central,TEC-PH-10003875,Technology,Phones,KLD Oscar II Style Snap-on Ultra Thin Side Flip Synthetic Leather Cover Case for HTC One HTC M7,29.16,3,0.0,8.4564
5718,CA-2012-124107,2012-09-10,2012-12-10,Second Class,BM-11650,Brian Moss,Corporate,United States,Ann Arbor,Michigan,48104,Central,OFF-EN-10003286,Office Supplies,Envelopes,Staples,57.96,7,0.0,27.2412
5719,CA-2012-124107,2012-09-10,2012-12-10,Second Class,BM-11650,Brian Moss,Corporate,United States,Ann Arbor,Michigan,48104,Central,OFF-AP-10003971,Office Supplies,Appliances,Belkin 6 Outlet Metallic Surge Strip,29.403,3,0.1,5.2272
5727,CA-2012-110548,2012-04-05,2012-08-05,Standard Class,AH-10690,Anna Häberlin,Corporate,United States,Houston,Texas,77095,Central,TEC-PH-10002922,Technology,Phones,ShoreTel ShorePhone IP 230 VoIP phone,946.344,7,0.2,118.293
5728,CA-2014-117324,2014-09-12,,Standard Class,JP-15520,Jeremy Pistek,Consumer,United States,Madison,Wisconsin,53711,Central,TEC-AC-10003023,Technology,Accessories,Logitech G105 Gaming Keyboard,178.11,3,0.0,32.0598
5729,CA-2014-117324,2014-09-12,,Standard Class,JP-15520,Jeremy Pistek,Consumer,United States,Madison,Wisconsin,53711,Central,OFF-AP-10003590,Office Supplies,Appliances,Hoover WindTunnel Plus Canister Vacuum,1089.75,3,0.0,305.13
5730,CA-2014-117324,2014-09-12,,Standard Class,JP-15520,Jeremy Pistek,Consumer,United States,Madison,Wisconsin,53711,Central,OFF-LA-10003510,Office Supplies,Labels,"Avery 4027 File Folder Labels for Dot Matrix Printers, 5000 Labels per Box, White",61.06,2,0.0,28.0876
5731,CA-2014-117324,2014-09-12,,Standard Class,JP-15520,Jeremy Pistek,Consumer,United States,Madison,Wisconsin,53711,Central,FUR-BO-10003159,Furniture,Bookcases,"Sauder Camden County Collection Libraries, Planked Cherry Finish",459.92,4,0.0,41.3928
5732,CA-2014-117324,2014-09-12,,Standard Class,JP-15520,Jeremy Pistek,Consumer,United States,Madison,Wisconsin,53711,Central,OFF-PA-10002713,Office Supplies,Paper,"Adams Phone Message Book, 200 Message Capacity, 8 1/16 x 11",27.52,4,0.0,12.6592
5739,CA-2014-156139,2014-01-01,2014-07-01,Standard Class,BP-11155,Becky Pak,Consumer,United States,San Francisco,California,94109,West,OFF-BI-10004233,Office Supplies,Binders,"GBC Pre-Punched Binding Paper, Plastic, White, 8-1/2"" x 11""",38.376,3,0.2,13.4316
5747,CA-2013-113733,2013-09-12,,Standard Class,LH-16900,Lena Hernandez,Consumer,United States,Greenville,North Carolina,27834,South,TEC-PH-10002496,Technology,Phones,Cisco SPA301,249.584,2,0.2,31.198
5748,CA-2013-113733,2013-09-12,,Standard Class,LH-16900,Lena Hernandez,Consumer,United States,Greenville,North Carolina,27834,South,TEC-AC-10002473,Technology,Accessories,Maxell 4.7GB DVD-R,68.112,3,0.2,17.8794
5749,CA-2013-113733,2013-09-12,,Standard Class,LH-16900,Lena Hernandez,Consumer,United States,Greenville,North Carolina,27834,South,TEC-AC-10004877,Technology,Accessories,Imation 30456 USB Flash Drive 8GB,16.56,3,0.2,-2.484
5754,CA-2013-118514,2013-03-02,2013-10-02,Standard Class,LC-17050,Liz Carlisle,Consumer,United States,Richmond,Kentucky,40475,South,FUR-CH-10000015,Furniture,Chairs,Hon Multipurpose Stacking Arm Chairs,866.4,4,0.0,225.264
5758,CA-2012-119634,2012-11-08,,Standard Class,BW-11065,Barry Weirich,Consumer,United States,Raleigh,North Carolina,27604,South,FUR-FU-10004270,Furniture,Furnishings,"Executive Impressions 13"" Clairmont Wall Clock",46.152,3,0.2,12.1149
5764,CA-2012-162047,2012-03-11,2012-05-11,First Class,FH-14365,Fred Hopkins,Corporate,United States,Long Beach,New York,11561,East,FUR-CH-10004983,Furniture,Chairs,Office Star - Mid Back Dual function Ergonomic High Back Chair with 2-Way Adjustable Arms,1448.82,10,0.1,209.274
5765,CA-2012-117772,2012-10-09,2012-12-09,Second Class,MC-17575,Matt Collins,Consumer,United States,Seattle,Washington,98103,West,OFF-ST-10003994,Office Supplies,Storage,"Belkin 19"" Center-Weighted Shelf, Gray",353.88,6,0.0,17.694
5766,US-2011-126340,2011-08-11,,Standard Class,EB-13870,Emily Burns,Consumer,United States,Redding,California,96003,West,TEC-PH-10004447,Technology,Phones,Toshiba IPT2010-SD IP Telephone,333.576,3,0.2,25.0182
5767,CA-2013-149685,2013-09-10,,Standard Class,PM-19135,Peter McVee,Home Office,United States,San Antonio,Texas,78207,Central,OFF-LA-10004545,Office Supplies,Labels,Avery 50,60.144,6,0.2,20.2986
5768,CA-2014-126396,2014-09-09,,Second Class,AR-10345,Alex Russell,Corporate,United States,Houston,Texas,77070,Central,TEC-AC-10003116,Technology,Accessories,Memorex Froggy Flash Drive 8 GB,85.2,6,0.2,20.235
5774,CA-2013-117408,2013-01-09,2013-07-09,Standard Class,TP-21130,Theone Pippenger,Consumer,United States,Waco,Texas,76706,Central,OFF-ST-10001580,Office Supplies,Storage,Super Decoflex Portable Personal File,23.968,2,0.2,2.3968
5777,CA-2013-105277,2013-05-12,2013-09-12,Standard Class,LM-17065,Liz MacKendrick,Consumer,United States,Auburn,New York,13021,East,OFF-BI-10000301,Office Supplies,Binders,GBC Instant Report Kit,15.528,3,0.2,5.823
5778,CA-2013-112060,2013-05-12,2013-10-12,Standard Class,KT-16465,Kean Takahito,Consumer,United States,San Francisco,California,94109,West,OFF-PA-10000994,Office Supplies,Paper,Xerox 1915,104.85,1,0.0,50.328
5779,CA-2011-105270,2011-11-11,,Standard Class,AP-10915,Arthur Prichep,Consumer,United States,Los Angeles,California,90008,West,OFF-AR-10003156,Office Supplies,Art,50 Colored Long Pencils,30.48,3,0.0,7.9248
5780,CA-2011-105270,2011-11-11,,Standard Class,AP-10915,Arthur Prichep,Consumer,United States,Los Angeles,California,90008,West,FUR-CH-10000988,Furniture,Chairs,Hon Olson Stacker Stools,112.648,1,0.2,11.2648
5781,US-2012-159513,2012-02-04,2012-09-04,Standard Class,JD-15790,John Dryer,Consumer,United States,Los Angeles,California,90049,West,TEC-MA-10003329,Technology,Machines,"Vtech AT&T CL2940 Corded Speakerphone, Black",71.976,3,0.2,24.2919
5782,CA-2012-155586,2012-12-12,,Second Class,XP-21865,Xylona Preis,Consumer,United States,Chico,California,95928,West,OFF-AR-10001547,Office Supplies,Art,Newell 311,2.21,1,0.0,0.5967
5783,CA-2012-155586,2012-12-12,,Second Class,XP-21865,Xylona Preis,Consumer,United States,Chico,California,95928,West,OFF-EN-10003072,Office Supplies,Envelopes,Peel & Seel Envelopes,15.52,4,0.0,7.4496
5784,CA-2012-155586,2012-12-12,,Second Class,XP-21865,Xylona Preis,Consumer,United States,Chico,California,95928,West,OFF-PA-10000726,Office Supplies,Paper,"Black Print Carbonless Snap-Off Rapid Letter, 8 1/2"" x 7""",36.44,4,0.0,16.398
5785,CA-2014-141117,2014-03-10,2014-09-10,Standard Class,JK-16090,Juliana Krohn,Consumer,United States,Springfield,Oregon,97477,West,FUR-BO-10001972,Furniture,Bookcases,O'Sullivan 4-Shelf Bookcase in Odessa Pine,217.764,6,0.7,-384.7164
5786,CA-2014-141117,2014-03-10,2014-09-10,Standard Class,JK-16090,Juliana Krohn,Consumer,United States,Springfield,Oregon,97477,West,OFF-SU-10004664,Office Supplies,Supplies,Acme Softgrip Scissors,39.072,6,0.2,4.3956
5787,CA-2014-141117,2014-03-10,2014-09-10,Standard Class,JK-16090,Juliana Krohn,Consumer,United States,Springfield,Oregon,97477,West,OFF-BI-10003676,Office Supplies,Binders,"GBC Standard Recycled Report Covers, Clear Plastic Sheets",22.638,7,0.7,-16.6012
5788,CA-2014-141117,2014-03-10,2014-09-10,Standard Class,JK-16090,Juliana Krohn,Consumer,United States,Springfield,Oregon,97477,West,OFF-AR-10003727,Office Supplies,Art,Berol Giant Pencil Sharpener,95.144,7,0.2,10.7037
5789,CA-2014-115070,2014-11-04,,Second Class,MG-18205,Mitch Gastineau,Corporate,United States,Jacksonville,Florida,32216,South,FUR-FU-10003829,Furniture,Furnishings,Stackable Trays,12.32,5,0.2,1.848
5790,CA-2014-115070,2014-11-04,,Second Class,MG-18205,Mitch Gastineau,Corporate,United States,Jacksonville,Florida,32216,South,OFF-BI-10003712,Office Supplies,Binders,"Acco Pressboard Covers with Storage Hooks, 14 7/8"" x 11"", Light Blue",4.419,3,0.7,-3.0933
5801,CA-2011-123225,2011-11-07,,First Class,MN-17935,Michael Nguyen,Consumer,United States,El Paso,Texas,79907,Central,TEC-PH-10000895,Technology,Phones,Polycom VVX 310 VoIP phone,575.968,4,0.2,43.1976
5802,CA-2011-123225,2011-11-07,,First Class,MN-17935,Michael Nguyen,Consumer,United States,El Paso,Texas,79907,Central,OFF-PA-10000552,Office Supplies,Paper,Xerox 200,10.368,2,0.2,3.6288
5807,CA-2013-149783,2013-05-09,2013-08-09,Second Class,DL-13315,Delfina Latchford,Consumer,United States,Knoxville,Tennessee,37918,South,OFF-PA-10002195,Office Supplies,Paper,"RSVP Cards & Envelopes, Blank White, 8-1/2"" X 11"", 24 Cards/25 Envelopes/Set",12.192,3,0.2,4.1148
5808,CA-2013-149783,2013-05-09,2013-08-09,Second Class,DL-13315,Delfina Latchford,Consumer,United States,Knoxville,Tennessee,37918,South,OFF-AP-10001205,Office Supplies,Appliances,Belkin 5 Outlet SurgeMaster Power Centers,87.168,2,0.2,8.7168
5809,CA-2013-149783,2013-05-09,2013-08-09,Second Class,DL-13315,Delfina Latchford,Consumer,United States,Knoxville,Tennessee,37918,South,OFF-AR-10002987,Office Supplies,Art,Prismacolor Color Pencil Set,31.744,2,0.2,8.3328
5810,CA-2013-125017,2013-06-02,2013-11-02,Standard Class,KB-16240,Karen Bern,Corporate,United States,Chattanooga,Tennessee,37421,South,FUR-FU-10000723,Furniture,Furnishings,"Deflect-o EconoMat Studded, No Bevel Mat for Low Pile Carpeting",132.224,4,0.2,-18.1808
5814,CA-2012-150196,2012-02-07,2012-03-07,First Class,SR-20740,Steven Roelle,Home Office,United States,New York City,New York,10024,East,OFF-PA-10003797,Office Supplies,Paper,Xerox 209,19.44,3,0.0,9.3312
5825,CA-2011-115056,2011-02-05,2011-02-05,Same Day,AR-10510,Andrew Roberts,Consumer,United States,Columbus,Ohio,43229,East,OFF-AP-10003971,Office Supplies,Appliances,Belkin 6 Outlet Metallic Surge Strip,26.136,3,0.2,1.9602
5826,CA-2014-161067,2014-04-09,2014-07-09,Second Class,KB-16405,Katrina Bavinger,Home Office,United States,New York City,New York,10035,East,OFF-PA-10000418,Office Supplies,Paper,Xerox 189,419.4,4,0.0,201.312
5827,CA-2014-161067,2014-04-09,2014-07-09,Second Class,KB-16405,Katrina Bavinger,Home Office,United States,New York City,New York,10035,East,FUR-CH-10004626,Furniture,Chairs,Office Star Flex Back Scooter Chair with Aluminum Finish Frame,90.801,1,0.1,14.1246
5828,CA-2014-161067,2014-04-09,2014-07-09,Second Class,KB-16405,Katrina Bavinger,Home Office,United States,New York City,New York,10035,East,FUR-CH-10004860,Furniture,Chairs,Global Low Back Tilter Chair,181.764,2,0.1,-8.0784
5829,CA-2014-161067,2014-04-09,2014-07-09,Second Class,KB-16405,Katrina Bavinger,Home Office,United States,New York City,New York,10035,East,OFF-AR-10003251,Office Supplies,Art,Prang Drawing Pencil Set,5.56,2,0.0,2.224
5830,CA-2013-122063,2013-04-12,2013-08-12,Standard Class,MM-17920,Michael Moore,Consumer,United States,Richmond,Indiana,47374,Central,FUR-TA-10004575,Furniture,Tables,Hon 5100 Series Wood Tables,581.96,2,0.0,104.7528
5831,CA-2013-122063,2013-04-12,2013-08-12,Standard Class,MM-17920,Michael Moore,Consumer,United States,Richmond,Indiana,47374,Central,FUR-CH-10004754,Furniture,Chairs,"Global Stack Chair with Arms, Black",29.98,1,0.0,8.0946
5835,CA-2012-101868,2012-09-06,,Standard Class,MJ-17740,Max Jones,Consumer,United States,Miami,Florida,33178,South,OFF-BI-10003876,Office Supplies,Binders,"Green Canvas Binder for 8-1/2"" x 14"" Sheets",64.2,5,0.7,-42.8
5836,CA-2012-101868,2012-09-06,,Standard Class,MJ-17740,Max Jones,Consumer,United States,Miami,Florida,33178,South,OFF-BI-10002133,Office Supplies,Binders,"Wilson Jones Elliptical Ring 3 1/2"" Capacity Binders, 800 sheets",38.52,3,0.7,-26.964
5837,CA-2012-101868,2012-09-06,,Standard Class,MJ-17740,Max Jones,Consumer,United States,Miami,Florida,33178,South,TEC-AC-10004396,Technology,Accessories,Logitech Keyboard K120,72.6,5,0.2,-8.1675
5849,CA-2012-121783,2012-10-11,,Standard Class,PO-19180,Philisse Overcash,Home Office,United States,Roseville,Minnesota,55113,Central,OFF-AP-10003849,Office Supplies,Appliances,Hoover Shoulder Vac Commercial Portable Vacuum,715.64,2,0.0,178.91
5850,CA-2012-121783,2012-10-11,,Standard Class,PO-19180,Philisse Overcash,Home Office,United States,Roseville,Minnesota,55113,Central,OFF-ST-10000078,Office Supplies,Storage,Tennsco 6- and 18-Compartment Lockers,795.51,3,0.0,143.1918
5851,CA-2012-121783,2012-10-11,,Standard Class,PO-19180,Philisse Overcash,Home Office,United States,Roseville,Minnesota,55113,Central,TEC-CO-10001571,Technology,Copiers,Sharp 1540cs Digital Laser Copier,549.99,1,0.0,274.995
5852,CA-2012-121783,2012-10-11,,Standard Class,PO-19180,Philisse Overcash,Home Office,United States,Roseville,Minnesota,55113,Central,OFF-BI-10001658,Office Supplies,Binders,GBC Standard Therm-A-Bind Covers,74.76,3,0.0,34.3896
5853,CA-2012-121783,2012-10-11,,Standard Class,PO-19180,Philisse Overcash,Home Office,United States,Roseville,Minnesota,55113,Central,FUR-FU-10004351,Furniture,Furnishings,Staples,29.22,3,0.0,12.8568
5854,US-2011-138835,2011-10-09,,Standard Class,DA-13450,Dianna Arnett,Home Office,United States,Virginia Beach,Virginia,23464,South,OFF-BI-10003314,Office Supplies,Binders,Tuff Stuff Recycled Round Ring Binders,9.64,2,0.0,4.7236
5855,CA-2012-112214,2012-05-08,2012-11-08,Standard Class,AH-10690,Anna Häberlin,Corporate,United States,Dallas,Texas,75220,Central,OFF-ST-10001505,Office Supplies,Storage,"Perma STOR-ALL Hanging File Box, 13 1/8""W x 12 1/4""D x 10 1/2""H",33.488,7,0.2,-1.2558
5856,CA-2012-112214,2012-05-08,2012-11-08,Standard Class,AH-10690,Anna Häberlin,Corporate,United States,Dallas,Texas,75220,Central,OFF-SU-10003567,Office Supplies,Supplies,Stiletto Hand Letter Openers,23.04,3,0.2,-4.896
5857,CA-2012-112214,2012-05-08,2012-11-08,Standard Class,AH-10690,Anna Häberlin,Corporate,United States,Dallas,Texas,75220,Central,OFF-BI-10002982,Office Supplies,Binders,Avery Self-Adhesive Photo Pockets for Polaroid Photos,1.362,1,0.8,-2.1792
5858,CA-2012-112214,2012-05-08,2012-11-08,Standard Class,AH-10690,Anna Häberlin,Corporate,United States,Dallas,Texas,75220,Central,FUR-FU-10002364,Furniture,Furnishings,"Eldon Expressions Wood Desk Accessories, Oak",14.76,5,0.6,-11.439
5859,US-2014-153255,2014-04-09,2014-08-09,Second Class,JK-15730,Joe Kamberova,Consumer,United States,Concord,California,94521,West,FUR-BO-10004218,Furniture,Bookcases,"Bush Heritage Pine Collection 5-Shelf Bookcase, Albany Pine Finish, *Special Order",239.666,2,0.15,14.098
5860,CA-2012-108119,2012-01-11,2012-08-11,Standard Class,MS-17530,MaryBeth Skach,Consumer,United States,Conway,Arkansas,72032,South,FUR-TA-10002530,Furniture,Tables,"Iceberg OfficeWorks 42"" Round Tables",301.96,2,0.0,45.294
5862,CA-2013-101525,2013-02-05,2013-05-05,Second Class,CM-12235,Chris McAfee,Consumer,United States,Little Rock,Arkansas,72209,South,OFF-PA-10001497,Office Supplies,Paper,Xerox 1914,109.92,2,0.0,53.8608
5863,CA-2013-101525,2013-02-05,2013-05-05,Second Class,CM-12235,Chris McAfee,Consumer,United States,Little Rock,Arkansas,72209,South,OFF-PA-10003936,Office Supplies,Paper,Xerox 1994,19.44,3,0.0,9.3312
5864,CA-2013-101525,2013-02-05,2013-05-05,Second Class,CM-12235,Chris McAfee,Consumer,United States,Little Rock,Arkansas,72209,South,OFF-AR-10000716,Office Supplies,Art,DIXON Ticonderoga Erasable Checking Pencils,11.16,2,0.0,4.3524
5865,US-2011-117968,2011-05-08,2011-07-08,Second Class,RS-19420,Ricardo Sperren,Corporate,United States,Meriden,Connecticut,6450,East,OFF-AP-10002765,Office Supplies,Appliances,Fellowes Advanced Computer Series Surge Protectors,79.47,3,0.0,22.2516
5866,US-2011-117968,2011-05-08,2011-07-08,Second Class,RS-19420,Ricardo Sperren,Corporate,United States,Meriden,Connecticut,6450,East,OFF-AR-10004165,Office Supplies,Art,"Binney & Smith inkTank Erasable Pocket Highlighter, Chisel Tip, Yellow",4.56,2,0.0,2.0064
5867,US-2011-117968,2011-05-08,2011-07-08,Second Class,RS-19420,Ricardo Sperren,Corporate,United States,Meriden,Connecticut,6450,East,FUR-CH-10002335,Furniture,Chairs,Hon GuestStacker Chair,1133.35,5,0.0,294.671
5868,CA-2013-158211,2013-04-01,2013-08-01,Standard Class,BP-11185,Ben Peterman,Corporate,United States,Philadelphia,Pennsylvania,19143,East,OFF-AR-10004078,Office Supplies,Art,Newell 312,4.672,1,0.2,0.584
5869,CA-2013-158211,2013-04-01,2013-08-01,Standard Class,BP-11185,Ben Peterman,Corporate,United States,Philadelphia,Pennsylvania,19143,East,OFF-BI-10002026,Office Supplies,Binders,Avery Arch Ring Binders,104.58,6,0.7,-80.178
5870,CA-2013-152247,2013-08-11,,Standard Class,MA-17995,Michelle Arnett,Home Office,United States,Cheyenne,Wyoming,82001,West,FUR-CH-10001215,Furniture,Chairs,Global Troy Executive Leather Low-Back Tilter,1603.136,4,0.2,100.196
5874,CA-2014-133095,2014-05-06,2014-05-06,Same Day,EH-14005,Erica Hernandez,Home Office,United States,Jonesboro,Arkansas,72401,South,OFF-BI-10002353,Office Supplies,Binders,GBC VeloBind Cover Sets,108.08,7,0.0,54.04
5875,CA-2014-133095,2014-05-06,2014-05-06,Same Day,EH-14005,Erica Hernandez,Home Office,United States,Jonesboro,Arkansas,72401,South,OFF-BI-10004141,Office Supplies,Binders,Insertable Tab Indexes For Data Binders,9.54,3,0.0,4.3884
5876,CA-2012-130554,2012-07-04,2012-09-04,First Class,FM-14290,Frank Merwin,Home Office,United States,Philadelphia,Pennsylvania,19140,East,OFF-AR-10001954,Office Supplies,Art,Newell 331,11.736,3,0.2,1.0269
5880,CA-2013-133319,2013-06-09,2013-12-09,Standard Class,MV-17485,Mark Van Huff,Consumer,United States,New York City,New York,10011,East,OFF-PA-10001815,Office Supplies,Paper,Xerox 1885,192.16,4,0.0,92.2368
5888,CA-2014-151596,2014-09-10,2014-12-10,First Class,BP-11050,Barry Pond,Corporate,United States,Cranston,Rhode Island,2920,East,OFF-ST-10001837,Office Supplies,Storage,"SAFCO Mobile Desk Side File, Wire Frame",42.76,1,0.0,11.1176
5889,CA-2012-147879,2012-07-05,2012-12-05,Standard Class,CC-12220,Chris Cortes,Consumer,United States,Owensboro,Kentucky,42301,South,OFF-PA-10001952,Office Supplies,Paper,Xerox 1902,45.68,2,0.0,21.0128
5894,CA-2014-159954,2014-11-09,,Standard Class,SS-20410,Shahid Shariari,Consumer,United States,Atlanta,Georgia,30318,South,OFF-BI-10004876,Office Supplies,Binders,Wilson Jones Suede Grain Vinyl Binders,2.78,1,0.0,1.3622
5895,CA-2014-100825,2014-10-09,,Standard Class,KD-16495,Keith Dawkins,Corporate,United States,Los Angeles,California,90036,West,OFF-ST-10003123,Office Supplies,Storage,Fellowes Bases and Tops For Staxonsteel/High-Stak Systems,99.87,3,0.0,23.9688
5896,CA-2011-168305,2011-01-11,2011-08-11,Standard Class,PL-18925,Paul Lucas,Home Office,United States,Los Angeles,California,90049,West,OFF-LA-10003498,Office Supplies,Labels,Avery 475,44.4,3,0.0,22.2
5897,CA-2011-168305,2011-01-11,2011-08-11,Standard Class,PL-18925,Paul Lucas,Home Office,United States,Los Angeles,California,90049,West,OFF-PA-10004947,Office Supplies,Paper,Staples,21.4,5,0.0,9.63
5898,CA-2013-167682,2013-04-04,2013-10-04,Standard Class,ZD-21925,Zuschuss Donatelli,Consumer,United States,Richmond,Indiana,47374,Central,FUR-FU-10003799,Furniture,Furnishings,"Seth Thomas 13 1/2"" Wall Clock",71.12,4,0.0,22.0472
5899,CA-2013-167682,2013-04-04,2013-10-04,Standard Class,ZD-21925,Zuschuss Donatelli,Consumer,United States,Richmond,Indiana,47374,Central,TEC-PH-10000673,Technology,Phones,Plantronics Voyager Pro HD - Bluetooth Headset,259.96,4,0.0,124.7808
5903,US-2014-153948,2014-07-11,2014-07-11,Same Day,FM-14290,Frank Merwin,Home Office,United States,San Francisco,California,94122,West,OFF-PA-10000157,Office Supplies,Paper,Xerox 191,59.94,3,0.0,28.1718
5904,US-2014-153948,2014-07-11,2014-07-11,Same Day,FM-14290,Frank Merwin,Home Office,United States,San Francisco,California,94122,West,OFF-PA-10002764,Office Supplies,Paper,Staples,45.36,4,0.0,22.2264
5905,US-2014-153948,2014-07-11,2014-07-11,Same Day,FM-14290,Frank Merwin,Home Office,United States,San Francisco,California,94122,West,OFF-PA-10000143,Office Supplies,Paper,Astroparche Fine Business Paper,26.4,5,0.0,12.672
5906,US-2014-153948,2014-07-11,2014-07-11,Same Day,FM-14290,Frank Merwin,Home Office,United States,San Francisco,California,94122,West,OFF-LA-10000414,Office Supplies,Labels,Avery 503,41.4,4,0.0,19.872
5907,US-2014-153948,2014-07-11,2014-07-11,Same Day,FM-14290,Frank Merwin,Home Office,United States,San Francisco,California,94122,West,TEC-AC-10003441,Technology,Accessories,Kingston Digital DataTraveler 32GB USB 2.0,16.95,1,0.0,1.017
5908,US-2013-113985,2013-03-12,2013-08-12,Standard Class,KD-16495,Keith Dawkins,Corporate,United States,San Jose,California,95123,West,OFF-BI-10002353,Office Supplies,Binders,GBC VeloBind Cover Sets,24.704,2,0.2,9.264
5909,US-2013-113985,2013-03-12,2013-08-12,Standard Class,KD-16495,Keith Dawkins,Corporate,United States,San Jose,California,95123,West,OFF-AP-10001303,Office Supplies,Appliances,"Holmes Cool Mist Humidifier for the Whole House with 8-Gallon Output per Day, Extended Life Filter",59.7,3,0.0,26.865
5910,US-2013-113985,2013-03-12,2013-08-12,Standard Class,KD-16495,Keith Dawkins,Corporate,United States,San Jose,California,95123,West,FUR-FU-10003026,Furniture,Furnishings,"Eldon Regeneration Recycled Desk Accessories, Black",14.52,3,0.0,5.6628
5911,US-2013-113985,2013-03-12,2013-08-12,Standard Class,KD-16495,Keith Dawkins,Corporate,United States,San Jose,California,95123,West,OFF-BI-10000632,Office Supplies,Binders,Satellite Sectional Post Binders,104.184,3,0.2,33.8598
5926,CA-2014-150420,2014-04-06,2014-09-06,Standard Class,GD-14590,Giulietta Dortch,Corporate,United States,Bellingham,Washington,98226,West,TEC-AC-10004975,Technology,Accessories,Plantronics Audio 995 Wireless Stereo Headset,1099.5,10,0.0,362.835
5927,US-2011-118997,2011-08-04,2011-12-04,Standard Class,RA-19885,Ruben Ausman,Corporate,United States,Decatur,Alabama,35601,South,FUR-TA-10001086,Furniture,Tables,"SAFCO PlanMaster Boards, 60w x 37-1/2d, White Melamine",1215.92,8,0.0,316.1392
5928,CA-2011-114314,2011-11-10,,Standard Class,DB-13555,Dorothy Badders,Corporate,United States,Fayetteville,Arkansas,72701,South,OFF-LA-10000240,Office Supplies,Labels,Self-Adhesive Address Labels for Typewriters by Universal,7.31,1,0.0,3.4357
5929,CA-2011-114314,2011-11-10,,Standard Class,DB-13555,Dorothy Badders,Corporate,United States,Fayetteville,Arkansas,72701,South,FUR-FU-10002107,Furniture,Furnishings,Eldon Pizzaz Desk Accessories,8.92,4,0.0,3.9248
5930,US-2014-169551,2014-08-07,2014-10-07,First Class,RL-19615,Rob Lucas,Consumer,United States,Philadelphia,Pennsylvania,19120,East,FUR-BO-10001519,Furniture,Bookcases,O'Sullivan 3-Shelf Heavy-Duty Bookcases,87.21,3,0.5,-45.3492
5931,US-2014-169551,2014-08-07,2014-10-07,First Class,RL-19615,Rob Lucas,Consumer,United States,Philadelphia,Pennsylvania,19120,East,OFF-PA-10004100,Office Supplies,Paper,Xerox 216,15.552,3,0.2,5.4432
5932,US-2014-169551,2014-08-07,2014-10-07,First Class,RL-19615,Rob Lucas,Consumer,United States,Philadelphia,Pennsylvania,19120,East,TEC-PH-10001363,Technology,Phones,Apple iPhone 5S,683.988,2,0.4,-113.998
5933,US-2014-169551,2014-08-07,2014-10-07,First Class,RL-19615,Rob Lucas,Consumer,United States,Philadelphia,Pennsylvania,19120,East,OFF-ST-10004835,Office Supplies,Storage,Plastic Stacking Crates & Casters,13.392,3,0.2,1.0044
5934,US-2014-169551,2014-08-07,2014-10-07,First Class,RL-19615,Rob Lucas,Consumer,United States,Philadelphia,Pennsylvania,19120,East,TEC-AC-10002018,Technology,Accessories,AmazonBasics 3-Button USB Wired Mouse,16.776,3,0.2,4.8231
5935,US-2014-169551,2014-08-07,2014-10-07,First Class,RL-19615,Rob Lucas,Consumer,United States,Philadelphia,Pennsylvania,19120,East,TEC-AC-10003033,Technology,Accessories,Plantronics CS510 - Over-the-Head monaural Wireless Headset System,527.92,2,0.2,85.787
5936,CA-2013-103107,2013-05-07,2013-05-07,Same Day,RB-19465,Rick Bensley,Home Office,United States,Seattle,Washington,98103,West,FUR-FU-10000221,Furniture,Furnishings,"Master Caster Door Stop, Brown",25.4,5,0.0,8.636
5937,CA-2013-103107,2013-05-07,2013-05-07,Same Day,RB-19465,Rick Bensley,Home Office,United States,Seattle,Washington,98103,West,TEC-PH-10001198,Technology,Phones,Avaya 4621SW VoIP phone,177.48,3,0.2,19.9665
5938,CA-2013-103107,2013-05-07,2013-05-07,Same Day,RB-19465,Rick Bensley,Home Office,United States,Seattle,Washington,98103,West,TEC-PH-10002564,Technology,Phones,OtterBox Defender Series Case - Samsung Galaxy S4,71.976,3,0.2,8.997
5943,CA-2013-151092,2013-07-08,,Standard Class,VG-21790,Vivek Gonzalez,Consumer,United States,Los Angeles,California,90032,West,TEC-PH-10001700,Technology,Phones,Panasonic KX-TG6844B Expandable Digital Cordless Telephone,211.168,4,0.2,18.4772
5949,CA-2014-161046,2014-06-03,2014-06-03,Same Day,CB-12535,Claudia Bergmann,Corporate,United States,Southaven,Mississippi,38671,South,OFF-EN-10003862,Office Supplies,Envelopes,Laser & Ink Jet Business Envelopes,42.68,4,0.0,19.6328
5950,CA-2014-161046,2014-06-03,2014-06-03,Same Day,CB-12535,Claudia Bergmann,Corporate,United States,Southaven,Mississippi,38671,South,TEC-AC-10004571,Technology,Accessories,Logitech G700s Rechargeable Gaming Mouse,299.97,3,0.0,125.9874
5951,CA-2014-161046,2014-06-03,2014-06-03,Same Day,CB-12535,Claudia Bergmann,Corporate,United States,Southaven,Mississippi,38671,South,OFF-AP-10000891,Office Supplies,Appliances,Kensington 7 Outlet MasterPiece HOMEOFFICE Power Control Center,262.24,2,0.0,78.672
5952,CA-2014-161046,2014-06-03,2014-06-03,Same Day,CB-12535,Claudia Bergmann,Corporate,United States,Southaven,Mississippi,38671,South,OFF-BI-10002026,Office Supplies,Binders,Ibico Recycled Linen-Style Covers,234.36,6,0.0,112.4928
5955,CA-2011-155796,2011-11-11,,Second Class,TS-21430,Tom Stivers,Corporate,United States,Reading,Pennsylvania,19601,East,FUR-FU-10000409,Furniture,Furnishings,"GE 4 Foot Flourescent Tube, 40 Watt",23.968,2,0.2,7.7896
5956,CA-2011-155796,2011-11-11,,Second Class,TS-21430,Tom Stivers,Corporate,United States,Reading,Pennsylvania,19601,East,FUR-BO-10002545,Furniture,Bookcases,"Atlantic Metals Mobile 3-Shelf Bookcases, Custom Colors",521.96,4,0.5,-250.5408
5961,CA-2014-150602,2014-10-02,,Second Class,ML-17395,Marina Lichtenstein,Corporate,United States,Los Angeles,California,90045,West,FUR-FU-10003142,Furniture,Furnishings,"Master Big Foot Doorstop, Beige",21.12,4,0.0,6.5472
5962,CA-2011-140732,2011-11-11,,Second Class,MA-17560,Matt Abelman,Home Office,United States,Los Angeles,California,90004,West,TEC-PH-10001425,Technology,Phones,Mophie Juice Pack Helium for iPhone,575.928,9,0.2,57.5928
5963,CA-2011-140732,2011-11-11,,Second Class,MA-17560,Matt Abelman,Home Office,United States,Los Angeles,California,90004,West,OFF-AP-10001626,Office Supplies,Appliances,"Commercial WindTunnel Clean Air Upright Vacuum, Replacement Belts, Filtration Bags",7.78,2,0.0,2.0228
5964,CA-2011-140732,2011-11-11,,Second Class,MA-17560,Matt Abelman,Home Office,United States,Los Angeles,California,90004,West,OFF-PA-10003625,Office Supplies,Paper,Xerox 1979,123.92,4,0.0,55.764
5973,CA-2014-115105,2014-07-02,2014-12-02,Standard Class,BD-11770,Bryan Davis,Consumer,United States,New York City,New York,10024,East,FUR-BO-10001811,Furniture,Bookcases,"Atlantic Metals Mobile 5-Shelf Bookcases, Custom Colors",240.784,1,0.2,30.098
5975,CA-2013-135636,2013-09-10,,Standard Class,DB-13615,Doug Bickford,Consumer,United States,Charlotte,North Carolina,28205,South,OFF-ST-10000676,Office Supplies,Storage,Fellowes Econo/Stor Drawers,387.72,5,0.2,-67.851
5979,CA-2011-117765,2011-07-09,,Standard Class,RB-19465,Rick Bensley,Home Office,United States,Tulsa,Oklahoma,74133,Central,FUR-TA-10001039,Furniture,Tables,KI Adjustable-Height Table,429.9,5,0.0,111.774
5980,CA-2011-117765,2011-07-09,,Standard Class,RB-19465,Rick Bensley,Home Office,United States,Tulsa,Oklahoma,74133,Central,OFF-BI-10000474,Office Supplies,Binders,Avery Recycled Flexi-View Covers for Binding Systems,32.06,2,0.0,15.3888
5981,CA-2011-117765,2011-07-09,,Standard Class,RB-19465,Rick Bensley,Home Office,United States,Tulsa,Oklahoma,74133,Central,FUR-CH-10004698,Furniture,Chairs,"Padded Folding Chairs, Black, 4/Carton",161.96,2,0.0,45.3488
5982,CA-2011-117765,2011-07-09,,Standard Class,RB-19465,Rick Bensley,Home Office,United States,Tulsa,Oklahoma,74133,Central,OFF-ST-10003327,Office Supplies,Storage,Akro-Mils 12-Gallon Tote,19.86,2,0.0,5.7594
5994,CA-2013-162187,2013-12-12,2013-12-12,Same Day,NS-18640,Noel Staavos,Corporate,United States,Columbus,Ohio,43229,East,OFF-ST-10001558,Office Supplies,Storage,Acco Perma 4000 Stacking Storage Drawers,64.96,5,0.2,-4.06
5995,CA-2013-162187,2013-12-12,2013-12-12,Same Day,NS-18640,Noel Staavos,Corporate,United States,Columbus,Ohio,43229,East,OFF-SU-10004782,Office Supplies,Supplies,"Elite 5"" Scissors",13.52,2,0.2,1.69
5996,CA-2013-162187,2013-12-12,2013-12-12,Same Day,NS-18640,Noel Staavos,Corporate,United States,Columbus,Ohio,43229,East,FUR-CH-10003298,Furniture,Chairs,"Office Star - Contemporary Task Swivel chair with Loop Arms, Charcoal",458.43,5,0.3,-137.529
5997,CA-2013-162187,2013-12-12,2013-12-12,Same Day,NS-18640,Noel Staavos,Corporate,United States,Columbus,Ohio,43229,East,OFF-AP-10000576,Office Supplies,Appliances,"Belkin 325VA UPS Surge Protector, 6'",387.136,4,0.2,24.196
5998,CA-2013-162187,2013-12-12,2013-12-12,Same Day,NS-18640,Noel Staavos,Corporate,United States,Columbus,Ohio,43229,East,FUR-TA-10003008,Furniture,Tables,"Lesro Round Back Collection Coffee Table, End Table",328.59,3,0.4,-147.8655
5999,US-2011-112991,2011-10-12,,Standard Class,SH-19975,Sally Hughsby,Corporate,United States,Caldwell,Idaho,83605,West,FUR-CH-10001708,Furniture,Chairs,Office Star - Contemporary Swivel Chair with Padded Adjustable Arms and Flex Back,338.352,3,0.2,4.2294
6000,US-2011-112991,2011-10-12,,Standard Class,SH-19975,Sally Hughsby,Corporate,United States,Caldwell,Idaho,83605,West,OFF-PA-10000019,Office Supplies,Paper,Xerox 1931,25.92,4,0.0,12.4416
6001,US-2011-112991,2011-10-12,,Standard Class,SH-19975,Sally Hughsby,Corporate,United States,Caldwell,Idaho,83605,West,OFF-PA-10002222,Office Supplies,Paper,"Xerox Color Copier Paper, 11"" x 17"", Ream",91.36,4,0.0,42.0256
6005,CA-2014-107244,2014-08-09,2014-12-09,Standard Class,AG-10390,Allen Goldenen,Consumer,United States,Los Angeles,California,90004,West,FUR-FU-10002597,Furniture,Furnishings,"C-Line Magnetic Cubicle Keepers, Clear Polypropylene",19.76,4,0.0,8.2992
6006,CA-2012-100657,2012-02-11,2012-07-11,Standard Class,SW-20245,Scot Wooten,Consumer,United States,Troy,New York,12180,East,FUR-CH-10003535,Furniture,Chairs,"Global Armless Task Chair, Royal Blue",109.764,2,0.1,8.5372
6007,CA-2014-129581,2014-12-12,,Standard Class,KN-16390,Katherine Nockton,Corporate,United States,New Bedford,Massachusetts,2740,East,TEC-PH-10001527,Technology,Phones,Plantronics MX500i Earset,128.85,3,0.0,3.8655
6008,CA-2014-129028,2014-02-04,2014-04-04,First Class,GB-14530,George Bell,Corporate,United States,Florence,South Carolina,29501,South,FUR-FU-10004006,Furniture,Furnishings,"Deflect-o DuraMat Lighweight, Studded, Beveled Mat for Low Pile Carpeting",127.95,3,0.0,21.7515
6014,CA-2013-159016,2013-11-03,2013-12-03,First Class,KF-16285,Karen Ferguson,Home Office,United States,Los Angeles,California,90008,West,OFF-PA-10004405,Office Supplies,Paper,Rediform Voice Mail Log Books,14.9,5,0.0,7.152
6015,CA-2013-159016,2013-11-03,2013-12-03,First Class,KF-16285,Karen Ferguson,Home Office,United States,Los Angeles,California,90008,West,TEC-PH-10002885,Technology,Phones,Apple iPhone 5,4158.912,8,0.2,363.9048
6016,CA-2011-102652,2011-06-04,2011-12-04,Standard Class,AY-10555,Andy Yotov,Corporate,United States,Los Angeles,California,90049,West,FUR-FU-10000747,Furniture,Furnishings,Tenex B1-RE Series Chair Mats for Low Pile Carpets,91.96,2,0.0,15.6332
6017,CA-2011-102652,2011-06-04,2011-12-04,Standard Class,AY-10555,Andy Yotov,Corporate,United States,Los Angeles,California,90049,West,FUR-FU-10001918,Furniture,Furnishings,C-Line Cubicle Keepers Polyproplyene Holder With Velcro Backings,33.11,7,0.0,12.9129
6018,CA-2011-102652,2011-06-04,2011-12-04,Standard Class,AY-10555,Andy Yotov,Corporate,United States,Los Angeles,California,90049,West,OFF-PA-10003309,Office Supplies,Paper,Xerox 211,19.44,3,0.0,9.3312
6019,CA-2011-102652,2011-06-04,2011-12-04,Standard Class,AY-10555,Andy Yotov,Corporate,United States,Los Angeles,California,90049,West,OFF-PA-10001977,Office Supplies,Paper,Xerox 194,55.48,1,0.0,26.6304
6020,CA-2011-152422,2011-05-10,2011-10-10,Second Class,BD-11635,Brian Derr,Consumer,United States,Columbus,Ohio,43229,East,OFF-AP-10002892,Office Supplies,Appliances,Belkin F5C206VTEL 6 Outlet Surge,91.92,5,0.2,11.49
6031,US-2014-152492,2014-07-07,2014-07-07,Same Day,AH-10585,Angele Hood,Consumer,United States,Miami,Florida,33142,South,FUR-CH-10000155,Furniture,Chairs,Global Comet Stacking Armless Chair,239.24,1,0.2,23.924
6037,CA-2013-131205,2013-05-09,2013-09-09,Standard Class,AA-10645,Anna Andreadi,Consumer,United States,Georgetown,Kentucky,40324,South,FUR-FU-10003347,Furniture,Furnishings,Coloredge Poster Frame,42.6,3,0.0,16.614
6038,CA-2013-131205,2013-05-09,2013-09-09,Standard Class,AA-10645,Anna Andreadi,Consumer,United States,Georgetown,Kentucky,40324,South,OFF-BI-10000315,Office Supplies,Binders,Poly Designer Cover & Back,113.94,6,0.0,54.6912
6039,CA-2013-131205,2013-05-09,2013-09-09,Standard Class,AA-10645,Anna Andreadi,Consumer,United States,Georgetown,Kentucky,40324,South,OFF-ST-10002583,Office Supplies,Storage,Fellowes Neat Ideas Storage Cubes,129.92,4,0.0,5.1968
6040,CA-2013-131205,2013-05-09,2013-09-09,Standard Class,AA-10645,Anna Andreadi,Consumer,United States,Georgetown,Kentucky,40324,South,OFF-AR-10003469,Office Supplies,Art,Nontoxic Chalk,5.28,3,0.0,2.5344
6043,CA-2013-117912,2013-04-02,2013-08-02,Standard Class,TB-21520,Tracy Blumstein,Consumer,United States,Sierra Vista,Arizona,85635,West,FUR-FU-10002088,Furniture,Furnishings,Nu-Dell Float Frame 11 x 14 1/2,14.368,2,0.2,3.9512
6046,CA-2012-113215,2012-03-09,2012-08-09,Standard Class,CP-12085,Cathy Prescott,Corporate,United States,Tucson,Arizona,85705,West,FUR-FU-10002937,Furniture,Furnishings,"GE 48"" Fluorescent Tube, Cool White Energy Saver, 34 Watts, 30/Box",238.152,3,0.2,89.307
6047,CA-2013-154662,2013-10-06,,Standard Class,BF-11215,Benjamin Farhat,Home Office,United States,Minneapolis,Minnesota,55407,Central,FUR-TA-10001771,Furniture,Tables,"Bush Cubix Conference Tables, Fully Assembled",692.94,3,0.0,173.235
6048,CA-2012-105571,2012-07-11,2012-11-11,Standard Class,CP-12340,Christine Phan,Corporate,United States,Miami,Florida,33142,South,OFF-BI-10003305,Office Supplies,Binders,Avery Hanging File Binders,16.146,9,0.7,-12.9168
6049,CA-2012-105571,2012-07-11,2012-11-11,Standard Class,CP-12340,Christine Phan,Corporate,United States,Miami,Florida,33142,South,OFF-BI-10001359,Office Supplies,Binders,GBC DocuBind TL300 Electric Binding System,1345.485,5,0.7,-1031.5385
6058,CA-2011-107524,2011-02-03,2011-08-03,Standard Class,KN-16705,Kristina Nunn,Home Office,United States,New York City,New York,10009,East,OFF-EN-10001990,Office Supplies,Envelopes,Staples,11.36,2,0.0,5.3392
6059,CA-2011-107524,2011-02-03,2011-08-03,Standard Class,KN-16705,Kristina Nunn,Home Office,United States,New York City,New York,10009,East,OFF-PA-10000587,Office Supplies,Paper,"Array Parchment Paper, Assorted Colors",36.4,5,0.0,17.472
6061,CA-2012-134201,2012-10-04,,Standard Class,EH-14125,Eugene Hildebrand,Home Office,United States,Rochester,New York,14609,East,OFF-ST-10001476,Office Supplies,Storage,Steel Personal Filing/Posting Tote,142.04,4,0.0,38.3508
6062,CA-2012-134201,2012-10-04,,Standard Class,EH-14125,Eugene Hildebrand,Home Office,United States,Rochester,New York,14609,East,OFF-AR-10002804,Office Supplies,Art,Faber Castell Col-Erase Pencils,14.67,3,0.0,6.0147
6066,CA-2012-119942,2012-05-04,2012-07-04,First Class,TT-21070,Ted Trevino,Consumer,United States,Philadelphia,Pennsylvania,19120,East,OFF-LA-10001569,Office Supplies,Labels,Avery 499,23.904,6,0.2,7.7688
6077,CA-2013-151561,2013-02-09,2013-08-09,Standard Class,PG-18820,Patrick Gardner,Consumer,United States,New York City,New York,10011,East,TEC-AC-10001432,Technology,Accessories,Enermax Aurora Lite Keyboard,468.9,6,0.0,206.316
6078,CA-2013-151561,2013-02-09,2013-08-09,Standard Class,PG-18820,Patrick Gardner,Consumer,United States,New York City,New York,10011,East,TEC-AC-10003399,Technology,Accessories,Memorex Mini Travel Drive 64 GB USB 2.0 Flash Drive,72.48,2,0.0,30.4416
6079,CA-2013-151561,2013-02-09,2013-08-09,Standard Class,PG-18820,Patrick Gardner,Consumer,United States,New York City,New York,10011,East,OFF-SU-10001574,Office Supplies,Supplies,Acme Value Line Scissors,10.95,3,0.0,3.285
6080,CA-2013-151561,2013-02-09,2013-08-09,Standard Class,PG-18820,Patrick Gardner,Consumer,United States,New York City,New York,10011,East,FUR-FU-10004864,Furniture,Furnishings,"Howard Miller 14-1/2"" Diameter Chrome Round Wall Clock",191.82,3,0.0,61.3824
6081,CA-2014-154676,2014-06-08,2014-09-08,First Class,NZ-18565,Nick Zandusky,Home Office,United States,Houston,Texas,77070,Central,OFF-ST-10001172,Office Supplies,Storage,"Tennsco Lockers, Sand",151.056,9,0.2,7.5528
6109,CA-2013-150007,2013-12-09,,Standard Class,AS-10090,Adam Shillingsburg,Consumer,United States,Chicago,Illinois,60653,Central,OFF-LA-10001982,Office Supplies,Labels,Smead Alpha-Z Color-Coded Name Labels First Letter Starter Set,6.0,2,0.2,2.1
6110,CA-2013-150007,2013-12-09,,Standard Class,AS-10090,Adam Shillingsburg,Consumer,United States,Chicago,Illinois,60653,Central,OFF-BI-10004141,Office Supplies,Binders,Insertable Tab Indexes For Data Binders,1.908,3,0.8,-3.2436
6123,CA-2014-152660,2014-05-12,2014-10-12,Standard Class,CB-12415,Christy Brittain,Consumer,United States,Chicago,Illinois,60610,Central,OFF-ST-10000532,Office Supplies,Storage,Advantus Rolling Drawer Organizers,61.568,2,0.2,4.6176
6125,CA-2014-145772,2014-04-06,2014-08-06,Standard Class,SS-20140,Saphhira Shifley,Corporate,United States,Los Angeles,California,90036,West,TEC-AC-10003038,Technology,Accessories,Kingston Digital DataTraveler 16GB USB 2.0,44.75,5,0.0,8.5025
6126,CA-2014-145772,2014-04-06,2014-08-06,Standard Class,SS-20140,Saphhira Shifley,Corporate,United States,Los Angeles,California,90036,West,OFF-PA-10001593,Office Supplies,Paper,Xerox 1947,11.96,2,0.0,5.382
6127,CA-2014-145772,2014-04-06,2014-08-06,Standard Class,SS-20140,Saphhira Shifley,Corporate,United States,Los Angeles,California,90036,West,OFF-BI-10002049,Office Supplies,Binders,UniKeep View Case Binders,3.912,1,0.2,1.2714
6128,CA-2013-124100,2013-01-04,2013-07-04,Standard Class,EH-13990,Erica Hackney,Consumer,United States,New York City,New York,10009,East,FUR-CH-10003817,Furniture,Chairs,"Global Value Steno Chair, Gray",327.996,6,0.1,54.666
6135,CA-2013-146766,2013-05-11,2013-05-11,Same Day,TT-21220,Thomas Thornton,Consumer,United States,Chula Vista,California,91911,West,OFF-AR-10002135,Office Supplies,Art,Boston Heavy-Duty Trimline Electric Pencil Sharpeners,192.8,4,0.0,55.912
6138,US-2013-142251,2013-01-11,2013-05-11,Second Class,FO-14305,Frank Olsen,Consumer,United States,Hollywood,Florida,33021,South,OFF-PA-10002986,Office Supplies,Paper,Xerox 1898,32.064,6,0.2,11.2224
6141,CA-2014-121083,2014-10-07,,Standard Class,JF-15190,Jamie Frazer,Consumer,United States,Manchester,Connecticut,6040,East,OFF-PA-10001497,Office Supplies,Paper,Xerox 1914,274.8,5,0.0,134.652
6142,CA-2014-121083,2014-10-07,,Standard Class,JF-15190,Jamie Frazer,Consumer,United States,Manchester,Connecticut,6040,East,OFF-ST-10002554,Office Supplies,Storage,Tennsco Industrial Shelving,195.64,4,0.0,3.9128
6143,CA-2014-121083,2014-10-07,,Standard Class,JF-15190,Jamie Frazer,Consumer,United States,Manchester,Connecticut,6040,East,TEC-PH-10001336,Technology,Phones,Digium D40 VoIP phone,257.98,2,0.0,74.8142
6144,CA-2014-121083,2014-10-07,,Standard Class,JF-15190,Jamie Frazer,Consumer,United States,Manchester,Connecticut,6040,East,OFF-AR-10002987,Office Supplies,Art,Prismacolor Color Pencil Set,119.04,6,0.0,48.8064
6151,US-2013-106600,2013-09-04,2013-12-04,First Class,RM-19375,Raymond Messe,Consumer,United States,Columbus,Georgia,31907,South,FUR-BO-10001608,Furniture,Bookcases,"Hon Metal Bookcases, Black",354.9,5,0.0,88.725
6153,CA-2014-139437,2014-04-07,2014-09-07,Standard Class,RD-19585,Rob Dowd,Consumer,United States,Los Angeles,California,90004,West,OFF-ST-10002485,Office Supplies,Storage,Rogers Deluxe File Chest,87.92,4,0.0,0.8792
6158,CA-2013-104150,2013-04-08,2013-06-08,Second Class,AG-10330,Alex Grayson,Consumer,United States,Tulsa,Oklahoma,74133,Central,OFF-EN-10002504,Office Supplies,Envelopes,"Tyvek  Top-Opening Peel & Seel Envelopes, Plain White",81.54,3,0.0,38.3238
6159,CA-2013-104150,2013-04-08,2013-06-08,Second Class,AG-10330,Alex Grayson,Consumer,United States,Tulsa,Oklahoma,74133,Central,TEC-AC-10004803,Technology,Accessories,Sony Micro Vault Click 4 GB USB 2.0 Flash Drive,167.28,12,0.0,23.4192
6160,CA-2013-161025,2013-04-12,2013-10-12,Standard Class,GM-14440,Gary McGarr,Consumer,United States,Los Angeles,California,90049,West,OFF-ST-10001932,Office Supplies,Storage,Fellowes Staxonsteel Drawer Files,772.68,4,0.0,108.1752
6173,US-2011-106299,2011-02-08,2011-08-08,Standard Class,NZ-18565,Nick Zandusky,Home Office,United States,Springfield,Missouri,65807,Central,OFF-BI-10001758,Office Supplies,Binders,Wilson Jones 14 Line Acrylic Coated Pressboard Data Binders,26.7,5,0.0,12.549
6174,US-2011-106299,2011-02-08,2011-08-08,Standard Class,NZ-18565,Nick Zandusky,Home Office,United States,Springfield,Missouri,65807,Central,TEC-AC-10003237,Technology,Accessories,Memorex Micro Travel Drive 4 GB,21.2,2,0.0,9.116
6175,US-2011-106299,2011-02-08,2011-08-08,Standard Class,NZ-18565,Nick Zandusky,Home Office,United States,Springfield,Missouri,65807,Central,OFF-ST-10002011,Office Supplies,Storage,Smead Adjustable Mobile File Trolley with Lockable Top,838.38,2,0.0,226.3626
6185,CA-2013-143609,2013-12-12,,First Class,DB-13270,Deborah Brumfield,Home Office,United States,Portland,Oregon,97206,West,FUR-CH-10004218,Furniture,Chairs,"Global Fabric Manager's Chair, Dark Gray",403.92,5,0.2,25.245
6186,CA-2012-138331,2012-07-08,2012-12-08,Standard Class,JK-15625,Jim Karlsson,Consumer,United States,Philadelphia,Pennsylvania,19120,East,OFF-AR-10002952,Office Supplies,Art,Stanley Contemporary Battery Pencil Sharpeners,106.8,10,0.2,10.68
6190,CA-2014-157903,2014-05-04,2014-09-04,Standard Class,AM-10705,Anne McFarland,Consumer,United States,Des Plaines,Illinois,60016,Central,TEC-PH-10004345,Technology,Phones,Cisco SPA 502G IP Phone,383.84,4,0.2,47.98
6205,CA-2014-145660,2014-02-12,2014-04-12,First Class,MG-17650,Matthew Grinstein,Home Office,United States,Marion,Ohio,43302,East,FUR-FU-10002885,Furniture,Furnishings,Magna Visual Magnetic Picture Hangers,7.712,2,0.2,1.7352
6215,CA-2011-128538,2011-11-10,,Standard Class,AS-10240,Alan Shonely,Consumer,United States,Redondo Beach,California,90278,West,OFF-EN-10001219,Office Supplies,Envelopes,"#10- 4 1/8"" x 9 1/2"" Security-Tint Envelopes",7.64,1,0.0,3.7436
6226,CA-2012-133445,2012-05-10,2012-09-10,Standard Class,JF-15490,Jeremy Farry,Consumer,United States,Portland,Oregon,97206,West,FUR-BO-10003660,Furniture,Bookcases,"Bush Cubix Collection Bookcases, Fully Assembled",66.294,1,0.7,-103.8606
6227,CA-2012-133445,2012-05-10,2012-09-10,Standard Class,JF-15490,Jeremy Farry,Consumer,United States,Portland,Oregon,97206,West,FUR-CH-10000422,Furniture,Chairs,Global Highback Leather Tilter in Burgundy,291.168,4,0.2,-14.5584
6228,CA-2011-148782,2011-02-11,2011-07-11,Standard Class,PO-18850,Patrick O'Brill,Consumer,United States,Irving,Texas,75061,Central,TEC-PH-10002923,Technology,Phones,"Logitech B530 USB Headset - headset - Full size, Binaural",88.776,3,0.2,7.7679
6231,CA-2014-127656,2014-12-07,,Standard Class,NW-18400,Natalie Webber,Consumer,United States,Waterloo,Iowa,50701,Central,OFF-AR-10001166,Office Supplies,Art,Staples,30.32,4,0.0,11.8248
6232,US-2014-142188,2014-12-09,2014-12-09,Same Day,JF-15415,Jennifer Ferguson,Consumer,United States,Seattle,Washington,98105,West,FUR-CH-10003199,Furniture,Chairs,Office Star - Contemporary Task Swivel Chair,177.568,2,0.2,8.8784
6233,US-2014-142188,2014-12-09,2014-12-09,Same Day,JF-15415,Jennifer Ferguson,Consumer,United States,Seattle,Washington,98105,West,OFF-PA-10002005,Office Supplies,Paper,Xerox 225,19.44,3,0.0,9.3312
6234,US-2014-142188,2014-12-09,2014-12-09,Same Day,JF-15415,Jennifer Ferguson,Consumer,United States,Seattle,Washington,98105,West,OFF-PA-10004101,Office Supplies,Paper,Xerox 1894,71.28,11,0.0,34.2144
6235,US-2014-142188,2014-12-09,2014-12-09,Same Day,JF-15415,Jennifer Ferguson,Consumer,United States,Seattle,Washington,98105,West,OFF-BI-10004600,Office Supplies,Binders,Ibico Ibimaster 300 Manual Binding System,1471.96,5,0.2,459.9875
6236,US-2014-142188,2014-12-09,2014-12-09,Same Day,JF-15415,Jennifer Ferguson,Consumer,United States,Seattle,Washington,98105,West,TEC-PH-10000127,Technology,Phones,iOttie XL Car Mount,79.96,5,0.2,-17.991
6239,CA-2012-134075,2012-12-12,,Standard Class,HA-14905,Helen Abelman,Consumer,United States,San Jose,California,95123,West,FUR-FU-10004597,Furniture,Furnishings,Eldon Cleatmat Chair Mats for Medium Pile Carpets,166.5,3,0.0,21.645
6240,CA-2012-134075,2012-12-12,,Standard Class,HA-14905,Helen Abelman,Consumer,United States,San Jose,California,95123,West,OFF-ST-10001496,Office Supplies,Storage,Standard Rollaway File with Lock,360.38,2,0.0,93.6988
6252,CA-2011-101147,2011-02-12,2011-04-12,First Class,MC-17575,Matt Collins,Consumer,United States,Chicago,Illinois,60623,Central,OFF-AP-10004249,Office Supplies,Appliances,Staples,2.394,1,0.8,-6.3441
6253,CA-2011-165806,2011-07-04,2011-07-04,Same Day,VM-21685,Valerie Mitchum,Home Office,United States,Marietta,Georgia,30062,South,OFF-PA-10003441,Office Supplies,Paper,Xerox 226,58.32,9,0.0,27.9936
6254,CA-2011-165806,2011-07-04,2011-07-04,Same Day,VM-21685,Valerie Mitchum,Home Office,United States,Marietta,Georgia,30062,South,TEC-PH-10004922,Technology,Phones,RCA Visys Integrated PBX 8-Line Router,200.97,3,0.0,50.2425
6255,CA-2012-151624,2012-08-09,,Standard Class,VW-21775,Victoria Wilson,Corporate,United States,Montgomery,Alabama,36116,South,FUR-FU-10001731,Furniture,Furnishings,Acrylic Self-Standing Desk Frames,21.36,8,0.0,8.1168
6256,CA-2014-139444,2014-10-09,,Standard Class,GK-14620,Grace Kelly,Corporate,United States,Plano,Texas,75023,Central,OFF-LA-10000134,Office Supplies,Labels,Avery 511,9.856,4,0.2,3.4496
6257,CA-2012-133977,2012-06-09,2012-08-09,Second Class,AT-10435,Alyssa Tate,Home Office,United States,Tamarac,Florida,33319,South,OFF-BI-10003166,Office Supplies,Binders,GBC Plasticlear Binding Covers,3.444,1,0.7,-2.5256
6258,CA-2014-141425,2014-03-11,2014-07-11,Second Class,AR-10825,Anthony Rawles,Corporate,United States,Columbus,Ohio,43229,East,OFF-SU-10000646,Office Supplies,Supplies,Premier Automatic Letter Opener,384.592,2,0.2,-81.7258
6261,CA-2012-162607,2012-12-05,,Standard Class,RO-19780,Rose O'Brian,Consumer,United States,Seattle,Washington,98115,West,OFF-BI-10002949,Office Supplies,Binders,Prestige Round Ring Binders,14.592,3,0.2,4.9248
6264,CA-2014-160724,2014-06-05,2014-11-05,Standard Class,YS-21880,Yana Sorensen,Corporate,United States,Columbus,Georgia,31907,South,OFF-BI-10004965,Office Supplies,Binders,Ibico Covers for Plastic or Wire Binding Elements,34.5,3,0.0,15.525
6265,US-2013-115952,2013-07-10,2013-07-10,Same Day,JH-15910,Jonathan Howell,Consumer,United States,Tulsa,Oklahoma,74133,Central,OFF-BI-10004654,Office Supplies,Binders,Avery Binding System Hidden Tab Executive Style Index Sets,28.85,5,0.0,14.425
6266,CA-2011-146731,2011-03-11,2011-08-11,Standard Class,AT-10735,Annie Thurman,Consumer,United States,Nashville,Tennessee,37211,South,OFF-PA-10000141,Office Supplies,Paper,"Ampad Evidence Wirebond Steno Books, 6"" x 9""",3.488,2,0.2,1.1772
6267,CA-2011-146731,2011-03-11,2011-08-11,Standard Class,AT-10735,Annie Thurman,Consumer,United States,Nashville,Tennessee,37211,South,OFF-PA-10001019,Office Supplies,Paper,Xerox 1884,143.856,9,0.2,48.5514
6268,CA-2012-115392,2012-01-10,2012-04-10,Second Class,RM-19675,Robert Marley,Home Office,United States,Cambridge,Massachusetts,2138,East,TEC-PH-10002496,Technology,Phones,Cisco SPA301,311.98,2,0.0,93.594
6269,CA-2012-115392,2012-01-10,2012-04-10,Second Class,RM-19675,Robert Marley,Home Office,United States,Cambridge,Massachusetts,2138,East,OFF-BI-10000829,Office Supplies,Binders,Avery Non-Stick Binders,22.45,5,0.0,10.327
6270,CA-2014-102379,2014-03-12,2014-07-12,Standard Class,BB-11545,Brenda Bowman,Corporate,United States,Oakland,California,94601,West,TEC-PH-10001448,Technology,Phones,Anker Astro 15000mAh USB Portable Charger,39.992,1,0.2,-7.9984
6271,CA-2014-102379,2014-03-12,2014-07-12,Standard Class,BB-11545,Brenda Bowman,Corporate,United States,Oakland,California,94601,West,FUR-CH-10004983,Furniture,Chairs,Office Star - Mid Back Dual function Ergonomic High Back Chair with 2-Way Adjustable Arms,1159.056,9,0.2,43.4646
6272,CA-2014-102379,2014-03-12,2014-07-12,Standard Class,BB-11545,Brenda Bowman,Corporate,United States,Oakland,California,94601,West,OFF-AR-10004022,Office Supplies,Art,Panasonic KP-380BK Classic Electric Pencil Sharpener,179.9,5,0.0,44.975
6273,CA-2014-149706,2014-12-12,,First Class,AS-10285,Alejandro Savely,Corporate,United States,Palatine,Illinois,60067,Central,TEC-AC-10001284,Technology,Accessories,Enermax Briskie RF Wireless Keyboard and Mouse Combo,116.312,7,0.2,23.2624
6288,CA-2011-100090,2011-08-07,2011-12-07,Standard Class,EB-13705,Ed Braxton,Corporate,United States,San Francisco,California,94122,West,FUR-TA-10003715,Furniture,Tables,Hon 2111 Invitation Series Corner Table,502.488,3,0.2,-87.9354
6289,CA-2011-100090,2011-08-07,2011-12-07,Standard Class,EB-13705,Ed Braxton,Corporate,United States,San Francisco,California,94122,West,OFF-BI-10001597,Office Supplies,Binders,"Wilson Jones Ledger-Size, Piano-Hinge Binder, 2"", Blue",196.704,6,0.2,68.8464
6292,CA-2014-143756,2014-03-12,2014-06-12,First Class,ME-17725,Max Engle,Consumer,United States,Salem,Virginia,24153,South,FUR-CH-10001854,Furniture,Chairs,Office Star - Professional Matrix Back Chair with 2-to-1 Synchro Tilt and Mesh Fabric Seat,701.96,2,0.0,168.4704
6300,CA-2014-107314,2014-01-12,2014-04-12,First Class,MZ-17335,Maria Zettner,Home Office,United States,San Francisco,California,94109,West,FUR-FU-10003489,Furniture,Furnishings,Contemporary Borderless Frame,25.83,3,0.0,9.5571
6301,US-2011-161305,2011-06-06,2011-12-06,Standard Class,SB-20170,Sarah Bern,Consumer,United States,Chicago,Illinois,60623,Central,OFF-BI-10002794,Office Supplies,Binders,"Avery Trapezoid Ring Binder, 3"" Capacity, Black, 1040 sheets",24.588,3,0.8,-38.1114
6302,US-2011-161305,2011-06-06,2011-12-06,Standard Class,SB-20170,Sarah Bern,Consumer,United States,Chicago,Illinois,60623,Central,OFF-EN-10000461,Office Supplies,Envelopes,"#10- 4 1/8"" x 9 1/2"" Recycled Envelopes",13.984,2,0.2,4.7196
6305,CA-2014-107552,2014-06-05,2014-06-05,Same Day,AI-10855,Arianne Irving,Consumer,United States,New York City,New York,10035,East,OFF-PA-10002947,Office Supplies,Paper,Xerox 1923,6.68,1,0.0,3.2064
6306,CA-2013-163328,2013-05-11,2013-07-11,Second Class,TP-21565,Tracy Poddar,Corporate,United States,Eugene,Oregon,97405,West,OFF-SU-10002301,Office Supplies,Supplies,Serrated Blade or Curved Handle Hand Letter Openers,17.584,7,0.2,-4.1762
6307,CA-2013-163328,2013-05-11,2013-07-11,Second Class,TP-21565,Tracy Poddar,Corporate,United States,Eugene,Oregon,97405,West,FUR-CH-10003298,Furniture,Chairs,"Office Star - Contemporary Task Swivel chair with Loop Arms, Charcoal",104.784,1,0.2,-14.4078
6308,CA-2013-163328,2013-05-11,2013-07-11,Second Class,TP-21565,Tracy Poddar,Corporate,United States,Eugene,Oregon,97405,West,OFF-PA-10004353,Office Supplies,Paper,Southworth 25% Cotton Premium Laser Paper and Envelopes,47.952,3,0.2,16.7832
6309,CA-2013-163328,2013-05-11,2013-07-11,Second Class,TP-21565,Tracy Poddar,Corporate,United States,Eugene,Oregon,97405,West,FUR-CH-10000229,Furniture,Chairs,Global Enterprise Series Seating High-Back Swivel/Tilt Chairs,650.352,3,0.2,-97.5528
6310,CA-2013-163328,2013-05-11,2013-07-11,Second Class,TP-21565,Tracy Poddar,Corporate,United States,Eugene,Oregon,97405,West,OFF-LA-10003930,Office Supplies,Labels,"Dot Matrix Printer Tape Reel Labels, White, 5000/Box",629.184,8,0.2,228.0792
6311,CA-2013-163328,2013-05-11,2013-07-11,Second Class,TP-21565,Tracy Poddar,Corporate,United States,Eugene,Oregon,97405,West,OFF-PA-10000176,Office Supplies,Paper,Xerox 1887,15.176,1,0.2,5.3116
6312,CA-2011-112837,2011-11-09,,Standard Class,LW-17125,Liz Willingham,Consumer,United States,Oxnard,California,93030,West,FUR-FU-10004006,Furniture,Furnishings,"Deflect-o DuraMat Lighweight, Studded, Beveled Mat for Low Pile Carpeting",127.95,3,0.0,21.7515
6323,CA-2011-141299,2011-03-06,2011-07-06,Second Class,RB-19795,Ross Baird,Home Office,United States,Midland,Michigan,48640,Central,OFF-EN-10004459,Office Supplies,Envelopes,Security-Tint Envelopes,15.28,2,0.0,7.4872
6335,CA-2011-133305,2011-11-07,,Standard Class,MH-17455,Mark Hamilton,Consumer,United States,New York City,New York,10011,East,OFF-PA-10001970,Office Supplies,Paper,Xerox 1881,49.12,4,0.0,23.0864
6336,CA-2011-133305,2011-11-07,,Standard Class,MH-17455,Mark Hamilton,Consumer,United States,New York City,New York,10011,East,OFF-BI-10002954,Office Supplies,Binders,Newell 3-Hole Punched Plastic Slotted Magazine Holders for Binders,18.28,5,0.2,6.398
6339,CA-2014-143112,2014-06-10,2014-10-10,Standard Class,TS-21370,Todd Sumrall,Corporate,United States,New York City,New York,10035,East,TEC-PH-10003095,Technology,Phones,Samsung HM1900 Bluetooth Headset,87.8,4,0.0,43.9
6340,CA-2014-143112,2014-06-10,2014-10-10,Standard Class,TS-21370,Todd Sumrall,Corporate,United States,New York City,New York,10035,East,FUR-CH-10002880,Furniture,Chairs,"Global High-Back Leather Tilter, Burgundy",221.382,2,0.1,2.4598
6341,CA-2014-143112,2014-06-10,2014-10-10,Standard Class,TS-21370,Todd Sumrall,Corporate,United States,New York City,New York,10035,East,TEC-MA-10001047,Technology,Machines,"3D Systems Cube Printer, 2nd Generation, Magenta",5199.96,4,0.0,1351.9896
6342,US-2014-105830,2014-01-01,2014-03-01,First Class,DB-13660,Duane Benoit,Consumer,United States,Lancaster,Ohio,43130,East,OFF-ST-10002554,Office Supplies,Storage,Tennsco Industrial Shelving,156.512,4,0.2,-35.2152
6343,CA-2012-146255,2012-07-03,2012-10-03,First Class,EM-14140,Eugene Moren,Home Office,United States,Newark,Delaware,19711,East,TEC-AC-10004469,Technology,Accessories,Microsoft Sculpt Comfort Mouse,119.85,3,0.0,52.734
6344,CA-2012-146255,2012-07-03,2012-10-03,First Class,EM-14140,Eugene Moren,Home Office,United States,Newark,Delaware,19711,East,OFF-BI-10000309,Office Supplies,Binders,"GBC Twin Loop Wire Binding Elements, 9/16"" Spine, Black",30.44,2,0.0,14.9156
6345,CA-2012-146255,2012-07-03,2012-10-03,First Class,EM-14140,Eugene Moren,Home Office,United States,Newark,Delaware,19711,East,OFF-BI-10001765,Office Supplies,Binders,Wilson Jones Heavy-Duty Casebound Ring Binders with Metal Hinges,69.28,2,0.0,33.2544
6346,CA-2012-146255,2012-07-03,2012-10-03,First Class,EM-14140,Eugene Moren,Home Office,United States,Newark,Delaware,19711,East,TEC-PH-10001619,Technology,Phones,LG G3,587.97,3,0.0,170.5113
6348,CA-2012-104486,2012-01-05,2012-06-05,Standard Class,PO-18850,Patrick O'Brill,Consumer,United States,San Francisco,California,94109,West,OFF-BI-10000309,Office Supplies,Binders,"GBC Twin Loop Wire Binding Elements, 9/16"" Spine, Black",12.176,1,0.2,4.4138
6349,CA-2012-104486,2012-01-05,2012-06-05,Standard Class,PO-18850,Patrick O'Brill,Consumer,United States,San Francisco,California,94109,West,OFF-ST-10000876,Office Supplies,Storage,Eldon Simplefile Box Office,37.32,3,0.0,10.4496
6350,CA-2012-104486,2012-01-05,2012-06-05,Standard Class,PO-18850,Patrick O'Brill,Consumer,United States,San Francisco,California,94109,West,OFF-SU-10002573,Office Supplies,Supplies,"Acme 10"" Easy Grip Assistive Scissors",35.06,2,0.0,10.518
6351,CA-2014-161557,2014-04-09,2014-09-09,Standard Class,AG-10900,Arthur Gainer,Consumer,United States,Dallas,Texas,75217,Central,FUR-FU-10004622,Furniture,Furnishings,Eldon Advantage Foldable Chair Mats for Low Pile Carpets,108.4,5,0.6,-105.69
6352,CA-2014-161130,2014-04-11,2014-09-11,Standard Class,BF-11275,Beth Fritzler,Corporate,United States,Miami,Florida,33178,South,TEC-PH-10002549,Technology,Phones,Polycom SoundPoint IP 450 VoIP phone,361.376,2,0.2,27.1032
6354,US-2012-109015,2012-06-09,2012-12-09,Standard Class,BS-11590,Brendan Sweed,Corporate,United States,New York City,New York,10011,East,OFF-AP-10001962,Office Supplies,Appliances,Black & Decker Filter for Double Action Dustbuster Cordless Vac BLDV7210,8.39,1,0.0,2.0975
6355,US-2012-109015,2012-06-09,2012-12-09,Standard Class,BS-11590,Brendan Sweed,Corporate,United States,New York City,New York,10011,East,TEC-PH-10002922,Technology,Phones,ShoreTel ShorePhone IP 230 VoIP phone,337.98,2,0.0,101.394
6356,CA-2011-110611,2011-06-10,,Standard Class,JD-16015,Joy Daniels,Consumer,United States,Philadelphia,Pennsylvania,19120,East,OFF-ST-10000642,Office Supplies,Storage,"Tennsco Lockers, Gray",83.92,5,0.2,-13.637
6361,CA-2012-115693,2012-10-12,,Standard Class,FC-14245,Frank Carlisle,Home Office,United States,Los Angeles,California,90032,West,OFF-AR-10003582,Office Supplies,Art,"Boston Electric Pencil Sharpener, Model 1818, Charcoal Black",56.3,2,0.0,15.764
6366,CA-2014-144848,2014-05-04,2014-06-04,First Class,DS-13030,Darrin Sayre,Home Office,United States,New York City,New York,10009,East,TEC-PH-10004006,Technology,Phones,Panasonic KX - TS880B Telephone,41.22,1,0.0,11.1294
6367,CA-2014-144848,2014-05-04,2014-06-04,First Class,DS-13030,Darrin Sayre,Home Office,United States,New York City,New York,10009,East,OFF-SU-10000646,Office Supplies,Supplies,Premier Automatic Letter Opener,240.37,1,0.0,7.2111
6368,CA-2014-144848,2014-05-04,2014-06-04,First Class,DS-13030,Darrin Sayre,Home Office,United States,New York City,New York,10009,East,TEC-PH-10002262,Technology,Phones,LG Electronics Tone+ HBS-730 Bluetooth Headset,119.02,2,0.0,33.3256
6370,CA-2013-103919,2013-04-10,2013-08-10,Standard Class,TP-21565,Tracy Poddar,Corporate,United States,Grand Prairie,Texas,75051,Central,FUR-FU-10001756,Furniture,Furnishings,"Eldon Expressions Desk Accessory, Wood Photo Frame, Mahogany",38.08,5,0.6,-29.512
6372,CA-2014-143035,2014-04-10,2014-06-10,Second Class,CC-12430,Chuck Clark,Home Office,United States,New York City,New York,10009,East,FUR-FU-10001934,Furniture,Furnishings,Magnifier Swing Arm Lamp,83.92,4,0.0,21.8192
6373,CA-2014-143035,2014-04-10,2014-06-10,Second Class,CC-12430,Chuck Clark,Home Office,United States,New York City,New York,10009,East,OFF-AR-10001130,Office Supplies,Art,"Quartet Alpha White Chalk, 12/Pack",6.63,3,0.0,3.1161
6374,CA-2014-143035,2014-04-10,2014-06-10,Second Class,CC-12430,Chuck Clark,Home Office,United States,New York City,New York,10009,East,TEC-AC-10002049,Technology,Accessories,Logitech G19 Programmable Gaming Keyboard,371.97,3,0.0,66.9546
6377,CA-2013-163216,2013-08-10,2013-11-10,First Class,AW-10930,Arthur Wiediger,Home Office,United States,Philadelphia,Pennsylvania,19143,East,OFF-LA-10000134,Office Supplies,Labels,Avery 511,4.928,2,0.2,1.7248
6379,CA-2014-150623,2014-11-04,,Standard Class,DB-13360,Dennis Bolton,Home Office,United States,Waterbury,Connecticut,6708,East,TEC-AC-10004571,Technology,Accessories,Logitech G700s Rechargeable Gaming Mouse,99.99,1,0.0,41.9958
6380,CA-2014-150623,2014-11-04,,Standard Class,DB-13360,Dennis Bolton,Home Office,United States,Waterbury,Connecticut,6708,East,OFF-ST-10003692,Office Supplies,Storage,Recycled Steel Personal File for Hanging File Folders,286.15,5,0.0,71.5375
6381,US-2011-163797,2011-08-04,,Standard Class,PC-19000,Pauline Chand,Home Office,United States,Chandler,Arizona,85224,West,OFF-FA-10001883,Office Supplies,Fasteners,"Alliance Super-Size Bands, Assorted Sizes",49.792,8,0.2,-11.8256
6390,CA-2012-147529,2012-07-02,2012-11-02,Standard Class,DK-12835,Damala Kotsonis,Corporate,United States,Springfield,Virginia,22153,South,OFF-EN-10000056,Office Supplies,Envelopes,Cameo Buff Policy Envelopes,311.15,5,0.0,146.2405
6391,CA-2012-147529,2012-07-02,2012-11-02,Standard Class,DK-12835,Damala Kotsonis,Corporate,United States,Springfield,Virginia,22153,South,OFF-PA-10003349,Office Supplies,Paper,Xerox 1957,12.96,2,0.0,6.3504
6398,CA-2014-131632,2014-01-11,2014-05-11,Standard Class,AH-10120,Adrian Hane,Home Office,United States,Dallas,Texas,75217,Central,OFF-AR-10003651,Office Supplies,Art,Newell 350,5.248,2,0.2,0.5904
6399,CA-2014-151981,2014-07-08,,Standard Class,GM-14455,Gary Mitchum,Home Office,United States,Concord,New Hampshire,3301,East,TEC-PH-10003601,Technology,Phones,"Ativa D5772 2-Line 5.8GHz Digital Expandable Corded/Cordless Phone System with Answering & Caller ID/Call Waiting, Black/Silver",824.95,5,0.0,247.485
6400,CA-2014-151981,2014-07-08,,Standard Class,GM-14455,Gary Mitchum,Home Office,United States,Concord,New Hampshire,3301,East,OFF-LA-10002195,Office Supplies,Labels,Avery 481,24.64,8,0.0,11.8272
6401,CA-2014-151981,2014-07-08,,Standard Class,GM-14455,Gary Mitchum,Home Office,United States,Concord,New Hampshire,3301,East,OFF-AR-10000380,Office Supplies,Art,"Hunt PowerHouse Electric Pencil Sharpener, Blue",227.88,6,0.0,68.364
6406,CA-2014-154074,2014-01-09,2014-03-09,Second Class,BW-11110,Bart Watters,Corporate,United States,Spokane,Washington,99207,West,FUR-CH-10002331,Furniture,Chairs,Hon 4700 Series Mobuis Mid-Back Task Chairs with Adjustable Arms,569.568,2,0.2,7.1196
6407,CA-2014-154074,2014-01-09,2014-03-09,Second Class,BW-11110,Bart Watters,Corporate,United States,Spokane,Washington,99207,West,OFF-ST-10002370,Office Supplies,Storage,"Sortfiler Multipurpose Personal File Organizer, Black",149.73,7,0.0,43.4217
6415,CA-2014-142671,2014-11-11,,Second Class,DR-12940,Daniel Raglin,Home Office,United States,Hollywood,Florida,33021,South,OFF-BI-10004099,Office Supplies,Binders,GBC VeloBinder Strips,11.52,5,0.7,-7.68
6417,CA-2013-111976,2013-09-03,,Standard Class,BD-11620,Brian DeCherney,Consumer,United States,Philadelphia,Pennsylvania,19120,East,TEC-PH-10002890,Technology,Phones,AT&T 17929 Lendline Telephone,108.576,4,0.4,-25.3344
6418,CA-2013-111976,2013-09-03,,Standard Class,BD-11620,Brian DeCherney,Consumer,United States,Philadelphia,Pennsylvania,19120,East,OFF-FA-10004968,Office Supplies,Fasteners,Rubber Band Ball,5.984,2,0.2,-1.3464
6419,CA-2013-140130,2013-01-11,2013-06-11,Standard Class,HW-14935,Helen Wasserman,Corporate,United States,Tulsa,Oklahoma,74133,Central,OFF-SU-10001218,Office Supplies,Supplies,Fiskars Softgrip Scissors,21.96,2,0.0,6.1488
6420,CA-2013-140130,2013-01-11,2013-06-11,Standard Class,HW-14935,Helen Wasserman,Corporate,United States,Tulsa,Oklahoma,74133,Central,FUR-CH-10002084,Furniture,Chairs,Hon Mobius Operator's Chair,368.97,3,0.0,81.1734
6421,CA-2013-140130,2013-01-11,2013-06-11,Standard Class,HW-14935,Helen Wasserman,Corporate,United States,Tulsa,Oklahoma,74133,Central,OFF-AR-10004269,Office Supplies,Art,Newell 31,12.39,3,0.0,3.4692
6422,CA-2013-140130,2013-01-11,2013-06-11,Standard Class,HW-14935,Helen Wasserman,Corporate,United States,Tulsa,Oklahoma,74133,Central,OFF-ST-10001128,Office Supplies,Storage,"Carina Mini System Audio Rack, Model AR050B",332.94,3,0.0,9.9882
6430,CA-2011-165764,2011-03-11,2011-07-11,Standard Class,SH-20395,Shahid Hopkins,Consumer,United States,Jacksonville,North Carolina,28540,South,OFF-ST-10001558,Office Supplies,Storage,Acco Perma 4000 Stacking Storage Drawers,25.984,2,0.2,-1.624
6431,CA-2011-165764,2011-03-11,2011-07-11,Standard Class,SH-20395,Shahid Hopkins,Consumer,United States,Jacksonville,North Carolina,28540,South,FUR-TA-10001768,Furniture,Tables,Hon Racetrack Conference Tables,945.036,6,0.4,-299.2614
6432,CA-2011-165764,2011-03-11,2011-07-11,Standard Class,SH-20395,Shahid Hopkins,Consumer,United States,Jacksonville,North Carolina,28540,South,OFF-BI-10002982,Office Supplies,Binders,Avery Self-Adhesive Photo Pockets for Polaroid Photos,14.301,7,0.7,-10.4874
6433,CA-2011-165764,2011-03-11,2011-07-11,Standard Class,SH-20395,Shahid Hopkins,Consumer,United States,Jacksonville,North Carolina,28540,South,FUR-FU-10001468,Furniture,Furnishings,Tenex Antistatic Computer Chair Mats,410.352,3,0.2,-51.294
6440,CA-2011-166891,2011-04-10,2011-06-10,First Class,CC-12220,Chris Cortes,Consumer,United States,New York City,New York,10024,East,FUR-CH-10003298,Furniture,Chairs,"Office Star - Contemporary Task Swivel chair with Loop Arms, Charcoal",589.41,5,0.1,-6.549
6446,CA-2012-151785,2012-05-03,2012-10-03,Standard Class,JJ-15445,Jennifer Jackson,Consumer,United States,Chicago,Illinois,60623,Central,OFF-FA-10000611,Office Supplies,Fasteners,Binder Clips by OIC,7.104,6,0.2,2.4864
6447,US-2014-119816,2014-05-03,2014-07-03,Second Class,TT-21460,Tonja Turnell,Home Office,United States,Houston,Texas,77095,Central,FUR-FU-10004848,Furniture,Furnishings,"Howard Miller 13-3/4"" Diameter Brushed Chrome Round Wall Clock",103.5,5,0.6,-77.625
6448,US-2014-119816,2014-05-03,2014-07-03,Second Class,TT-21460,Tonja Turnell,Home Office,United States,Houston,Texas,77095,Central,OFF-LA-10002381,Office Supplies,Labels,Avery 497,2.464,1,0.2,0.8624
6449,US-2014-119816,2014-05-03,2014-07-03,Second Class,TT-21460,Tonja Turnell,Home Office,United States,Houston,Texas,77095,Central,OFF-ST-10000918,Office Supplies,Storage,Crate-A-Files,8.72,1,0.2,0.654
6454,CA-2012-125710,2012-08-10,,Standard Class,BT-11680,Brian Thompson,Consumer,United States,Houston,Texas,77036,Central,OFF-AR-10000657,Office Supplies,Art,"Binney & Smith inkTank Desk Highlighter, Chisel Tip, Yellow, 12/Box",3.44,2,0.2,0.559
6455,CA-2014-161102,2014-01-08,2014-04-08,First Class,EC-14050,Erin Creighton,Consumer,United States,San Francisco,California,94110,West,OFF-ST-10003442,Office Supplies,Storage,Eldon Portable Mobile Manager,56.56,2,0.0,15.2712
6456,CA-2014-161102,2014-01-08,2014-04-08,First Class,EC-14050,Erin Creighton,Consumer,United States,San Francisco,California,94110,West,FUR-FU-10003142,Furniture,Furnishings,"Master Big Foot Doorstop, Beige",36.96,7,0.0,11.4576
6457,CA-2011-110065,2011-05-08,2011-11-08,Standard Class,SP-20650,Stephanie Phelps,Corporate,United States,New York City,New York,10009,East,TEC-PH-10002468,Technology,Phones,"Plantronics CS 50-USB - headset - Convertible, Monaural",135.99,1,0.0,36.7173
6458,CA-2011-110065,2011-05-08,2011-11-08,Standard Class,SP-20650,Stephanie Phelps,Corporate,United States,New York City,New York,10009,East,OFF-AR-10004165,Office Supplies,Art,"Binney & Smith inkTank Erasable Pocket Highlighter, Chisel Tip, Yellow",15.96,7,0.0,7.0224
6468,CA-2013-163804,2013-03-12,2013-09-12,Standard Class,DB-13270,Deborah Brumfield,Home Office,United States,Providence,Rhode Island,2908,East,OFF-ST-10000142,Office Supplies,Storage,Deluxe Rollaway Locking File with Drawer,2079.4,5,0.0,582.232
6469,CA-2013-163804,2013-03-12,2013-09-12,Standard Class,DB-13270,Deborah Brumfield,Home Office,United States,Providence,Rhode Island,2908,East,TEC-PH-10000441,Technology,Phones,VTech DS6151,629.95,5,0.0,176.386
6470,CA-2013-163804,2013-03-12,2013-09-12,Standard Class,DB-13270,Deborah Brumfield,Home Office,United States,Providence,Rhode Island,2908,East,FUR-FU-10004864,Furniture,Furnishings,Eldon 500 Class Desk Accessories,72.42,6,0.0,23.8986
6473,CA-2011-151897,2011-06-06,2011-10-06,Standard Class,VT-21700,Valerie Takahito,Home Office,United States,Houston,Texas,77070,Central,OFF-LA-10001074,Office Supplies,Labels,Round Specialty Laser Printer Labels,100.24,10,0.2,33.831
6476,CA-2014-140872,2014-04-06,2014-11-06,Standard Class,NR-18550,Nick Radford,Consumer,United States,Pembroke Pines,Florida,33024,South,OFF-BI-10002432,Office Supplies,Binders,Wilson Jones Standard D-Ring Binders,4.554,3,0.7,-3.4914
6477,CA-2014-140872,2014-04-06,2014-11-06,Standard Class,NR-18550,Nick Radford,Consumer,United States,Pembroke Pines,Florida,33024,South,OFF-AP-10003622,Office Supplies,Appliances,"Bravo II Megaboss 12-Amp Hard Body Upright, Replacement Belts, 2 Belts per Pack",5.2,2,0.2,0.585
6478,CA-2014-140872,2014-04-06,2014-11-06,Standard Class,NR-18550,Nick Radford,Consumer,United States,Pembroke Pines,Florida,33024,South,TEC-AC-10003832,Technology,Accessories,Logitech P710e Mobile Speakerphone,205.992,1,0.2,-2.5749
6479,CA-2014-140872,2014-04-06,2014-11-06,Standard Class,NR-18550,Nick Radford,Consumer,United States,Pembroke Pines,Florida,33024,South,OFF-PA-10000809,Office Supplies,Paper,Xerox 206,15.552,3,0.2,5.4432
6480,CA-2014-140872,2014-04-06,2014-11-06,Standard Class,NR-18550,Nick Radford,Consumer,United States,Pembroke Pines,Florida,33024,South,TEC-PH-10000441,Technology,Phones,VTech DS6151,503.96,5,0.2,50.396
6481,CA-2014-140872,2014-04-06,2014-11-06,Standard Class,NR-18550,Nick Radford,Consumer,United States,Pembroke Pines,Florida,33024,South,OFF-AP-10002287,Office Supplies,Appliances,"Eureka Sanitaire  Multi-Pro Heavy-Duty Upright, Disposable Bags",24.472,7,0.2,1.8354
6482,CA-2014-140872,2014-04-06,2014-11-06,Standard Class,NR-18550,Nick Radford,Consumer,United States,Pembroke Pines,Florida,33024,South,FUR-BO-10002824,Furniture,Bookcases,Bush Mission Pointe Library,241.568,2,0.2,0.0
6483,CA-2014-140872,2014-04-06,2014-11-06,Standard Class,NR-18550,Nick Radford,Consumer,United States,Pembroke Pines,Florida,33024,South,TEC-AC-10002942,Technology,Accessories,WD My Passport Ultra 1TB Portable External Hard Drive,110.4,2,0.2,-4.14
6484,CA-2014-113908,2014-04-06,2014-10-06,Standard Class,KN-16390,Katherine Nockton,Corporate,United States,New York City,New York,10011,East,FUR-TA-10001932,Furniture,Tables,"Chromcraft 48"" x 96"" Racetrack Double Pedestal Table",384.768,2,0.4,-115.4304
6485,CA-2014-113908,2014-04-06,2014-10-06,Standard Class,KN-16390,Katherine Nockton,Corporate,United States,New York City,New York,10011,East,TEC-MA-10003173,Technology,Machines,Hewlett-Packard 300S Scientific Calculator,78.66,6,0.0,36.1836
6486,CA-2014-113908,2014-04-06,2014-10-06,Standard Class,KN-16390,Katherine Nockton,Corporate,United States,New York City,New York,10011,East,OFF-PA-10004156,Office Supplies,Paper,Xerox 188,45.36,4,0.0,22.2264
6502,CA-2011-129147,2011-02-11,2011-06-11,Standard Class,LC-17050,Liz Carlisle,Consumer,United States,Medina,Ohio,44256,East,TEC-PH-10001299,Technology,Phones,Polycom CX300 Desktop Phone USB VoIP phone,539.964,6,0.4,-107.9928
6503,CA-2011-129147,2011-02-11,2011-06-11,Standard Class,LC-17050,Liz Carlisle,Consumer,United States,Medina,Ohio,44256,East,TEC-PH-10001552,Technology,Phones,I Need's 3d Hello Kitty Hybrid Silicone Case Cover for HTC One X 4g with 3d Hello Kitty Stylus Pen Green/pink,50.232,7,0.4,-10.0464
6504,CA-2011-129147,2011-02-11,2011-06-11,Standard Class,LC-17050,Liz Carlisle,Consumer,United States,Medina,Ohio,44256,East,OFF-BI-10001098,Office Supplies,Binders,Acco D-Ring Binder w/DublLock,19.242,3,0.7,-13.4694
6507,US-2013-128909,2013-10-10,2013-12-10,Second Class,SP-20545,Sibella Parks,Corporate,United States,Philadelphia,Pennsylvania,19143,East,OFF-PA-10001593,Office Supplies,Paper,Xerox 1947,19.136,4,0.2,5.98
6508,US-2013-128909,2013-10-10,2013-12-10,Second Class,SP-20545,Sibella Parks,Corporate,United States,Philadelphia,Pennsylvania,19143,East,FUR-FU-10004071,Furniture,Furnishings,Luxo Professional Magnifying Clamp-On Fluorescent Lamps,332.832,4,0.2,-24.9624
6512,CA-2014-167640,2014-07-03,2014-11-03,Standard Class,FC-14245,Frank Carlisle,Home Office,United States,San Francisco,California,94109,West,OFF-AR-10003158,Office Supplies,Art,Fluorescent Highlighters by Dixon,23.88,6,0.0,8.1192
6513,CA-2014-167640,2014-07-03,2014-11-03,Standard Class,FC-14245,Frank Carlisle,Home Office,United States,San Francisco,California,94109,West,OFF-LA-10004559,Office Supplies,Labels,Avery 49,11.52,4,0.0,5.6448
6514,CA-2014-167640,2014-07-03,2014-11-03,Standard Class,FC-14245,Frank Carlisle,Home Office,United States,San Francisco,California,94109,West,OFF-PA-10001033,Office Supplies,Paper,Xerox 1893,286.93,7,0.0,140.5957
6515,CA-2014-167640,2014-07-03,2014-11-03,Standard Class,FC-14245,Frank Carlisle,Home Office,United States,San Francisco,California,94109,West,TEC-PH-10001336,Technology,Phones,Digium D40 VoIP phone,206.384,2,0.2,23.2182
6524,CA-2013-129308,2013-08-07,,Standard Class,CC-12100,Chad Cunningham,Home Office,United States,Philadelphia,Pennsylvania,19120,East,OFF-LA-10002945,Office Supplies,Labels,"Permanent Self-Adhesive File Folder Labels for Typewriters, 1 1/8 x 3 1/2, White",10.08,2,0.2,3.276
6525,CA-2013-129308,2013-08-07,,Standard Class,CC-12100,Chad Cunningham,Home Office,United States,Philadelphia,Pennsylvania,19120,East,TEC-PH-10002310,Technology,Phones,Panasonic KX T7731-B Digital phone,59.994,1,0.4,-12.9987
6526,CA-2013-129308,2013-08-07,,Standard Class,CC-12100,Chad Cunningham,Home Office,United States,Philadelphia,Pennsylvania,19120,East,OFF-BI-10001525,Office Supplies,Binders,"Acco Pressboard Covers with Storage Hooks, 14 7/8"" x 11"", Executive Red",5.715,5,0.7,-4.7625
6527,CA-2013-129308,2013-08-07,,Standard Class,CC-12100,Chad Cunningham,Home Office,United States,Philadelphia,Pennsylvania,19120,East,OFF-BI-10001308,Office Supplies,Binders,GBC Standard Plastic Binding Systems' Combs,9.42,5,0.7,-7.85
6532,US-2014-107384,2014-05-12,2014-09-12,Standard Class,TP-21130,Theone Pippenger,Consumer,United States,Rochester,Minnesota,55901,Central,OFF-AR-10001315,Office Supplies,Art,Newell 310,8.8,5,0.0,2.552
6533,US-2014-107384,2014-05-12,2014-09-12,Standard Class,TP-21130,Theone Pippenger,Consumer,United States,Rochester,Minnesota,55901,Central,TEC-AC-10004595,Technology,Accessories,First Data TMFD35 PIN Pad,142.8,1,0.0,29.988
6534,US-2014-107384,2014-05-12,2014-09-12,Standard Class,TP-21130,Theone Pippenger,Consumer,United States,Rochester,Minnesota,55901,Central,TEC-AC-10001539,Technology,Accessories,Logitech G430 Surround Sound Gaming Headset with Dolby 7.1 Technology,399.95,5,0.0,143.982
6548,CA-2011-113880,2011-01-03,2011-05-03,Standard Class,VF-21715,Vicky Freymann,Home Office,United States,Elmhurst,Illinois,60126,Central,FUR-CH-10000863,Furniture,Chairs,Novimex Swivel Fabric Task Chair,634.116,6,0.3,-172.1172
6549,CA-2011-113880,2011-01-03,2011-05-03,Standard Class,VF-21715,Vicky Freymann,Home Office,United States,Elmhurst,Illinois,60126,Central,OFF-PA-10003036,Office Supplies,Paper,"Black Print Carbonless 8 1/2"" x 8 1/4"" Rapid Memo Book",17.472,3,0.2,5.6784
6551,CA-2012-126739,2012-01-11,2012-03-11,Second Class,JH-16180,Justin Hirsh,Consumer,United States,New York City,New York,10035,East,FUR-CH-10000422,Furniture,Chairs,Global Highback Leather Tilter in Burgundy,327.564,4,0.1,21.8376
6559,CA-2012-166947,2012-05-06,2012-10-06,Standard Class,EB-13750,Edward Becker,Corporate,United States,Buffalo,New York,14215,East,FUR-CH-10004997,Furniture,Chairs,Hon Every-Day Series Multi-Task Chairs,1522.638,9,0.1,169.182
6562,CA-2014-144680,2014-01-04,2014-03-04,First Class,SC-20260,Scott Cohen,Corporate,United States,Arlington,Texas,76017,Central,OFF-AP-10003040,Office Supplies,Appliances,Fellowes 8 Outlet Superior Workstation Surge Protector w/o Phone/Fax/Modem Protection,33.62,5,0.8,-90.774
6563,CA-2011-166086,2011-07-05,2011-12-05,Standard Class,CT-11995,Carol Triggs,Consumer,United States,Lawrence,Massachusetts,1841,East,OFF-BI-10001078,Office Supplies,Binders,"Acco PRESSTEX Data Binder with Storage Hooks, Dark Blue, 14 7/8"" X 11""",16.14,3,0.0,7.9086
6564,CA-2011-166086,2011-07-05,2011-12-05,Standard Class,CT-11995,Carol Triggs,Consumer,United States,Lawrence,Massachusetts,1841,East,FUR-TA-10003469,Furniture,Tables,Balt Split Level Computer Training Table,194.25,2,0.3,-38.85
6565,CA-2011-166086,2011-07-05,2011-12-05,Standard Class,CT-11995,Carol Triggs,Consumer,United States,Lawrence,Massachusetts,1841,East,OFF-AR-10002578,Office Supplies,Art,Newell 335,8.64,3,0.0,2.5056
6566,CA-2011-166086,2011-07-05,2011-12-05,Standard Class,CT-11995,Carol Triggs,Consumer,United States,Lawrence,Massachusetts,1841,East,FUR-CH-10004675,Furniture,Chairs,"Lifetime Advantage Folding Chairs, 4/Carton",872.32,4,0.0,244.2496
6567,CA-2014-131282,2014-06-02,2014-09-02,Second Class,CB-12025,Cassandra Brandow,Consumer,United States,Waco,Texas,76706,Central,OFF-BI-10004632,Office Supplies,Binders,Ibico Hi-Tech Manual Binding System,243.992,4,0.8,-426.986
6568,CA-2014-131282,2014-06-02,2014-09-02,Second Class,CB-12025,Cassandra Brandow,Consumer,United States,Waco,Texas,76706,Central,OFF-AR-10003087,Office Supplies,Art,Staples,7.12,5,0.2,0.712
6573,CA-2013-161543,2013-11-05,,Standard Class,RD-19720,Roger Demir,Consumer,United States,Seattle,Washington,98105,West,OFF-PA-10003971,Office Supplies,Paper,Xerox 1965,11.96,2,0.0,5.8604
6576,CA-2014-123085,2014-04-03,2014-09-03,Standard Class,EJ-13720,Ed Jacobs,Consumer,United States,Los Angeles,California,90008,West,TEC-AC-10000990,Technology,Accessories,Imation Bio 2GB USB Flash Drive Imation Corp,1049.44,8,0.0,440.7648
6577,CA-2014-123085,2014-04-03,2014-09-03,Standard Class,EJ-13720,Ed Jacobs,Consumer,United States,Los Angeles,California,90008,West,FUR-CH-10003968,Furniture,Chairs,Novimex Turbo Task Chair,170.352,3,0.2,-17.0352
6578,CA-2012-153752,2012-06-12,2012-11-12,Second Class,RO-19780,Rose O'Brian,Consumer,United States,Arlington,Virginia,22204,South,TEC-PH-10001615,Technology,Phones,AT&T CL82213,173.94,6,0.0,50.4426
6583,CA-2013-148516,2013-08-08,2013-12-08,Standard Class,DW-13585,Dorothy Wardle,Corporate,United States,Edmonds,Washington,98026,West,TEC-AC-10003610,Technology,Accessories,Logitech Illuminated - Keyboard,179.97,3,0.0,86.3856
6595,CA-2012-146290,2012-04-05,2012-11-05,Standard Class,SV-20815,Stuart Van,Corporate,United States,Indianapolis,Indiana,46203,Central,OFF-AR-10001897,Office Supplies,Art,Model L Table or Wall-Mount Pencil Sharpener,125.93,7,0.0,35.2604
6598,CA-2011-169257,2011-06-06,2011-12-06,Standard Class,SV-20785,Stewart Visinsky,Consumer,United States,Jacksonville,Florida,32216,South,OFF-BI-10002557,Office Supplies,Binders,Presstex Flexible Ring Binders,1.365,1,0.7,-0.91
6599,CA-2011-169257,2011-06-06,2011-12-06,Standard Class,SV-20785,Stewart Visinsky,Consumer,United States,Jacksonville,Florida,32216,South,OFF-PA-10002319,Office Supplies,Paper,Xerox 1944,62.016,2,0.2,22.4808
6600,CA-2011-154095,2011-02-12,2011-07-12,Standard Class,ON-18715,Odella Nelson,Corporate,United States,Clinton,Maryland,20735,East,FUR-FU-10003849,Furniture,Furnishings,"DAX Metal Frame, Desktop, Stepped-Edge",60.72,3,0.0,23.6808
6601,CA-2011-154095,2011-02-12,2011-07-12,Standard Class,ON-18715,Odella Nelson,Corporate,United States,Clinton,Maryland,20735,East,OFF-PA-10002923,Office Supplies,Paper,Xerox 1942,146.82,3,0.0,73.41
6602,CA-2011-154095,2011-02-12,2011-07-12,Standard Class,ON-18715,Odella Nelson,Corporate,United States,Clinton,Maryland,20735,East,FUR-CH-10004754,Furniture,Chairs,"Global Stack Chair with Arms, Black",239.84,8,0.0,64.7568
6603,CA-2011-154095,2011-02-12,2011-07-12,Standard Class,ON-18715,Odella Nelson,Corporate,United States,Clinton,Maryland,20735,East,OFF-LA-10000634,Office Supplies,Labels,Avery 509,15.66,6,0.0,7.2036
6610,US-2012-118906,2012-10-03,2012-10-03,Same Day,KB-16585,Ken Black,Corporate,United States,Clinton,Maryland,20735,East,OFF-ST-10002406,Office Supplies,Storage,Pizazz Global Quick File,89.82,6,0.0,25.1496
6623,CA-2011-130449,2011-06-09,2011-09-09,First Class,VP-21760,Victoria Pisteka,Corporate,United States,San Francisco,California,94109,West,FUR-FU-10001487,Furniture,Furnishings,"Eldon Expressions Wood and Plastic Desk Accessories, Cherry Wood",41.88,6,0.0,12.1452
6624,CA-2011-130449,2011-06-09,2011-09-09,First Class,VP-21760,Victoria Pisteka,Corporate,United States,San Francisco,California,94109,West,OFF-LA-10001934,Office Supplies,Labels,Avery 516,58.48,8,0.0,27.4856
6630,CA-2012-125696,2012-02-10,2012-06-10,Standard Class,NP-18685,Nora Pelletier,Home Office,United States,Wilson,North Carolina,27893,South,OFF-BI-10001757,Office Supplies,Binders,Pressboard Hanging Data Binders for Unburst Sheets,7.38,5,0.7,-5.412
6633,US-2013-146857,2013-07-05,2013-09-05,Second Class,BE-11455,Brad Eason,Home Office,United States,Springfield,Missouri,65807,Central,OFF-AP-10001205,Office Supplies,Appliances,Belkin 5 Outlet SurgeMaster Power Centers,54.48,1,0.0,15.2544
6635,CA-2014-144498,2014-07-05,2014-07-05,Same Day,MB-18085,Mick Brown,Consumer,United States,Charlotte,North Carolina,28205,South,OFF-BI-10003982,Office Supplies,Binders,Wilson Jones Century Plastic Molded Ring Binders,68.541,11,0.7,-52.5481
6636,CA-2014-144498,2014-07-05,2014-07-05,Same Day,MB-18085,Mick Brown,Consumer,United States,Charlotte,North Carolina,28205,South,TEC-PH-10004977,Technology,Phones,GE 30524EE4,627.168,4,0.2,70.5564
6637,CA-2014-144498,2014-07-05,2014-07-05,Same Day,MB-18085,Mick Brown,Consumer,United States,Charlotte,North Carolina,28205,South,OFF-LA-10003510,Office Supplies,Labels,"Avery 4027 File Folder Labels for Dot Matrix Printers, 5000 Labels per Box, White",122.12,5,0.2,39.689
6641,CA-2014-128328,2014-06-08,2014-10-08,Standard Class,PO-18865,Patrick O'Donnell,Consumer,United States,Indianapolis,Indiana,46203,Central,OFF-BI-10001989,Office Supplies,Binders,Premium Transparent Presentation Covers by GBC,125.88,6,0.0,60.4224
6642,CA-2014-128328,2014-06-08,2014-10-08,Standard Class,PO-18865,Patrick O'Donnell,Consumer,United States,Indianapolis,Indiana,46203,Central,TEC-AC-10001714,Technology,Accessories,Logitech MX Performance Wireless Mouse,79.78,2,0.0,29.5186
6643,CA-2014-128328,2014-06-08,2014-10-08,Standard Class,PO-18865,Patrick O'Donnell,Consumer,United States,Indianapolis,Indiana,46203,Central,OFF-LA-10003498,Office Supplies,Labels,Avery 475,133.2,9,0.0,66.6
6644,US-2012-156496,2012-10-08,,Standard Class,WB-21850,William Brown,Consumer,United States,Redmond,Oregon,97756,West,TEC-PH-10000576,Technology,Phones,AT&T 1080 Corded phone,438.368,4,0.2,38.3572
6645,US-2012-156496,2012-10-08,,Standard Class,WB-21850,William Brown,Consumer,United States,Redmond,Oregon,97756,West,TEC-PH-10004188,Technology,Phones,OtterBox Commuter Series Case - Samsung Galaxy S4,139.944,7,0.2,-31.4874
6646,US-2012-156496,2012-10-08,,Standard Class,WB-21850,William Brown,Consumer,United States,Redmond,Oregon,97756,West,OFF-AP-10001469,Office Supplies,Appliances,Fellowes 8 Outlet Superior Workstation Surge Protector,133.472,4,0.2,15.0156
6649,US-2014-124779,2014-09-09,2014-12-09,First Class,BF-11020,Barry Französisch,Corporate,United States,Arlington,Texas,76017,Central,OFF-BI-10002429,Office Supplies,Binders,"Premier Elliptical Ring Binder, Black",42.616,7,0.8,-68.1856
6650,US-2014-124779,2014-09-09,2014-12-09,First Class,BF-11020,Barry Französisch,Corporate,United States,Arlington,Texas,76017,Central,TEC-CO-10001943,Technology,Copiers,Canon PC-428 Personal Copier,319.984,2,0.2,107.9946
6651,US-2014-124779,2014-09-09,2014-12-09,First Class,BF-11020,Barry Französisch,Corporate,United States,Arlington,Texas,76017,Central,OFF-FA-10004854,Office Supplies,Fasteners,"Vinyl Coated Wire Paper Clips in Organizer Box, 800/Box",45.92,5,0.2,15.498
6652,US-2014-124779,2014-09-09,2014-12-09,First Class,BF-11020,Barry Französisch,Corporate,United States,Arlington,Texas,76017,Central,FUR-FU-10001095,Furniture,Furnishings,DAX Black Cherry Wood-Tone Poster Frame,21.184,2,0.6,-11.6512
6653,US-2014-124779,2014-09-09,2014-12-09,First Class,BF-11020,Barry Französisch,Corporate,United States,Arlington,Texas,76017,Central,OFF-PA-10000061,Office Supplies,Paper,Xerox 205,20.736,4,0.2,7.2576
6654,US-2014-124779,2014-09-09,2014-12-09,First Class,BF-11020,Barry Französisch,Corporate,United States,Arlington,Texas,76017,Central,FUR-CH-10003535,Furniture,Chairs,"Global Armless Task Chair, Royal Blue",213.43,5,0.3,-39.637
6661,CA-2012-129322,2012-08-08,2012-10-08,Second Class,DB-13405,Denny Blanton,Consumer,United States,Lawrence,Massachusetts,1841,East,OFF-AR-10004587,Office Supplies,Art,"Boston 1827 Commercial Additional Cutter, Drive Gear & Gear Rack for 1606",39.66,2,0.0,11.898
6662,CA-2012-129322,2012-08-08,2012-10-08,Second Class,DB-13405,Denny Blanton,Consumer,United States,Lawrence,Massachusetts,1841,East,OFF-AP-10004336,Office Supplies,Appliances,"Conquest 14 Commercial Heavy-Duty Upright Vacuum, Collection System, Accessory Kit",113.92,2,0.0,33.0368
6663,CA-2012-129322,2012-08-08,2012-10-08,Second Class,DB-13405,Denny Blanton,Consumer,United States,Lawrence,Massachusetts,1841,East,OFF-BI-10001718,Office Supplies,Binders,GBC DocuBind P50 Personal Binding Machine,447.86,7,0.0,210.4942
6673,CA-2012-153794,2012-11-09,,Standard Class,SB-20290,Sean Braxton,Corporate,United States,San Diego,California,92024,West,OFF-AR-10000380,Office Supplies,Art,"Hunt PowerHouse Electric Pencil Sharpener, Blue",265.86,7,0.0,79.758
6674,CA-2012-135510,2012-05-09,2012-12-09,Standard Class,TW-21025,Tamara Willingham,Home Office,United States,Charlottesville,Virginia,22901,South,FUR-FU-10000820,Furniture,Furnishings,Tensor Brushed Steel Torchiere Floor Lamp,67.96,4,0.0,12.2328
6679,CA-2011-150329,2011-10-10,,Standard Class,SD-20485,Shirley Daniels,Home Office,United States,Phoenix,Arizona,85023,West,FUR-FU-10003724,Furniture,Furnishings,Westinghouse Clip-On Gooseneck Lamps,46.872,7,0.2,3.5154
6680,CA-2014-145037,2014-03-09,2014-08-09,Second Class,TB-21055,Ted Butterfield,Consumer,United States,Meriden,Connecticut,6450,East,OFF-ST-10000918,Office Supplies,Storage,Crate-A-Files,10.9,1,0.0,2.834
6681,CA-2014-145037,2014-03-09,2014-08-09,Second Class,TB-21055,Ted Butterfield,Consumer,United States,Meriden,Connecticut,6450,East,OFF-PA-10000157,Office Supplies,Paper,Xerox 191,79.92,4,0.0,37.5624
6682,CA-2014-145037,2014-03-09,2014-08-09,Second Class,TB-21055,Ted Butterfield,Consumer,United States,Meriden,Connecticut,6450,East,OFF-PA-10002499,Office Supplies,Paper,Xerox 1890,146.82,3,0.0,73.41
6683,CA-2014-154466,2014-02-01,2014-03-01,First Class,DP-13390,Dennis Pardue,Home Office,United States,Franklin,Wisconsin,53132,Central,OFF-BI-10002012,Office Supplies,Binders,Wilson Jones Easy Flow II Sheet Lifters,3.6,2,0.0,1.728
6684,CA-2011-109134,2011-05-11,2011-10-11,Standard Class,DE-13255,Deanra Eno,Home Office,United States,Los Angeles,California,90008,West,FUR-FU-10000320,Furniture,Furnishings,OIC Stacking Trays,20.04,6,0.0,8.8176
6689,CA-2014-140494,2014-11-03,,Second Class,CM-11815,Candace McMahon,Corporate,United States,San Francisco,California,94109,West,TEC-AC-10004568,Technology,Accessories,Maxell LTO Ultrium - 800 GB,111.96,4,0.0,21.2724
6690,CA-2014-104108,2014-03-12,2014-10-12,Standard Class,RP-19855,Roy Phan,Corporate,United States,Houston,Texas,77095,Central,OFF-AR-10000817,Office Supplies,Art,Manco Dry-Lighter Erasable Highlighter,12.16,5,0.2,2.128
6691,US-2014-165869,2014-01-08,2014-06-08,Standard Class,LS-17200,Luke Schmidt,Corporate,United States,Milwaukee,Wisconsin,53209,Central,OFF-BI-10003460,Office Supplies,Binders,Acco 3-Hole Punch,17.52,4,0.0,8.4096
6692,US-2014-165869,2014-01-08,2014-06-08,Standard Class,LS-17200,Luke Schmidt,Corporate,United States,Milwaukee,Wisconsin,53209,Central,OFF-AP-10002472,Office Supplies,Appliances,3M Office Air Cleaner,155.88,6,0.0,54.558
6693,CA-2014-160899,2014-12-08,,Second Class,DR-12940,Daniel Raglin,Home Office,United States,Lake Charles,Louisiana,70601,South,OFF-BI-10000632,Office Supplies,Binders,Satellite Sectional Post Binders,477.51,11,0.0,219.6546
6694,CA-2014-144225,2014-01-10,2014-03-10,Second Class,CC-12475,Cindy Chapman,Consumer,United States,Baltimore,Maryland,21215,East,OFF-PA-10000062,Office Supplies,Paper,Green Bar Computer Printout Paper,164.88,3,0.0,80.7912
6696,US-2013-155103,2013-03-12,2013-08-12,Standard Class,JF-15190,Jamie Frazer,Consumer,United States,New York City,New York,10024,East,OFF-BI-10004318,Office Supplies,Binders,Ibico EB-19 Dual Function Manual Binding System,415.176,3,0.2,134.9322
6697,US-2013-155103,2013-03-12,2013-08-12,Standard Class,JF-15190,Jamie Frazer,Consumer,United States,New York City,New York,10024,East,OFF-BI-10004236,Office Supplies,Binders,"XtraLife ClearVue Slant-D Ring Binder, White, 3""",35.232,3,0.2,11.4504
6698,US-2013-155103,2013-03-12,2013-08-12,Standard Class,JF-15190,Jamie Frazer,Consumer,United States,New York City,New York,10024,East,OFF-PA-10000062,Office Supplies,Paper,Green Bar Computer Printout Paper,54.96,1,0.0,26.9304
6707,CA-2013-112277,2013-11-09,,Standard Class,SC-20695,Steve Chapman,Corporate,United States,Fort Lauderdale,Florida,33311,South,TEC-PH-10003505,Technology,Phones,Geemarc AmpliPOWER60,519.68,7,0.2,58.464
6711,CA-2013-149503,2013-10-12,,First Class,SP-20650,Stephanie Phelps,Corporate,United States,Stockton,California,95207,West,OFF-BI-10002133,Office Supplies,Binders,"Wilson Jones Elliptical Ring 3 1/2"" Capacity Binders, 800 sheets",273.92,8,0.2,99.296
6717,CA-2013-134789,2013-09-04,,Standard Class,CK-12325,Christine Kargatis,Home Office,United States,Hot Springs,Arkansas,71901,South,OFF-FA-10002280,Office Supplies,Fasteners,Advantus Plastic Paper Clips,30.0,6,0.0,14.4
6718,CA-2013-134789,2013-09-04,,Standard Class,CK-12325,Christine Kargatis,Home Office,United States,Hot Springs,Arkansas,71901,South,OFF-PA-10001934,Office Supplies,Paper,Xerox 1993,25.92,4,0.0,12.7008
6719,CA-2013-134789,2013-09-04,,Standard Class,CK-12325,Christine Kargatis,Home Office,United States,Hot Springs,Arkansas,71901,South,FUR-FU-10003268,Furniture,Furnishings,Eldon Radial Chair Mat for Low to Medium Pile Carpets,159.92,4,0.0,31.984
6724,US-2014-166394,2014-05-09,2014-07-09,Second Class,VM-21835,Vivian Mathis,Consumer,United States,Nashua,New Hampshire,3060,East,OFF-FA-10001843,Office Supplies,Fasteners,Staples,14.82,6,0.0,6.9654
6728,CA-2014-145443,2014-11-08,,Second Class,SC-20695,Steve Chapman,Corporate,United States,Richmond,Indiana,47374,Central,OFF-PA-10003302,Office Supplies,Paper,Xerox 1906,177.2,5,0.0,83.284
6729,CA-2013-165827,2013-05-11,2013-10-11,Standard Class,MF-17665,Maureen Fritzler,Corporate,United States,Miami,Florida,33180,South,FUR-FU-10001889,Furniture,Furnishings,Ultra Door Pull Handle,50.496,6,0.2,8.2056
6733,CA-2011-120096,2011-04-07,2011-07-07,First Class,KE-16420,Katrina Edelman,Corporate,United States,Aurora,Colorado,80013,West,OFF-PA-10001977,Office Supplies,Paper,Xerox 194,177.536,4,0.2,62.1376
6734,CA-2011-120096,2011-04-07,2011-07-07,First Class,KE-16420,Katrina Edelman,Corporate,United States,Aurora,Colorado,80013,West,OFF-AP-10000692,Office Supplies,Appliances,Fellowes Mighty 8 Compact Surge Protector,32.432,2,0.2,3.2432
6736,CA-2013-123358,2013-11-04,,Standard Class,BT-11680,Brian Thompson,Consumer,United States,San Francisco,California,94122,West,OFF-AP-10004980,Office Supplies,Appliances,3M Replacement Filter for Office Air Cleaner for 20' x 33' Room,113.76,3,0.0,44.3664
6737,CA-2013-123358,2013-11-04,,Standard Class,BT-11680,Brian Thompson,Consumer,United States,San Francisco,California,94122,West,OFF-ST-10001932,Office Supplies,Storage,Fellowes Staxonsteel Drawer Files,579.51,3,0.0,81.1314
6738,CA-2013-123358,2013-11-04,,Standard Class,BT-11680,Brian Thompson,Consumer,United States,San Francisco,California,94122,West,OFF-ST-10000636,Office Supplies,Storage,Rogers Profile Extra Capacity Storage Tub,150.66,9,0.0,6.0264
6739,CA-2013-123358,2013-11-04,,Standard Class,BT-11680,Brian Thompson,Consumer,United States,San Francisco,California,94122,West,OFF-BI-10000069,Office Supplies,Binders,"GBC Prepunched Paper, 19-Hole, for Binding Systems, 24-lb",48.032,4,0.2,15.6104
6743,US-2014-101784,2014-07-07,2014-12-07,Standard Class,PO-18850,Patrick O'Brill,Consumer,United States,Los Angeles,California,90008,West,FUR-CH-10001146,Furniture,Chairs,"Global Task Chair, Black",122.136,3,0.2,-13.7403
6748,CA-2014-100230,2014-12-12,,Standard Class,AA-10375,Allen Armold,Consumer,United States,New York City,New York,10035,East,OFF-BI-10002498,Office Supplies,Binders,Clear Mylar Reinforcing Strips,14.952,1,0.2,5.0463
6749,CA-2014-100230,2014-12-12,,Standard Class,AA-10375,Allen Armold,Consumer,United States,New York City,New York,10035,East,OFF-PA-10002245,Office Supplies,Paper,Xerox 1895,17.94,3,0.0,8.073
6750,CA-2014-100230,2014-12-12,,Standard Class,AA-10375,Allen Armold,Consumer,United States,New York City,New York,10035,East,TEC-PH-10004522,Technology,Phones,Dexim XPower Skin Super-Thin Power Case for iPhone 5 - Black,116.98,2,0.0,29.245
6760,CA-2014-165715,2014-03-12,2014-09-12,Standard Class,BG-11035,Barry Gonzalez,Consumer,United States,Greensboro,North Carolina,27405,South,OFF-AR-10003903,Office Supplies,Art,Sanford 52201 APSCO Electric Pencil Sharpener,32.776,1,0.2,2.4582
6763,CA-2013-144764,2013-03-09,2013-09-09,Standard Class,RL-19615,Rob Lucas,Consumer,United States,Chicago,Illinois,60623,Central,OFF-LA-10000240,Office Supplies,Labels,Self-Adhesive Address Labels for Typewriters by Universal,29.24,5,0.2,9.8685
6764,CA-2013-144764,2013-03-09,2013-09-09,Standard Class,RL-19615,Rob Lucas,Consumer,United States,Chicago,Illinois,60623,Central,OFF-ST-10002485,Office Supplies,Storage,Rogers Deluxe File Chest,35.168,2,0.2,-8.3524
6765,CA-2013-144764,2013-03-09,2013-09-09,Standard Class,RL-19615,Rob Lucas,Consumer,United States,Chicago,Illinois,60623,Central,TEC-MA-10003230,Technology,Machines,Okidata C610n Printer,1362.9,3,0.3,-19.47
6769,CA-2011-109302,2011-12-08,,Standard Class,CS-12175,Charles Sheldon,Corporate,United States,Lakewood,New Jersey,8701,East,OFF-BI-10002854,Office Supplies,Binders,"Performers Binder/Pad Holder, Black",196.21,7,0.0,98.105
6771,CA-2014-139402,2014-10-12,,Standard Class,NC-18535,Nick Crebassa,Corporate,United States,Phoenix,Arizona,85023,West,OFF-PA-10004359,Office Supplies,Paper,Multicolor Computer Printout Paper,419.4,5,0.2,146.79
6772,CA-2014-139402,2014-10-12,,Standard Class,NC-18535,Nick Crebassa,Corporate,United States,Phoenix,Arizona,85023,West,OFF-BI-10000279,Office Supplies,Binders,"Acco Recycled 2"" Capacity Laser Printer Hanging Data Binders",13.005,3,0.7,-9.9705
6773,CA-2013-119018,2013-05-11,2013-09-11,Standard Class,CW-11905,Carl Weiss,Home Office,United States,Los Angeles,California,90004,West,OFF-BI-10003314,Office Supplies,Binders,Tuff Stuff Recycled Round Ring Binders,7.712,2,0.2,2.7956
6774,CA-2013-119018,2013-05-11,2013-09-11,Standard Class,CW-11905,Carl Weiss,Home Office,United States,Los Angeles,California,90004,West,OFF-BI-10000494,Office Supplies,Binders,Acco Economy Flexible Poly Round Ring Binder,4.176,1,0.2,1.305
6775,CA-2013-119018,2013-05-11,2013-09-11,Standard Class,CW-11905,Carl Weiss,Home Office,United States,Los Angeles,California,90004,West,OFF-PA-10000295,Office Supplies,Paper,Xerox 229,38.88,6,0.0,18.6624
6777,US-2013-152373,2013-06-09,2013-12-09,Standard Class,PT-19090,Pete Takahito,Consumer,United States,San Antonio,Texas,78207,Central,OFF-ST-10003479,Office Supplies,Storage,"Eldon Base for stackable storage shelf, platinum",93.456,3,0.2,-17.523
6779,US-2013-147711,2013-04-09,2013-09-09,Second Class,HF-14995,Herbert Flentye,Consumer,United States,Baltimore,Maryland,21215,East,FUR-BO-10003159,Furniture,Bookcases,"Sauder Camden County Collection Libraries, Planked Cherry Finish",344.94,3,0.0,31.0446
6780,US-2013-147711,2013-04-09,2013-09-09,Second Class,HF-14995,Herbert Flentye,Consumer,United States,Baltimore,Maryland,21215,East,FUR-FU-10002364,Furniture,Furnishings,"Eldon Expressions Wood Desk Accessories, Oak",14.76,2,0.0,4.2804
6781,US-2013-147711,2013-04-09,2013-09-09,Second Class,HF-14995,Herbert Flentye,Consumer,United States,Baltimore,Maryland,21215,East,OFF-BI-10003350,Office Supplies,Binders,Acco Expandable Hanging Binders,12.76,2,0.0,5.8696
6782,US-2013-147711,2013-04-09,2013-09-09,Second Class,HF-14995,Herbert Flentye,Consumer,United States,Baltimore,Maryland,21215,East,OFF-LA-10004093,Office Supplies,Labels,Avery 486,58.48,8,0.0,27.4856
6790,CA-2012-161445,2012-07-09,2012-09-09,Second Class,CC-12610,Corey Catlett,Corporate,United States,Durham,North Carolina,27707,South,OFF-AR-10001953,Office Supplies,Art,Boston 1645 Deluxe Heavier-Duty Electric Pencil Sharpener,140.736,4,0.2,12.3144
6792,CA-2013-162348,2013-11-11,,Standard Class,BF-11170,Ben Ferrer,Home Office,United States,Sacramento,California,95823,West,FUR-FU-10003731,Furniture,Furnishings,"Eldon Expressions Wood and Plastic Desk Accessories, Oak",9.98,1,0.0,2.7944
6805,CA-2011-152233,2011-05-10,2011-06-10,First Class,KH-16510,Keith Herrera,Consumer,United States,Pomona,California,91767,West,TEC-AC-10002800,Technology,Accessories,Plantronics Audio 478 Stereo USB Headset,99.98,2,0.0,34.993
6823,US-2014-115609,2014-03-11,2014-08-11,Standard Class,CS-12505,Cindy Stewart,Consumer,United States,Los Angeles,California,90036,West,OFF-AP-10003040,Office Supplies,Appliances,Fellowes 8 Outlet Superior Workstation Surge Protector w/o Phone/Fax/Modem Protection,168.1,5,0.0,43.706
6826,CA-2013-118689,2013-03-10,2013-10-10,Standard Class,TC-20980,Tamara Chand,Corporate,United States,Lafayette,Indiana,47905,Central,OFF-ST-10001558,Office Supplies,Storage,Acco Perma 4000 Stacking Storage Drawers,32.48,2,0.0,4.872
6827,CA-2013-118689,2013-03-10,2013-10-10,Standard Class,TC-20980,Tamara Chand,Corporate,United States,Lafayette,Indiana,47905,Central,TEC-CO-10004722,Technology,Copiers,Canon imageCLASS 2200 Advanced Copier,17499.95,5,0.0,8399.976
6828,CA-2013-118689,2013-03-10,2013-10-10,Standard Class,TC-20980,Tamara Chand,Corporate,United States,Lafayette,Indiana,47905,Central,OFF-BI-10004600,Office Supplies,Binders,Ibico Ibimaster 300 Manual Binding System,735.98,2,0.0,331.191
6829,CA-2013-118689,2013-03-10,2013-10-10,Standard Class,TC-20980,Tamara Chand,Corporate,United States,Lafayette,Indiana,47905,Central,OFF-BI-10003712,Office Supplies,Binders,"Acco Pressboard Covers with Storage Hooks, 14 7/8"" x 11"", Light Blue",34.37,7,0.0,16.8413
6830,CA-2013-118689,2013-03-10,2013-10-10,Standard Class,TC-20980,Tamara Chand,Corporate,United States,Lafayette,Indiana,47905,Central,OFF-AR-10001958,Office Supplies,Art,Stanley Bostitch Contemporary Electric Pencil Sharpeners,33.96,2,0.0,9.5088
6833,CA-2012-112522,2012-10-10,,Standard Class,DP-13165,David Philippe,Consumer,United States,Chicago,Illinois,60610,Central,OFF-AR-10003183,Office Supplies,Art,Avery Fluorescent Highlighter Four-Color Set,8.016,3,0.2,1.002
6834,CA-2013-153101,2013-09-09,2013-09-09,Same Day,PJ-19015,Pauline Johnson,Consumer,United States,Santa Ana,California,92704,West,FUR-TA-10003008,Furniture,Tables,"Lesro Round Back Collection Coffee Table, End Table",146.04,1,0.2,-12.7785
6838,CA-2012-116260,2012-06-07,2012-12-07,Standard Class,BF-10975,Barbara Fisher,Corporate,United States,Vineland,New Jersey,8360,East,OFF-AR-10003732,Office Supplies,Art,Newell 333,11.12,4,0.0,2.8912
6839,CA-2014-107517,2014-06-02,2014-10-02,Standard Class,FC-14335,Fred Chung,Corporate,United States,Torrance,California,90503,West,OFF-AP-10000275,Office Supplies,Appliances,"Sanyo Counter Height Refrigerator with Crisper, 3.6 Cubic Foot, Stainless Steel/Black",1640.7,5,0.0,459.396
6840,CA-2014-107517,2014-06-02,2014-10-02,Standard Class,FC-14335,Fred Chung,Corporate,United States,Torrance,California,90503,West,TEC-PH-10003505,Technology,Phones,Geemarc AmpliPOWER60,371.2,5,0.2,41.76
6841,CA-2012-166338,2012-06-12,2012-07-12,First Class,MP-18175,Mike Pelletier,Home Office,United States,Troy,Ohio,45373,East,OFF-BI-10002852,Office Supplies,Binders,Ibico Standard Transparent Covers,14.832,3,0.7,-10.3824
6846,CA-2011-147543,2011-06-07,2011-12-07,Standard Class,BC-11125,Becky Castell,Home Office,United States,El Cajon,California,92020,West,FUR-CH-10000155,Furniture,Chairs,Global Comet Stacking Armless Chair,478.48,2,0.2,47.848
6847,US-2013-159093,2013-10-05,,Standard Class,RS-19420,Ricardo Sperren,Corporate,United States,Los Angeles,California,90036,West,OFF-PA-10001260,Office Supplies,Paper,"TOPS Money Receipt Book, Consecutively Numbered in Red,",32.04,4,0.0,14.418
6851,US-2013-100461,2013-08-01,2013-12-01,Standard Class,JO-15145,Jack O'Briant,Corporate,United States,Franklin,Wisconsin,53132,Central,FUR-BO-10002545,Furniture,Bookcases,"Atlantic Metals Mobile 3-Shelf Bookcases, Custom Colors",1565.88,6,0.0,407.1288
6852,US-2013-100461,2013-08-01,2013-12-01,Standard Class,JO-15145,Jack O'Briant,Corporate,United States,Franklin,Wisconsin,53132,Central,OFF-BI-10001460,Office Supplies,Binders,Plastic Binding Combs,106.05,7,0.0,49.8435
6864,CA-2014-138618,2014-02-12,2014-09-12,Standard Class,MY-17380,Maribeth Yedwab,Corporate,United States,San Antonio,Texas,78207,Central,OFF-PA-10000520,Office Supplies,Paper,Xerox 201,10.368,2,0.2,3.6288
6872,CA-2013-145009,2013-06-12,2013-09-12,Second Class,RF-19345,Randy Ferguson,Corporate,United States,Chicago,Illinois,60610,Central,OFF-LA-10004853,Office Supplies,Labels,Avery 483,11.952,3,0.2,3.8844
6876,US-2013-121013,2013-06-09,2013-11-09,Standard Class,MM-17920,Michael Moore,Consumer,United States,Chesapeake,Virginia,23320,South,OFF-LA-10004545,Office Supplies,Labels,Avery 50,25.06,2,0.0,11.7782
6877,US-2013-121013,2013-06-09,2013-11-09,Standard Class,MM-17920,Michael Moore,Consumer,United States,Chesapeake,Virginia,23320,South,FUR-TA-10003238,Furniture,Tables,"Chromcraft Bull-Nose Wood 48"" x 96"" Rectangular Conference Tables",1652.94,3,0.0,314.0586
6880,CA-2012-137113,2012-01-12,2012-05-12,Second Class,TW-21025,Tamara Willingham,Home Office,United States,Seattle,Washington,98105,West,FUR-CH-10001215,Furniture,Chairs,Global Troy Executive Leather Low-Back Tilter,2003.92,5,0.2,125.245
6881,CA-2012-137113,2012-01-12,2012-05-12,Second Class,TW-21025,Tamara Willingham,Home Office,United States,Seattle,Washington,98105,West,OFF-PA-10004255,Office Supplies,Paper,Xerox 219,32.4,5,0.0,15.552
6882,CA-2012-137113,2012-01-12,2012-05-12,Second Class,TW-21025,Tamara Willingham,Home Office,United States,Seattle,Washington,98105,West,FUR-TA-10001705,Furniture,Tables,Bush Advantage Collection Round Conference Table,1913.4,9,0.0,401.814
6883,CA-2012-137113,2012-01-12,2012-05-12,Second Class,TW-21025,Tamara Willingham,Home Office,United States,Seattle,Washington,98105,West,OFF-ST-10002554,Office Supplies,Storage,Tennsco Industrial Shelving,146.73,3,0.0,2.9346
6884,CA-2012-137113,2012-01-12,2012-05-12,Second Class,TW-21025,Tamara Willingham,Home Office,United States,Seattle,Washington,98105,West,OFF-PA-10002222,Office Supplies,Paper,"Xerox Color Copier Paper, 11"" x 17"", Ream",114.2,5,0.0,52.532
6886,CA-2014-123036,2014-11-09,,Standard Class,HA-14905,Helen Abelman,Consumer,United States,Springfield,Ohio,45503,East,TEC-AC-10003499,Technology,Accessories,Memorex Mini Travel Drive 8 GB USB 2.0 Flash Drive,37.056,4,0.2,8.8008
6887,CA-2014-123036,2014-11-09,,Standard Class,HA-14905,Helen Abelman,Consumer,United States,Springfield,Ohio,45503,East,TEC-PH-10003580,Technology,Phones,Cisco IP Phone 7961G-GE VoIP phone,259.896,2,0.4,-56.3108
6901,CA-2012-140557,2012-07-09,2012-11-09,Standard Class,TN-21040,Tanja Norvell,Home Office,United States,New York City,New York,10009,East,TEC-AC-10002402,Technology,Accessories,Razer Kraken PRO Over Ear PC and Music Headset,559.93,7,0.0,167.979
6903,CA-2014-111220,2014-03-09,2014-09-09,Standard Class,JS-15595,Jill Stevenson,Corporate,United States,Chicago,Illinois,60653,Central,OFF-FA-10002280,Office Supplies,Fasteners,Advantus Plastic Paper Clips,16.0,4,0.2,5.6
6904,CA-2014-111220,2014-03-09,2014-09-09,Standard Class,JS-15595,Jill Stevenson,Corporate,United States,Chicago,Illinois,60653,Central,OFF-AP-10003278,Office Supplies,Appliances,Belkin 7-Outlet SurgeMaster Home Series,5.588,2,0.8,-15.0876
6905,CA-2014-111220,2014-03-09,2014-09-09,Standard Class,JS-15595,Jill Stevenson,Corporate,United States,Chicago,Illinois,60653,Central,OFF-ST-10003994,Office Supplies,Storage,"Belkin 19"" Center-Weighted Shelf, Gray",235.92,5,0.2,-44.235
6906,US-2014-149006,2014-07-12,2014-09-12,Second Class,BN-11470,Brad Norvell,Corporate,United States,Brentwood,California,94513,West,OFF-ST-10003221,Office Supplies,Storage,Staples,10.68,1,0.0,2.8836
6909,US-2014-135503,2014-11-12,,Standard Class,JE-16165,Justin Ellison,Corporate,United States,North Charleston,South Carolina,29406,South,FUR-FU-10002364,Furniture,Furnishings,"Eldon Expressions Wood Desk Accessories, Oak",14.76,2,0.0,4.2804
6912,CA-2014-168942,2014-02-08,2014-06-08,Second Class,EM-13960,Eric Murdock,Consumer,United States,San Francisco,California,94109,West,OFF-ST-10004340,Office Supplies,Storage,"Fellowes Mobile File Cart, Black",186.54,3,0.0,50.3658
6913,US-2014-128398,2014-03-05,2014-06-05,Second Class,EM-13825,Elizabeth Moffitt,Corporate,United States,Los Angeles,California,90049,West,TEC-AC-10001714,Technology,Accessories,Logitech MX Performance Wireless Mouse,159.56,4,0.0,59.0372
6914,CA-2012-104115,2012-12-06,,Standard Class,JH-15910,Jonathan Howell,Consumer,United States,West Palm Beach,Florida,33407,South,TEC-PH-10002844,Technology,Phones,Speck Products Candyshell Flip Case,55.984,2,0.2,4.1988
6922,CA-2014-109211,2014-05-04,2014-11-04,Standard Class,PS-19045,Penelope Sewall,Home Office,United States,New York City,New York,10011,East,OFF-EN-10001532,Office Supplies,Envelopes,Brown Kraft Recycled Envelopes,16.98,1,0.0,8.49
6936,CA-2014-137365,2014-01-12,2014-04-12,Second Class,BP-11095,Bart Pistole,Corporate,United States,El Paso,Texas,79907,Central,TEC-AC-10001767,Technology,Accessories,SanDisk Ultra 64 GB MicroSDHC Class 10 Memory Card,95.976,3,0.2,-10.7973
6937,CA-2013-129847,2013-03-09,2013-05-09,First Class,TA-21385,Tom Ashbrook,Home Office,United States,Chicago,Illinois,60653,Central,FUR-FU-10000277,Furniture,Furnishings,Deflect-o DuraMat Antistatic Studded Beveled Mat for Medium Pile Carpeting,84.272,2,0.6,-75.8448
6939,CA-2013-125094,2013-06-11,2013-10-11,Standard Class,NP-18700,Nora Preis,Consumer,United States,Seattle,Washington,98105,West,TEC-AC-10004420,Technology,Accessories,Cherry 142-key Programmable Keyboard,479.72,4,0.0,52.7692
6946,CA-2013-106243,2013-01-10,2013-05-10,Standard Class,GM-14680,Greg Matthias,Consumer,United States,New York City,New York,10011,East,FUR-BO-10003034,Furniture,Bookcases,"O'Sullivan Elevations Bookcase, Cherry Finish",523.92,5,0.2,-26.196
6947,CA-2012-126466,2012-09-11,,Standard Class,JO-15550,Jesus Ocampo,Home Office,United States,Roseville,California,95661,West,OFF-FA-10000490,Office Supplies,Fasteners,"OIC Binder Clips, Mini, 1/4"" Capacity, Black",2.48,2,0.0,1.1656
6953,CA-2012-129917,2012-02-10,2012-03-10,First Class,HM-14980,Henry MacAllister,Consumer,United States,Los Angeles,California,90008,West,OFF-BI-10001757,Office Supplies,Binders,Pressboard Hanging Data Binders for Unburst Sheets,11.808,3,0.2,4.1328
6954,CA-2012-129917,2012-02-10,2012-03-10,First Class,HM-14980,Henry MacAllister,Consumer,United States,Los Angeles,California,90008,West,OFF-BI-10004828,Office Supplies,Binders,GBC Poly Designer Binding Covers,53.568,4,0.2,19.4184
6955,CA-2012-129917,2012-02-10,2012-03-10,First Class,HM-14980,Henry MacAllister,Consumer,United States,Los Angeles,California,90008,West,TEC-PH-10000369,Technology,Phones,HTC One Mini,503.96,5,0.2,50.396
6962,CA-2014-162096,2014-11-11,2014-11-11,Same Day,TB-21190,Thomas Brumley,Home Office,United States,Riverside,California,92503,West,OFF-AR-10002221,Office Supplies,Art,12 Colored Short Pencils,7.8,3,0.0,2.106
6970,CA-2013-163937,2013-10-01,,Second Class,JB-16000,Joy Bell-,Consumer,United States,Longview,Washington,98632,West,FUR-FU-10000010,Furniture,Furnishings,"DAX Value U-Channel Document Frames, Easel Back",24.85,5,0.0,7.7035
6981,CA-2011-146990,2011-07-11,2011-08-11,First Class,BP-11095,Bart Pistole,Corporate,United States,New York City,New York,10024,East,OFF-FA-10000611,Office Supplies,Fasteners,Binder Clips by OIC,5.92,4,0.0,2.8416
6982,CA-2011-146990,2011-07-11,2011-08-11,First Class,BP-11095,Bart Pistole,Corporate,United States,New York City,New York,10024,East,OFF-PA-10000246,Office Supplies,Paper,Riverleaf Stik-Withit Designer Note Cubes,30.18,3,0.0,13.8828
6983,CA-2013-116526,2013-02-09,2013-06-09,Standard Class,JA-15970,Joseph Airdo,Consumer,United States,Detroit,Michigan,48227,Central,OFF-BI-10004728,Office Supplies,Binders,Wilson Jones Turn Tabs Binder Tool for Ring Binders,24.1,5,0.0,11.086
6984,CA-2013-116526,2013-02-09,2013-06-09,Standard Class,JA-15970,Joseph Airdo,Consumer,United States,Detroit,Michigan,48227,Central,TEC-PH-10002365,Technology,Phones,Belkin Grip Candy Sheer Case / Cover for iPhone 5 and 5S,8.78,1,0.0,2.2828
6985,CA-2013-116526,2013-02-09,2013-06-09,Standard Class,JA-15970,Joseph Airdo,Consumer,United States,Detroit,Michigan,48227,Central,OFF-AP-10002457,Office Supplies,Appliances,"Eureka The Boss Plus 12-Amp Hard Box Upright Vacuum, Red",376.74,4,0.1,71.162
6986,CA-2013-116526,2013-02-09,2013-06-09,Standard Class,JA-15970,Joseph Airdo,Consumer,United States,Detroit,Michigan,48227,Central,OFF-BI-10000320,Office Supplies,Binders,GBC Plastic Binding Combs,29.52,4,0.0,14.4648
6987,CA-2013-116526,2013-02-09,2013-06-09,Standard Class,JA-15970,Joseph Airdo,Consumer,United States,Detroit,Michigan,48227,Central,OFF-AR-10004999,Office Supplies,Art,Newell 315,11.96,2,0.0,2.99
6988,CA-2013-116526,2013-02-09,2013-06-09,Standard Class,JA-15970,Joseph Airdo,Consumer,United States,Detroit,Michigan,48227,Central,OFF-BI-10001116,Office Supplies,Binders,"Wilson Jones 1"" Hanging DublLock Ring Binders",26.4,5,0.0,12.672
6989,CA-2014-158561,2014-12-11,,Second Class,BB-11545,Brenda Bowman,Corporate,United States,Fort Lauderdale,Florida,33311,South,OFF-AP-10002651,Office Supplies,Appliances,Hoover Upright Vacuum With Dirt Cup,1158.12,5,0.2,130.2885
6990,CA-2014-165099,2014-12-12,,First Class,DK-13375,Dennis Kane,Consumer,United States,Abilene,Texas,79605,Central,OFF-AP-10001634,Office Supplies,Appliances,Hoover Commercial Lightweight Upright Vacuum,1.392,2,0.8,-3.7584
6991,CA-2012-109386,2012-08-11,,Second Class,RH-19600,Rob Haberlin,Consumer,United States,Hampton,Virginia,23666,South,OFF-AP-10003266,Office Supplies,Appliances,"Holmes Replacement Filter for HEPA Air Cleaner, Large Room",44.43,3,0.0,18.6606
6992,CA-2012-109386,2012-08-11,,Second Class,RH-19600,Rob Haberlin,Consumer,United States,Hampton,Virginia,23666,South,TEC-PH-10002890,Technology,Phones,AT&T 17929 Lendline Telephone,226.2,5,0.0,58.812
6993,CA-2012-109386,2012-08-11,,Second Class,RH-19600,Rob Haberlin,Consumer,United States,Hampton,Virginia,23666,South,FUR-FU-10000308,Furniture,Furnishings,Deflect-o Glass Clear Studded Chair Mats,186.54,3,0.0,41.0388
6994,CA-2012-109386,2012-08-11,,Second Class,RH-19600,Rob Haberlin,Consumer,United States,Hampton,Virginia,23666,South,OFF-AR-10000380,Office Supplies,Art,"Hunt PowerHouse Electric Pencil Sharpener, Blue",265.86,7,0.0,79.758
6995,CA-2012-109386,2012-08-11,,Second Class,RH-19600,Rob Haberlin,Consumer,United States,Hampton,Virginia,23666,South,OFF-AR-10000122,Office Supplies,Art,Newell 314,27.9,5,0.0,6.975
7006,CA-2012-141740,2012-01-11,2012-05-11,Standard Class,JF-15490,Jeremy Farry,Consumer,United States,New York City,New York,10009,East,FUR-CH-10001545,Furniture,Chairs,Hon Comfortask Task/Swivel Chairs,205.164,2,0.1,13.6776
7014,CA-2014-141201,2014-10-12,2014-12-12,Second Class,DB-12910,Daniel Byrd,Home Office,United States,Salinas,California,93905,West,FUR-BO-10001519,Furniture,Bookcases,O'Sullivan 3-Shelf Heavy-Duty Bookcases,148.257,3,0.15,15.6978
7015,CA-2011-114790,2011-11-03,,Second Class,FM-14215,Filia McAdams,Corporate,United States,Richmond,Kentucky,40475,South,OFF-AP-10002578,Office Supplies,Appliances,"Fellowes Premier Superior Surge Suppressor, 10-Outlet, With Phone and Remote",146.76,3,0.0,38.1576
7016,CA-2011-114790,2011-11-03,,Second Class,FM-14215,Filia McAdams,Corporate,United States,Richmond,Kentucky,40475,South,TEC-AC-10000710,Technology,Accessories,Maxell DVD-RAM Discs,32.96,2,0.0,14.1728
7017,CA-2011-114790,2011-11-03,,Second Class,FM-14215,Filia McAdams,Corporate,United States,Richmond,Kentucky,40475,South,TEC-PH-10000984,Technology,Phones,Panasonic KX-TG9471B,587.97,3,0.0,164.6316
7018,CA-2011-114790,2011-11-03,,Second Class,FM-14215,Filia McAdams,Corporate,United States,Richmond,Kentucky,40475,South,OFF-PA-10000213,Office Supplies,Paper,Xerox 198,14.94,3,0.0,7.0218
7026,US-2014-101840,2014-07-02,,Standard Class,SP-20545,Sibella Parks,Corporate,United States,New York City,New York,10024,East,TEC-PH-10002538,Technology,Phones,Grandstream GXP1160 VoIP phone,227.46,6,0.0,65.9634
7027,US-2014-101840,2014-07-02,,Standard Class,SP-20545,Sibella Parks,Corporate,United States,New York City,New York,10024,East,OFF-BI-10000279,Office Supplies,Binders,"Acco Recycled 2"" Capacity Laser Printer Hanging Data Binders",46.24,4,0.2,15.606
7030,CA-2013-145548,2013-12-11,,Standard Class,EB-13750,Edward Becker,Corporate,United States,New York City,New York,10011,East,OFF-ST-10002562,Office Supplies,Storage,Staples,28.14,3,0.0,7.8792
7031,CA-2013-145548,2013-12-11,,Standard Class,EB-13750,Edward Becker,Corporate,United States,New York City,New York,10011,East,TEC-AC-10002305,Technology,Accessories,KeyTronic E03601U1 - Keyboard - Beige,36.0,2,0.0,6.48
7032,CA-2013-145548,2013-12-11,,Standard Class,EB-13750,Edward Becker,Corporate,United States,New York City,New York,10011,East,OFF-AR-10003373,Office Supplies,Art,"Boston School Pro Electric Pencil Sharpener, 1670",92.94,3,0.0,25.0938
7033,CA-2013-145548,2013-12-11,,Standard Class,EB-13750,Edward Becker,Corporate,United States,New York City,New York,10011,East,FUR-CH-10003774,Furniture,Chairs,"Global Wood Trimmed Manager's Task Chair, Khaki",245.646,3,0.1,8.1882
7034,CA-2013-145548,2013-12-11,,Standard Class,EB-13750,Edward Becker,Corporate,United States,New York City,New York,10011,East,OFF-BI-10001510,Office Supplies,Binders,Deluxe Heavy-Duty Vinyl Round Ring Binder,55.008,3,0.2,17.19
7035,CA-2013-145548,2013-12-11,,Standard Class,EB-13750,Edward Becker,Corporate,United States,New York City,New York,10011,East,OFF-BI-10004236,Office Supplies,Binders,"XtraLife ClearVue Slant-D Ring Binder, White, 3""",35.232,3,0.2,11.4504
7036,CA-2014-119494,2014-10-11,,Standard Class,JE-15610,Jim Epp,Corporate,United States,San Diego,California,92105,West,FUR-CH-10004675,Furniture,Chairs,"Lifetime Advantage Folding Chairs, 4/Carton",523.392,3,0.2,52.3392
7037,CA-2011-124618,2011-02-05,2011-04-05,Second Class,CS-11860,Cari Schnelling,Consumer,United States,Lakeland,Florida,33801,South,TEC-CO-10004202,Technology,Copiers,Brother DCP1000 Digital 3 in 1 Multifunction Machine,479.984,2,0.2,89.997
7046,CA-2013-160136,2013-04-11,2013-10-11,Standard Class,PJ-18835,Patrick Jones,Corporate,United States,Dallas,Texas,75217,Central,OFF-PA-10002160,Office Supplies,Paper,Xerox 1978,9.248,2,0.2,3.3524
7047,CA-2011-150581,2011-08-04,2011-12-04,Standard Class,NM-18445,Nathan Mautz,Home Office,United States,Concord,California,94521,West,FUR-TA-10003748,Furniture,Tables,Bevis 36 x 72 Conference Tables,99.592,1,0.2,2.4898
7048,CA-2011-150581,2011-08-04,2011-12-04,Standard Class,NM-18445,Nathan Mautz,Home Office,United States,Concord,California,94521,West,TEC-AC-10001908,Technology,Accessories,Logitech Wireless Headset h800,399.96,4,0.0,139.986
7051,CA-2013-165330,2013-12-12,2013-12-12,Same Day,WB-21850,William Brown,Consumer,United States,Anaheim,California,92804,West,OFF-BI-10004593,Office Supplies,Binders,Ibico Laser Imprintable Binding System Covers,209.6,5,0.2,68.12
7052,CA-2013-165330,2013-12-12,2013-12-12,Same Day,WB-21850,William Brown,Consumer,United States,Anaheim,California,92804,West,OFF-AR-10000914,Office Supplies,Art,Boston 16765 Mini Stand Up Battery Pencil Sharpener,23.32,2,0.0,6.0632
7053,CA-2013-165330,2013-12-12,2013-12-12,Same Day,WB-21850,William Brown,Consumer,United States,Anaheim,California,92804,West,OFF-PA-10000241,Office Supplies,Paper,"IBM Multi-Purpose Copy Paper, 8 1/2 x 11"", Case",30.98,1,0.0,13.941
7054,CA-2013-165330,2013-12-12,2013-12-12,Same Day,WB-21850,William Brown,Consumer,United States,Anaheim,California,92804,West,TEC-AC-10000057,Technology,Accessories,Microsoft Natural Ergonomic Keyboard 4000,119.96,4,0.0,25.1916
7055,CA-2013-165330,2013-12-12,2013-12-12,Same Day,WB-21850,William Brown,Consumer,United States,Anaheim,California,92804,West,FUR-CH-10003774,Furniture,Chairs,"Global Wood Trimmed Manager's Task Chair, Khaki",363.92,5,0.2,-31.843
7056,CA-2013-165330,2013-12-12,2013-12-12,Same Day,WB-21850,William Brown,Consumer,United States,Anaheim,California,92804,West,OFF-BI-10002824,Office Supplies,Binders,Recycled Easel Ring Binders,35.808,3,0.2,11.19
7057,CA-2013-165330,2013-12-12,2013-12-12,Same Day,WB-21850,William Brown,Consumer,United States,Anaheim,California,92804,West,OFF-BI-10004001,Office Supplies,Binders,GBC Recycled VeloBinder Covers,122.688,9,0.2,39.8736
7058,CA-2013-165330,2013-12-12,2013-12-12,Same Day,WB-21850,William Brown,Consumer,United States,Anaheim,California,92804,West,FUR-TA-10004619,Furniture,Tables,Hon Non-Folding Utility Tables,892.136,7,0.2,111.517
7059,CA-2013-165330,2013-12-12,2013-12-12,Same Day,WB-21850,William Brown,Consumer,United States,Anaheim,California,92804,West,OFF-ST-10000636,Office Supplies,Storage,Rogers Profile Extra Capacity Storage Tub,50.22,3,0.0,2.0088
7060,CA-2013-165330,2013-12-12,2013-12-12,Same Day,WB-21850,William Brown,Consumer,United States,Anaheim,California,92804,West,OFF-AP-10001469,Office Supplies,Appliances,Fellowes 8 Outlet Superior Workstation Surge Protector,83.42,2,0.0,24.1918
7061,CA-2013-165330,2013-12-12,2013-12-12,Same Day,WB-21850,William Brown,Consumer,United States,Anaheim,California,92804,West,OFF-BI-10002897,Office Supplies,Binders,"Black Avery Memo-Size 3-Ring Binder, 5 1/2"" x 8 1/2""",5.872,2,0.2,2.1286
7062,CA-2012-132633,2012-03-02,2012-05-02,Second Class,KH-16630,Ken Heidel,Corporate,United States,Pleasant Grove,Utah,84062,West,OFF-BI-10002432,Office Supplies,Binders,Wilson Jones Standard D-Ring Binders,12.144,3,0.2,4.0986
7064,CA-2014-127712,2014-01-09,2014-06-09,Standard Class,MG-17890,Michael Granlund,Home Office,United States,Salem,Oregon,97301,West,OFF-SU-10002522,Office Supplies,Supplies,Acme Kleen Earth Office Shears,6.208,2,0.2,0.6984
7065,CA-2014-169474,2014-05-02,2014-10-02,Standard Class,JF-15355,Jay Fein,Consumer,United States,Rochester,New York,14609,East,OFF-AP-10003971,Office Supplies,Appliances,Belkin 6 Outlet Metallic Surge Strip,32.67,3,0.0,8.4942
7066,CA-2011-106726,2011-06-12,2011-08-12,First Class,RS-19765,Roland Schwarz,Corporate,United States,Los Angeles,California,90008,West,OFF-ST-10001496,Office Supplies,Storage,Standard Rollaway File with Lock,1261.33,7,0.0,327.9458
7070,CA-2011-141901,2011-09-08,,Standard Class,GM-14500,Gene McClure,Consumer,United States,Fresno,California,93727,West,OFF-PA-10001667,Office Supplies,Paper,Great White Multi-Use Recycled Paper (20Lb. and 84 Bright),5.98,1,0.0,2.691
7071,CA-2013-164490,2013-06-09,2013-11-09,Second Class,SU-20665,Stephanie Ulpright,Home Office,United States,Chicago,Illinois,60653,Central,OFF-PA-10004971,Office Supplies,Paper,Xerox 196,9.248,2,0.2,3.3524
7078,CA-2013-106950,2013-03-09,2013-07-09,Standard Class,JE-15715,Joe Elijah,Consumer,United States,Charlotte,North Carolina,28205,South,OFF-BI-10000014,Office Supplies,Binders,Heavy-Duty E-Z-D Binders,22.911,7,0.7,-17.5651
7079,CA-2013-106950,2013-03-09,2013-07-09,Standard Class,JE-15715,Joe Elijah,Consumer,United States,Charlotte,North Carolina,28205,South,OFF-AP-10000159,Office Supplies,Appliances,Belkin F9M820V08 8 Outlet Surge,309.456,9,0.2,34.8138
7080,CA-2013-106950,2013-03-09,2013-07-09,Standard Class,JE-15715,Joe Elijah,Consumer,United States,Charlotte,North Carolina,28205,South,OFF-AR-10003560,Office Supplies,Art,Zebra Zazzle Fluorescent Highlighters,19.456,4,0.2,3.4048
7081,CA-2013-106950,2013-03-09,2013-07-09,Standard Class,JE-15715,Joe Elijah,Consumer,United States,Charlotte,North Carolina,28205,South,FUR-TA-10001768,Furniture,Tables,Hon Racetrack Conference Tables,472.518,3,0.4,-149.6307
7082,CA-2013-106950,2013-03-09,2013-07-09,Standard Class,JE-15715,Joe Elijah,Consumer,United States,Charlotte,North Carolina,28205,South,TEC-AC-10002049,Technology,Accessories,Plantronics Savi W720 Multi-Device Wireless Headset System,1012.68,3,0.2,303.804
7083,CA-2013-106950,2013-03-09,2013-07-09,Standard Class,JE-15715,Joe Elijah,Consumer,United States,Charlotte,North Carolina,28205,South,OFF-BI-10003166,Office Supplies,Binders,GBC Plasticlear Binding Covers,17.22,5,0.7,-12.628
7088,US-2014-143175,2014-04-08,2014-07-08,Second Class,GA-14515,George Ashbrook,Consumer,United States,Los Angeles,California,90004,West,OFF-ST-10003123,Office Supplies,Storage,Fellowes Bases and Tops For Staxonsteel/High-Stak Systems,99.87,3,0.0,23.9688
7091,CA-2012-119480,2012-09-01,,Standard Class,CC-12685,Craig Carroll,Consumer,United States,Henderson,Kentucky,42420,South,OFF-PA-10000474,Office Supplies,Paper,Staples,106.32,3,0.0,49.9704
7092,CA-2012-119480,2012-09-01,,Standard Class,CC-12685,Craig Carroll,Consumer,United States,Henderson,Kentucky,42420,South,OFF-AP-10001205,Office Supplies,Appliances,Belkin 5 Outlet SurgeMaster Power Centers,163.44,3,0.0,45.7632
7093,CA-2012-119480,2012-09-01,,Standard Class,CC-12685,Craig Carroll,Consumer,United States,Henderson,Kentucky,42420,South,OFF-AR-10004691,Office Supplies,Art,Boston 1730 StandUp Electric Pencil Sharpener,42.76,2,0.0,11.1176
7094,CA-2012-119480,2012-09-01,,Standard Class,CC-12685,Craig Carroll,Consumer,United States,Henderson,Kentucky,42420,South,OFF-PA-10004996,Office Supplies,Paper,"Speediset Carbonless Redi-Letter 7"" x 8 1/2""",51.55,5,0.0,24.2285
7095,US-2012-153374,2012-09-02,,Second Class,JF-15565,Jill Fjeld,Consumer,United States,Decatur,Illinois,62521,Central,TEC-AC-10001908,Technology,Accessories,Logitech Wireless Headset h800,479.952,6,0.2,89.991
7099,CA-2014-144596,2014-07-11,2014-11-11,Standard Class,CD-11980,Carol Darley,Consumer,United States,New York City,New York,10011,East,OFF-PA-10003302,Office Supplies,Paper,Xerox 1906,318.96,9,0.0,149.9112
7102,CA-2013-144337,2013-02-08,2013-06-08,Second Class,SG-20890,Susan Gilcrest,Corporate,United States,Amarillo,Texas,79109,Central,OFF-PA-10000249,Office Supplies,Paper,Staples,19.648,2,0.2,6.6312
7104,CA-2014-147410,2014-05-09,2014-09-09,Standard Class,EJ-14155,Eva Jacobs,Consumer,United States,Santa Ana,California,92704,West,OFF-ST-10003805,Office Supplies,Storage,"24 Capacity Maxi Data Binder Racks, Pearl",421.1,2,0.0,105.275
7115,US-2013-102239,2013-06-05,2013-07-05,First Class,LW-16990,Lindsay Williams,Corporate,United States,Henderson,Nevada,89015,West,FUR-TA-10003392,Furniture,Tables,Global Adaptabilities Conference Tables,1685.88,6,0.0,320.3172
7116,US-2013-102239,2013-06-05,2013-07-05,First Class,LW-16990,Lindsay Williams,Corporate,United States,Henderson,Nevada,89015,West,OFF-BI-10001890,Office Supplies,Binders,Avery Poly Binder Pockets,5.728,2,0.2,2.0048
7122,CA-2014-166926,2014-02-12,2014-09-12,Standard Class,SO-20335,Sean O'Donnell,Consumer,United States,Seattle,Washington,98105,West,OFF-PA-10001593,Office Supplies,Paper,Xerox 1947,41.86,7,0.0,18.837
7123,CA-2014-166926,2014-02-12,2014-09-12,Standard Class,SO-20335,Sean O'Donnell,Consumer,United States,Seattle,Washington,98105,West,FUR-BO-10002598,Furniture,Bookcases,"Hon Metal Bookcases, Putty",141.96,2,0.0,41.1684
7124,CA-2012-128013,2012-09-08,,Standard Class,MF-18250,Monica Federle,Corporate,United States,New York City,New York,10035,East,FUR-FU-10000320,Furniture,Furnishings,OIC Stacking Trays,10.02,3,0.0,4.4088
7125,CA-2012-128013,2012-09-08,,Standard Class,MF-18250,Monica Federle,Corporate,United States,New York City,New York,10035,East,OFF-PA-10001815,Office Supplies,Paper,Xerox 1885,144.12,3,0.0,69.1776
7141,CA-2014-128783,2014-08-09,2014-08-09,Same Day,TG-21640,Trudy Glocke,Consumer,United States,Saint Charles,Missouri,63301,Central,TEC-AC-10002473,Technology,Accessories,Maxell 4.7GB DVD-R,113.52,4,0.0,46.5432
7142,CA-2014-128783,2014-08-09,2014-08-09,Same Day,TG-21640,Trudy Glocke,Consumer,United States,Saint Charles,Missouri,63301,Central,FUR-FU-10003623,Furniture,Furnishings,"DataProducts Ampli Magnifier Task Lamp, Black,",135.3,5,0.0,37.884
7144,US-2014-141558,2014-12-03,,Standard Class,MH-17290,Marc Harrigan,Home Office,United States,Philadelphia,Pennsylvania,19140,East,TEC-PH-10002555,Technology,Phones,Nortel Meridian M5316 Digital phone,776.85,5,0.4,-181.265
7145,US-2014-141558,2014-12-03,,Standard Class,MH-17290,Marc Harrigan,Home Office,United States,Philadelphia,Pennsylvania,19140,East,OFF-BI-10002794,Office Supplies,Binders,"Avery Trapezoid Ring Binder, 3"" Capacity, Black, 1040 sheets",12.294,1,0.7,-8.6058
7146,US-2014-141558,2014-12-03,,Standard Class,MH-17290,Marc Harrigan,Home Office,United States,Philadelphia,Pennsylvania,19140,East,FUR-TA-10004086,Furniture,Tables,KI Adjustable-Height Table,154.764,3,0.4,-46.4292
7147,US-2014-141558,2014-12-03,,Standard Class,MH-17290,Marc Harrigan,Home Office,United States,Philadelphia,Pennsylvania,19140,East,OFF-ST-10004946,Office Supplies,Storage,Desktop 3-Pocket Hot File,43.28,1,0.2,3.246
7153,CA-2011-137911,2011-09-10,,Standard Class,BP-11095,Bart Pistole,Corporate,United States,Jacksonville,North Carolina,28540,South,OFF-PA-10004071,Office Supplies,Paper,"Eaton Premium Continuous-Feed Paper, 25% Cotton, Letter Size, White, 1000 Shts/Box",88.768,2,0.2,31.0688
7154,CA-2012-106208,2012-10-12,,Standard Class,JW-16075,Julia West,Consumer,United States,Chicago,Illinois,60610,Central,OFF-AP-10004980,Office Supplies,Appliances,3M Replacement Filter for Office Air Cleaner for 20' x 33' Room,53.088,7,0.8,-108.8304
7162,CA-2011-138709,2011-04-07,2011-09-07,Standard Class,MS-17770,Maxwell Schwartz,Consumer,United States,Richmond,Virginia,23223,South,OFF-PA-10004734,Office Supplies,Paper,Southworth Structures Collection,21.84,3,0.0,10.92
7163,CA-2011-138709,2011-04-07,2011-09-07,Standard Class,MS-17770,Maxwell Schwartz,Consumer,United States,Richmond,Virginia,23223,South,OFF-BI-10000145,Office Supplies,Binders,Zipper Ring Binder Pockets,15.6,5,0.0,7.644
7171,US-2014-168613,2014-09-10,,Standard Class,GM-14440,Gary McGarr,Consumer,United States,New York City,New York,10009,East,FUR-CH-10002372,Furniture,Chairs,Office Star - Ergonomically Designed Knee Chair,145.764,2,0.1,3.2392
7178,CA-2014-133067,2014-05-05,2014-11-05,Standard Class,MY-18295,Muhammed Yedwab,Corporate,United States,Philadelphia,Pennsylvania,19140,East,OFF-BI-10002897,Office Supplies,Binders,"Black Avery Memo-Size 3-Ring Binder, 5 1/2"" x 8 1/2""",2.202,2,0.7,-1.5414
7179,CA-2014-133067,2014-05-05,2014-11-05,Standard Class,MY-18295,Muhammed Yedwab,Corporate,United States,Philadelphia,Pennsylvania,19140,East,OFF-BI-10003694,Office Supplies,Binders,"Avery 3 1/2"" Diskette Storage Pages, 10/Pack",9.396,3,0.7,-7.5168
7181,CA-2011-106054,2011-07-01,2011-08-01,First Class,JO-15145,Jack O'Briant,Corporate,United States,Athens,Georgia,30605,South,OFF-AR-10002399,Office Supplies,Art,"Dixon Prang Watercolor Pencils, 10-Color Set with Brush",12.78,3,0.0,5.2398
7183,CA-2014-150609,2014-01-05,2014-05-05,Standard Class,NZ-18565,Nick Zandusky,Home Office,United States,Los Angeles,California,90032,West,OFF-BI-10002071,Office Supplies,Binders,Fellowes Black Plastic Comb Bindings,23.24,5,0.2,7.553
7192,CA-2013-116918,2013-02-10,2013-07-10,Second Class,JK-15205,Jamie Kunitz,Consumer,United States,Hialeah,Florida,33012,South,OFF-BI-10004140,Office Supplies,Binders,Avery Non-Stick Binders,5.388,4,0.7,-4.49
7193,CA-2013-116918,2013-02-10,2013-07-10,Second Class,JK-15205,Jamie Kunitz,Consumer,United States,Hialeah,Florida,33012,South,OFF-AR-10003631,Office Supplies,Art,Staples,30.976,8,0.2,5.0336
7194,CA-2013-110492,2013-12-02,,First Class,JS-15880,John Stevenson,Consumer,United States,Atlanta,Georgia,30318,South,OFF-ST-10003716,Office Supplies,Storage,Tennsco Double-Tier Lockers,1350.12,6,0.0,175.5156
7195,CA-2013-110492,2013-12-02,,First Class,JS-15880,John Stevenson,Consumer,United States,Atlanta,Georgia,30318,South,OFF-BI-10003274,Office Supplies,Binders,"Avery Durable Slant Ring Binders, No Labels",15.92,4,0.0,7.4824
7199,US-2012-156797,2012-11-08,,Standard Class,PO-19180,Philisse Overcash,Home Office,United States,New York City,New York,10035,East,OFF-AR-10001427,Office Supplies,Art,Newell 330,11.96,2,0.0,3.1096
7200,US-2012-156797,2012-11-08,,Standard Class,PO-19180,Philisse Overcash,Home Office,United States,New York City,New York,10035,East,TEC-PH-10004614,Technology,Phones,AT&T 841000 Phone,138.0,2,0.0,34.5
7205,CA-2012-136658,2012-10-09,,Standard Class,BO-11425,Bobby Odegard,Consumer,United States,New York City,New York,10024,East,OFF-AR-10000817,Office Supplies,Art,Manco Dry-Lighter Erasable Highlighter,6.08,2,0.0,2.0672
7206,CA-2014-137414,2014-03-10,2014-07-10,Standard Class,CM-12115,Chad McGuire,Consumer,United States,San Francisco,California,94109,West,FUR-FU-10001424,Furniture,Furnishings,Dax Clear Box Frame,17.46,2,0.0,5.9364
7207,CA-2014-137414,2014-03-10,2014-07-10,Standard Class,CM-12115,Chad McGuire,Consumer,United States,San Francisco,California,94109,West,TEC-MA-10002930,Technology,Machines,Ricoh - Ink Collector Unit for GX3000 Series Printers,369.16,11,0.2,32.3015
7208,CA-2013-143476,2013-12-09,,First Class,LC-16930,Linda Cazamias,Corporate,United States,Phoenix,Arizona,85023,West,OFF-AR-10003759,Office Supplies,Art,"Crayola Anti Dust Chalk, 12/Pack",2.912,2,0.2,0.91
7209,CA-2013-143476,2013-12-09,,First Class,LC-16930,Linda Cazamias,Corporate,United States,Phoenix,Arizona,85023,West,OFF-PA-10001837,Office Supplies,Paper,Xerox 1976,20.736,4,0.2,7.2576
7210,CA-2013-143476,2013-12-09,,First Class,LC-16930,Linda Cazamias,Corporate,United States,Phoenix,Arizona,85023,West,OFF-PA-10001667,Office Supplies,Paper,Great White Multi-Use Recycled Paper (20Lb. and 84 Bright),9.568,2,0.2,2.99
7211,US-2013-119046,2013-03-06,2013-07-06,Standard Class,EH-13765,Edward Hooks,Corporate,United States,Seattle,Washington,98115,West,OFF-PA-10000246,Office Supplies,Paper,Riverleaf Stik-Withit Designer Note Cubes,30.18,3,0.0,13.8828
7212,US-2013-119046,2013-03-06,2013-07-06,Standard Class,EH-13765,Edward Hooks,Corporate,United States,Seattle,Washington,98115,West,OFF-BI-10001078,Office Supplies,Binders,"Acco PRESSTEX Data Binder with Storage Hooks, Dark Blue, 14 7/8"" X 11""",51.648,12,0.2,18.7224
7213,US-2013-119046,2013-03-06,2013-07-06,Standard Class,EH-13765,Edward Hooks,Corporate,United States,Seattle,Washington,98115,West,OFF-BI-10000138,Office Supplies,Binders,Acco Translucent Poly Ring Binders,11.232,3,0.2,3.9312
7217,CA-2012-150770,2012-03-05,2012-06-05,First Class,LC-16870,Lena Cacioppo,Consumer,United States,San Francisco,California,94109,West,OFF-AR-10001246,Office Supplies,Art,Newell 317,8.82,3,0.0,2.5578
7218,CA-2012-150770,2012-03-05,2012-06-05,First Class,LC-16870,Lena Cacioppo,Consumer,United States,San Francisco,California,94109,West,OFF-BI-10002026,Office Supplies,Binders,Ibico Recycled Linen-Style Covers,62.496,2,0.2,21.8736
7219,CA-2012-150770,2012-03-05,2012-06-05,First Class,LC-16870,Lena Cacioppo,Consumer,United States,San Francisco,California,94109,West,TEC-AC-10000844,Technology,Accessories,Logitech Gaming G510s - Keyboard,339.96,4,0.0,122.3856
7220,CA-2012-150770,2012-03-05,2012-06-05,First Class,LC-16870,Lena Cacioppo,Consumer,United States,San Francisco,California,94109,West,OFF-BI-10001575,Office Supplies,Binders,GBC Linen Binding Covers,49.568,2,0.2,17.3488
7221,CA-2014-154760,2014-10-01,,Standard Class,BP-11290,Beth Paige,Consumer,United States,Philadelphia,Pennsylvania,19140,East,OFF-BI-10004632,Office Supplies,Binders,Ibico Hi-Tech Manual Binding System,274.491,3,0.7,-228.7425
7223,CA-2014-113075,2014-03-09,2014-07-09,Standard Class,MC-18100,Mick Crebagga,Consumer,United States,Chicago,Illinois,60623,Central,TEC-AC-10003441,Technology,Accessories,Kingston Digital DataTraveler 32GB USB 2.0,40.68,3,0.2,-7.119
7234,CA-2013-137337,2013-09-03,,Standard Class,GB-14575,Giulietta Baptist,Consumer,United States,New York City,New York,10011,East,FUR-FU-10003347,Furniture,Furnishings,Coloredge Poster Frame,113.6,8,0.0,44.304
7235,CA-2013-137337,2013-09-03,,Standard Class,GB-14575,Giulietta Baptist,Consumer,United States,New York City,New York,10011,East,OFF-PA-10001934,Office Supplies,Paper,Xerox 1993,12.96,2,0.0,6.3504
7236,CA-2013-137337,2013-09-03,,Standard Class,GB-14575,Giulietta Baptist,Consumer,United States,New York City,New York,10011,East,OFF-BI-10000632,Office Supplies,Binders,Satellite Sectional Post Binders,69.456,2,0.2,22.5732
7237,CA-2011-138737,2011-07-12,2011-10-12,First Class,FP-14320,Frank Preis,Consumer,United States,Los Angeles,California,90049,West,OFF-AR-10003190,Office Supplies,Art,Newell 32,8.64,3,0.0,2.4192
7238,CA-2013-164924,2013-11-07,2013-11-07,Same Day,EA-14035,Erin Ashbrook,Corporate,United States,Philadelphia,Pennsylvania,19143,East,TEC-MA-10000904,Technology,Machines,"Brother MFC-9340CDW LED All-In-One Printer, Copier Scanner",341.991,3,0.7,-319.1916
7246,CA-2014-145807,2014-10-02,,Standard Class,SB-20170,Sarah Bern,Consumer,United States,Los Angeles,California,90032,West,OFF-ST-10001370,Office Supplies,Storage,Sensible Storage WireTech Storage Systems,354.9,5,0.0,17.745
7247,US-2011-127978,2011-03-03,2011-08-03,Standard Class,JS-15595,Jill Stevenson,Corporate,United States,Columbus,Ohio,43229,East,OFF-LA-10000305,Office Supplies,Labels,Avery 495,15.12,3,0.2,4.914
7248,US-2011-127978,2011-03-03,2011-08-03,Standard Class,JS-15595,Jill Stevenson,Corporate,United States,Columbus,Ohio,43229,East,FUR-BO-10001972,Furniture,Bookcases,O'Sullivan 4-Shelf Bookcase in Odessa Pine,302.45,5,0.5,-199.617
7249,US-2011-127978,2011-03-03,2011-08-03,Standard Class,JS-15595,Jill Stevenson,Corporate,United States,Columbus,Ohio,43229,East,OFF-ST-10002486,Office Supplies,Storage,Eldon Shelf Savers Cubes and Bins,44.672,8,0.2,-10.0512
7250,CA-2012-158491,2012-04-06,2012-09-06,Second Class,BP-11155,Becky Pak,Consumer,United States,Los Angeles,California,90008,West,TEC-AC-10001874,Technology,Accessories,Logitech Wireless Anywhere Mouse MX for PC and Mac,119.98,2,0.0,35.994
7251,CA-2012-158491,2012-04-06,2012-09-06,Second Class,BP-11155,Becky Pak,Consumer,United States,Los Angeles,California,90008,West,TEC-AC-10003870,Technology,Accessories,Logitech Z-906 Speaker sys - home theater - 5.1-CH,989.97,3,0.0,395.988
7262,CA-2014-137001,2014-11-06,,Second Class,GZ-14545,George Zrebassa,Corporate,United States,Thousand Oaks,California,91360,West,OFF-AR-10001231,Office Supplies,Art,"Sanford EarthWrite Recycled Pencils, Medium Soft, #2",14.7,7,0.0,4.116
7273,US-2013-150357,2013-11-10,,Standard Class,EB-13975,Erica Bern,Corporate,United States,Greensboro,North Carolina,27405,South,OFF-SU-10004498,Office Supplies,Supplies,Martin-Yale Premier Letter Opener,20.608,2,0.2,-4.3792
7274,US-2013-150357,2013-11-10,,Standard Class,EB-13975,Erica Bern,Corporate,United States,Greensboro,North Carolina,27405,South,OFF-BI-10002557,Office Supplies,Binders,Presstex Flexible Ring Binders,4.095,3,0.7,-2.73
7277,CA-2011-120670,2011-02-11,2011-06-11,Standard Class,JK-16120,Julie Kriz,Home Office,United States,Fort Lauderdale,Florida,33311,South,TEC-AC-10004171,Technology,Accessories,Razer Kraken 7.1 Surround Sound Over Ear USB Gaming Headset,799.92,10,0.2,239.976
7284,CA-2014-169439,2014-10-09,,Standard Class,LC-17140,Logan Currie,Consumer,United States,Cleveland,Ohio,44105,East,OFF-AR-10001374,Office Supplies,Art,"BIC Brite Liner Highlighters, Chisel Tip",25.92,5,0.2,3.888
7285,CA-2014-169439,2014-10-09,,Standard Class,LC-17140,Logan Currie,Consumer,United States,Cleveland,Ohio,44105,East,FUR-FU-10000723,Furniture,Furnishings,"Deflect-o EconoMat Studded, No Bevel Mat for Low Pile Carpeting",66.112,2,0.2,-9.0904
7289,CA-2011-158281,2011-02-09,2011-07-09,Standard Class,AG-10525,Andy Gerbode,Corporate,United States,Houston,Texas,77095,Central,TEC-MA-10002210,Technology,Machines,Epson TM-T88V Direct Thermal Printer - Monochrome - Desktop,559.71,3,0.4,-121.2705
7293,CA-2014-109183,2014-05-12,2014-10-12,Standard Class,LR-16915,Lena Radford,Consumer,United States,Nashville,Tennessee,37211,South,TEC-MA-10001856,Technology,Machines,Okidata C610n Printer,649.0,2,0.5,-272.58
7296,CA-2011-111899,2011-04-05,2011-05-05,First Class,NC-18340,Nat Carroll,Consumer,United States,Houston,Texas,77036,Central,OFF-AR-10001725,Office Supplies,Art,Boston Home & Office Model 2000 Electric Pencil Sharpeners,37.84,2,0.2,2.838
7297,CA-2011-111899,2011-04-05,2011-05-05,First Class,NC-18340,Nat Carroll,Consumer,United States,Houston,Texas,77036,Central,OFF-FA-10000840,Office Supplies,Fasteners,OIC Thumb-Tacks,5.472,6,0.2,1.8468
7298,CA-2012-101126,2012-10-02,,Second Class,NB-18655,Nona Balk,Corporate,United States,Philadelphia,Pennsylvania,19143,East,OFF-ST-10000943,Office Supplies,Storage,Eldon ProFile File 'N Store Portable File Tub Letter/Legal Size Black,77.24,5,0.2,7.724
7304,US-2014-117450,2014-05-09,2014-09-09,Standard Class,DO-13645,Doug O'Connell,Consumer,United States,Boynton Beach,Florida,33437,South,FUR-CH-10003817,Furniture,Chairs,"Global Value Steno Chair, Gray",97.184,2,0.2,6.074
7305,US-2014-117450,2014-05-09,2014-09-09,Standard Class,DO-13645,Doug O'Connell,Consumer,United States,Boynton Beach,Florida,33437,South,OFF-PA-10000289,Office Supplies,Paper,Xerox 213,10.368,2,0.2,3.6288
7307,CA-2013-144092,2013-06-11,2013-08-11,Second Class,LH-17155,Logan Haushalter,Consumer,United States,San Jose,California,95123,West,TEC-AC-10002305,Technology,Accessories,KeyTronic E03601U1 - Keyboard - Beige,72.0,4,0.0,12.96
7308,CA-2013-144092,2013-06-11,2013-08-11,Second Class,LH-17155,Logan Haushalter,Consumer,United States,San Jose,California,95123,West,FUR-CH-10004875,Furniture,Chairs,Harbour Creations 67200 Series Stacking Chairs,113.888,2,0.2,9.9652
7309,CA-2013-144092,2013-06-11,2013-08-11,Second Class,LH-17155,Logan Haushalter,Consumer,United States,San Jose,California,95123,West,OFF-EN-10001434,Office Supplies,Envelopes,"Strathmore #10 Envelopes, Ultimate White",158.13,3,0.0,77.4837
7310,CA-2014-112172,2014-11-06,,Second Class,MM-18280,Muhammed MacIntyre,Corporate,United States,New York City,New York,10024,East,OFF-FA-10004395,Office Supplies,Fasteners,Plymouth Boxed Rubber Bands by Plymouth,14.13,3,0.0,0.7065
7311,CA-2012-121699,2012-10-08,,Standard Class,BD-11320,Bill Donatelli,Consumer,United States,Detroit,Michigan,48227,Central,OFF-BI-10004632,Office Supplies,Binders,GBC Binding covers,64.75,5,0.0,29.1375
7312,CA-2012-162761,2012-09-10,,Standard Class,SC-20575,Sonia Cooley,Consumer,United States,Miami,Florida,33178,South,OFF-BI-10000145,Office Supplies,Binders,Zipper Ring Binder Pockets,1.872,2,0.7,-1.3104
7313,CA-2012-162761,2012-09-10,,Standard Class,SC-20575,Sonia Cooley,Consumer,United States,Miami,Florida,33178,South,OFF-BI-10002498,Office Supplies,Binders,Clear Mylar Reinforcing Strips,11.214,2,0.7,-8.5974
7314,CA-2012-162761,2012-09-10,,Standard Class,SC-20575,Sonia Cooley,Consumer,United States,Miami,Florida,33178,South,OFF-AR-10001761,Office Supplies,Art,Avery Hi-Liter Smear-Safe Highlighters,37.376,8,0.2,7.4752
7316,CA-2014-115322,2014-12-05,,Second Class,ZC-21910,Zuschuss Carroll,Consumer,United States,New York City,New York,10024,East,OFF-AR-10004456,Office Supplies,Art,Panasonic KP-4ABK Battery-Operated Pencil Sharpener,43.92,3,0.0,12.7368
7322,CA-2014-167626,2014-04-09,2014-08-09,Standard Class,MY-18295,Muhammed Yedwab,Corporate,United States,Chicago,Illinois,60623,Central,OFF-PA-10003424,Office Supplies,Paper,"""While you Were Out"" Message Book, One Form per Page",8.904,3,0.2,3.339
7323,CA-2014-167626,2014-04-09,2014-08-09,Standard Class,MY-18295,Muhammed Yedwab,Corporate,United States,Chicago,Illinois,60623,Central,TEC-AC-10004353,Technology,Accessories,Hypercom P1300 Pinpad,100.8,2,0.2,21.42
7324,US-2014-126053,2014-06-12,2014-09-12,First Class,CS-11950,Carlos Soltero,Consumer,United States,New York City,New York,10024,East,FUR-FU-10001934,Furniture,Furnishings,Magnifier Swing Arm Lamp,41.96,2,0.0,10.9096
7325,US-2014-126053,2014-06-12,2014-09-12,First Class,CS-11950,Carlos Soltero,Consumer,United States,New York City,New York,10024,East,OFF-LA-10003766,Office Supplies,Labels,Self-Adhesive Removable Labels,9.45,3,0.0,4.536
7326,US-2014-128447,2014-11-11,,Standard Class,MC-17845,Michael Chen,Consumer,United States,Pasco,Washington,99301,West,OFF-AP-10004540,Office Supplies,Appliances,"Eureka The Boss Lite 10-Amp Upright Vacuum, Blue",400.8,5,0.0,112.224
7327,US-2014-128447,2014-11-11,,Standard Class,MC-17845,Michael Chen,Consumer,United States,Pasco,Washington,99301,West,OFF-BI-10001543,Office Supplies,Binders,GBC VeloBinder Manual Binding System,28.792,1,0.2,10.0772
7334,CA-2012-125563,2012-11-04,,Standard Class,PR-18880,Patrick Ryan,Consumer,United States,Tampa,Florida,33614,South,FUR-FU-10001290,Furniture,Furnishings,Executive Impressions Supervisor Wall Clock,67.36,2,0.2,10.104
7335,CA-2012-125563,2012-11-04,,Standard Class,PR-18880,Patrick Ryan,Consumer,United States,Tampa,Florida,33614,South,FUR-FU-10000087,Furniture,Furnishings,"Executive Impressions 14"" Two-Color Numerals Wall Clock",54.528,3,0.2,14.3136
7345,CA-2014-168389,2014-12-12,,Standard Class,DV-13045,Darrin Van Huff,Corporate,United States,Jacksonville,Florida,32216,South,FUR-TA-10004289,Furniture,Tables,BoxOffice By Design Rectangular and Half-Moon Meeting Room Tables,721.875,6,0.45,-420.0
7346,CA-2014-168389,2014-12-12,,Standard Class,DV-13045,Darrin Van Huff,Corporate,United States,Jacksonville,Florida,32216,South,TEC-PH-10003555,Technology,Phones,Motorola HK250 Universal Bluetooth Headset,73.568,4,0.2,-16.5528
7347,CA-2014-168389,2014-12-12,,Standard Class,DV-13045,Darrin Van Huff,Corporate,United States,Jacksonville,Florida,32216,South,OFF-AR-10001958,Office Supplies,Art,Stanley Bostitch Contemporary Electric Pencil Sharpeners,13.584,1,0.2,1.3584
7348,CA-2014-168389,2014-12-12,,Standard Class,DV-13045,Darrin Van Huff,Corporate,United States,Jacksonville,Florida,32216,South,FUR-CH-10000225,Furniture,Chairs,"Global Geo Office Task Chair, Gray",64.784,1,0.2,-12.147
7349,CA-2011-130421,2011-03-03,2011-07-03,Standard Class,SC-20020,Sam Craven,Consumer,United States,Houston,Texas,77095,Central,OFF-AP-10002534,Office Supplies,Appliances,3.6 Cubic Foot Counter Height Office Refrigerator,176.772,3,0.8,-459.6072
7352,CA-2014-141138,2014-11-11,,Standard Class,GH-14425,Gary Hwang,Consumer,United States,Modesto,California,95351,West,TEC-AC-10001772,Technology,Accessories,Memorex Mini Travel Drive 16 GB USB 2.0 Flash Drive,111.79,7,0.0,43.5981
7355,CA-2014-154102,2014-07-02,,Standard Class,SN-20560,Skye Norling,Home Office,United States,San Francisco,California,94109,West,OFF-PA-10001593,Office Supplies,Paper,Xerox 1947,29.9,5,0.0,13.455
7357,CA-2013-114748,2013-10-10,,Standard Class,MZ-17335,Maria Zettner,Home Office,United States,Phoenix,Arizona,85023,West,OFF-AR-10001315,Office Supplies,Art,Newell 310,1.408,1,0.2,0.1584
7358,CA-2013-114748,2013-10-10,,Standard Class,MZ-17335,Maria Zettner,Home Office,United States,Phoenix,Arizona,85023,West,FUR-FU-10001488,Furniture,Furnishings,"Tenex 46"" x 60"" Computer Anti-Static Chairmat, Rectangular Shaped",169.568,2,0.2,0.0
7370,CA-2012-110345,2012-09-03,2012-11-03,Second Class,TG-21310,Toby Gnade,Consumer,United States,Raleigh,North Carolina,27604,South,OFF-LA-10001175,Office Supplies,Labels,Avery 514,4.608,2,0.2,1.6704
7372,US-2014-123862,2014-08-01,2014-10-01,Second Class,JF-15190,Jamie Frazer,Consumer,United States,Long Beach,California,90805,West,OFF-ST-10000760,Office Supplies,Storage,Eldon Fold 'N Roll Cart System,153.78,11,0.0,44.5962
7373,US-2014-123862,2014-08-01,2014-10-01,Second Class,JF-15190,Jamie Frazer,Consumer,United States,Long Beach,California,90805,West,OFF-ST-10002301,Office Supplies,Storage,Tennsco Commercial Shelving,61.02,3,0.0,0.6102
7374,US-2014-123862,2014-08-01,2014-10-01,Second Class,JF-15190,Jamie Frazer,Consumer,United States,Long Beach,California,90805,West,OFF-SU-10004884,Office Supplies,Supplies,Acme Galleria Hot Forged Steel Scissors with Colored Handles,110.11,7,0.0,31.9319
7375,US-2014-123862,2014-08-01,2014-10-01,Second Class,JF-15190,Jamie Frazer,Consumer,United States,Long Beach,California,90805,West,OFF-FA-10003112,Office Supplies,Fasteners,Staples,7.89,1,0.0,3.5505
7377,US-2014-145597,2014-03-11,2014-06-11,First Class,GG-14650,Greg Guthrie,Corporate,United States,Bloomington,Illinois,61701,Central,OFF-AR-10001958,Office Supplies,Art,Stanley Bostitch Contemporary Electric Pencil Sharpeners,54.336,4,0.2,5.4336
7392,CA-2014-160031,2014-05-12,2014-08-12,Second Class,LT-16765,Larry Tron,Consumer,United States,Fairfield,Ohio,45014,East,OFF-PA-10000241,Office Supplies,Paper,"IBM Multi-Purpose Copy Paper, 8 1/2 x 11"", Case",74.352,3,0.2,23.235
7393,CA-2014-147844,2014-03-05,2014-07-05,Standard Class,DD-13570,Dorothy Dickinson,Consumer,United States,Los Angeles,California,90049,West,OFF-PA-10003016,Office Supplies,Paper,"Adams ""While You Were Out"" Message Pads",15.7,5,0.0,7.065
7394,CA-2014-147844,2014-03-05,2014-07-05,Standard Class,DD-13570,Dorothy Dickinson,Consumer,United States,Los Angeles,California,90049,West,OFF-AR-10001615,Office Supplies,Art,Newell 34,59.52,3,0.0,15.4752
7395,CA-2014-147844,2014-03-05,2014-07-05,Standard Class,DD-13570,Dorothy Dickinson,Consumer,United States,Los Angeles,California,90049,West,OFF-PA-10002713,Office Supplies,Paper,"Adams Phone Message Book, 200 Message Capacity, 8 1/16 x 11",34.4,5,0.0,15.824
7399,CA-2011-124807,2011-12-07,,Second Class,ME-17725,Max Engle,Consumer,United States,Chicago,Illinois,60610,Central,OFF-PA-10001526,Office Supplies,Paper,Xerox 1949,35.856,9,0.2,12.9978
7400,CA-2011-124807,2011-12-07,,Second Class,ME-17725,Max Engle,Consumer,United States,Chicago,Illinois,60610,Central,TEC-AC-10002857,Technology,Accessories,"Verbatim 25 GB 6x Blu-ray Single Layer Recordable Disc, 1/Pack",23.84,4,0.2,3.278
7401,CA-2013-110009,2013-09-09,,Standard Class,TR-21325,Toby Ritter,Consumer,United States,Seattle,Washington,98103,West,FUR-FU-10003039,Furniture,Furnishings,"Howard Miller 11-1/2"" Diameter Grantwood Wall Clock",43.13,1,0.0,14.6642
7402,CA-2013-110009,2013-09-09,,Standard Class,TR-21325,Toby Ritter,Consumer,United States,Seattle,Washington,98103,West,OFF-PA-10002615,Office Supplies,Paper,"Ampad Gold Fibre Wirebound Steno Books, 6"" x 9"", Gregg Ruled",30.87,7,0.0,14.2002
7403,CA-2014-168172,2014-07-08,2014-11-08,Standard Class,SH-20395,Shahid Hopkins,Consumer,United States,New York City,New York,10011,East,OFF-SU-10002573,Office Supplies,Supplies,"Acme 10"" Easy Grip Assistive Scissors",70.12,4,0.0,21.036
7410,CA-2011-121769,2011-08-04,2011-12-04,Standard Class,JS-15880,John Stevenson,Consumer,United States,Toledo,Ohio,43615,East,FUR-TA-10004442,Furniture,Tables,Riverside Furniture Stanwyck Manor Table Series,172.11,1,0.4,-94.6605
7424,CA-2014-135069,2014-11-04,,Standard Class,BS-11755,Bruce Stewart,Consumer,United States,Philadelphia,Pennsylvania,19143,East,OFF-AP-10000026,Office Supplies,Appliances,Tripp Lite Isotel 6 Outlet Surge Protector with Fax/Modem Protection,195.104,4,0.2,21.9492
7425,CA-2014-135069,2014-11-04,,Standard Class,BS-11755,Bruce Stewart,Consumer,United States,Philadelphia,Pennsylvania,19143,East,FUR-FU-10003878,Furniture,Furnishings,"Linden 10"" Round Wall Clock, Black",36.672,3,0.2,6.4176
7433,CA-2011-161249,2011-09-08,,Standard Class,RD-19720,Roger Demir,Consumer,United States,Phoenix,Arizona,85023,West,OFF-FA-10004838,Office Supplies,Fasteners,"Super Bands, 12/Pack",4.464,3,0.2,-0.9486
7434,CA-2011-161249,2011-09-08,,Standard Class,RD-19720,Roger Demir,Consumer,United States,Phoenix,Arizona,85023,West,OFF-BI-10001097,Office Supplies,Binders,Avery Hole Reinforcements,9.345,5,0.7,-6.5415
7440,US-2014-163657,2014-03-09,2014-07-09,Standard Class,JL-15235,Janet Lee,Consumer,United States,Los Angeles,California,90049,West,OFF-BI-10000138,Office Supplies,Binders,Acco Translucent Poly Ring Binders,18.72,5,0.2,6.552
7441,US-2014-163657,2014-03-09,2014-07-09,Standard Class,JL-15235,Janet Lee,Consumer,United States,Los Angeles,California,90049,West,FUR-TA-10004607,Furniture,Tables,Hon 2111 Invitation Series Straight Table,236.528,2,0.2,-2.9566
7443,CA-2011-109932,2011-09-12,2011-11-12,First Class,VP-21760,Victoria Pisteka,Corporate,United States,Brownsville,Texas,78521,Central,OFF-PA-10001804,Office Supplies,Paper,Xerox 195,10.688,2,0.2,3.7408
7444,CA-2011-109932,2011-09-12,2011-11-12,First Class,VP-21760,Victoria Pisteka,Corporate,United States,Brownsville,Texas,78521,Central,OFF-ST-10000036,Office Supplies,Storage,"Recycled Data-Pak for Archival Bound Computer Printouts, 12-1/2 x 12-1/2 x 16",237.096,3,0.2,20.7459
7445,CA-2014-127474,2014-04-02,2014-08-02,Second Class,RD-19810,Ross DeVincentis,Home Office,United States,Chicago,Illinois,60610,Central,OFF-PA-10001166,Office Supplies,Paper,Xerox 2,5.184,1,0.2,1.8144
7446,CA-2014-127474,2014-04-02,2014-08-02,Second Class,RD-19810,Ross DeVincentis,Home Office,United States,Chicago,Illinois,60610,Central,OFF-PA-10001033,Office Supplies,Paper,Xerox 1893,65.584,2,0.2,23.7742
7447,CA-2014-127474,2014-04-02,2014-08-02,Second Class,RD-19810,Ross DeVincentis,Home Office,United States,Chicago,Illinois,60610,Central,FUR-FU-10004597,Furniture,Furnishings,Eldon Cleatmat Chair Mats for Medium Pile Carpets,22.2,1,0.6,-26.085
7448,CA-2014-127474,2014-04-02,2014-08-02,Second Class,RD-19810,Ross DeVincentis,Home Office,United States,Chicago,Illinois,60610,Central,OFF-PA-10000418,Office Supplies,Paper,Xerox 189,419.4,5,0.2,146.79
7449,CA-2014-115448,2014-12-11,,First Class,MH-18025,Michelle Huthwaite,Consumer,United States,Knoxville,Tennessee,37918,South,FUR-FU-10004090,Furniture,Furnishings,"Executive Impressions 14"" Contract Wall Clock",88.92,5,0.2,14.4495
7461,US-2012-136987,2012-11-04,,Second Class,AR-10540,Andy Reiter,Consumer,United States,Los Angeles,California,90004,West,TEC-CO-10001943,Technology,Copiers,Canon PC-428 Personal Copier,639.968,4,0.2,215.9892
7462,US-2012-136987,2012-11-04,,Second Class,AR-10540,Andy Reiter,Consumer,United States,Los Angeles,California,90004,West,OFF-PA-10003127,Office Supplies,Paper,Staples,52.76,2,0.0,24.2696
7464,CA-2013-103709,2013-09-09,,Standard Class,LP-17095,Liz Preis,Consumer,United States,Visalia,California,93277,West,OFF-AR-10003338,Office Supplies,Art,"Eberhard Faber 3 1/2"" Golf Pencils",14.88,2,0.0,3.72
7465,CA-2013-103709,2013-09-09,,Standard Class,LP-17095,Liz Preis,Consumer,United States,Visalia,California,93277,West,OFF-PA-10004610,Office Supplies,Paper,Xerox 1900,34.24,8,0.0,15.408
7466,CA-2013-103709,2013-09-09,,Standard Class,LP-17095,Liz Preis,Consumer,United States,Visalia,California,93277,West,OFF-ST-10001272,Office Supplies,Storage,"Mini 13-1/2 Capacity Data Binder Rack, Pearl",261.74,2,0.0,65.435
7468,CA-2014-148985,2014-12-11,,Second Class,TB-21190,Thomas Brumley,Home Office,United States,Los Angeles,California,90045,West,FUR-FU-10001424,Furniture,Furnishings,Dax Clear Box Frame,34.92,4,0.0,11.8728
7473,CA-2013-139997,2013-02-07,2013-04-07,First Class,EM-14140,Eugene Moren,Home Office,United States,Lehi,Utah,84043,West,TEC-CO-10000971,Technology,Copiers,Hewlett Packard 310 Color Digital Copier,1499.95,5,0.0,449.985
7474,CA-2013-109652,2013-11-04,,Standard Class,QJ-19255,Quincy Jones,Corporate,United States,Chicago,Illinois,60653,Central,OFF-AR-10000034,Office Supplies,Art,"BIC Brite Liner Grip Highlighters, Assorted, 5/Pack",13.568,4,0.2,3.2224
7475,CA-2011-167199,2011-07-01,2011-11-01,Standard Class,ME-17320,Maria Etezadi,Home Office,United States,Henderson,Kentucky,42420,South,FUR-CH-10004063,Furniture,Chairs,Global Deluxe High-Back Manager's Chair,2573.82,9,0.0,746.4078
7476,CA-2011-167199,2011-07-01,2011-11-01,Standard Class,ME-17320,Maria Etezadi,Home Office,United States,Henderson,Kentucky,42420,South,OFF-BI-10004632,Office Supplies,Binders,Ibico Hi-Tech Manual Binding System,609.98,2,0.0,274.491
7477,CA-2011-167199,2011-07-01,2011-11-01,Standard Class,ME-17320,Maria Etezadi,Home Office,United States,Henderson,Kentucky,42420,South,OFF-AR-10001662,Office Supplies,Art,Rogers Handheld Barrel Pencil Sharpener,5.48,2,0.0,1.4796
7478,CA-2011-167199,2011-07-01,2011-11-01,Standard Class,ME-17320,Maria Etezadi,Home Office,United States,Henderson,Kentucky,42420,South,TEC-PH-10004977,Technology,Phones,GE 30524EE4,391.98,2,0.0,113.6742
7479,CA-2011-167199,2011-07-01,2011-11-01,Standard Class,ME-17320,Maria Etezadi,Home Office,United States,Henderson,Kentucky,42420,South,TEC-PH-10004539,Technology,Phones,Wireless Extenders zBoost YX545 SOHO Signal Booster,755.96,4,0.0,204.1092
7480,CA-2011-167199,2011-07-01,2011-11-01,Standard Class,ME-17320,Maria Etezadi,Home Office,United States,Henderson,Kentucky,42420,South,OFF-FA-10001883,Office Supplies,Fasteners,"Alliance Super-Size Bands, Assorted Sizes",31.12,4,0.0,0.3112
7481,CA-2011-167199,2011-07-01,2011-11-01,Standard Class,ME-17320,Maria Etezadi,Home Office,United States,Henderson,Kentucky,42420,South,OFF-PA-10000955,Office Supplies,Paper,Southworth 25% Cotton Granite Paper & Envelopes,6.54,1,0.0,3.0084
7482,CA-2013-124583,2013-02-09,2013-04-09,Second Class,LB-16795,Laurel Beltran,Home Office,United States,Huntington Beach,California,92646,West,OFF-EN-10002500,Office Supplies,Envelopes,Globe Weis Peel & Seel First Class Envelopes,12.78,1,0.0,5.751
7490,CA-2014-157196,2014-06-11,2014-10-11,Standard Class,AA-10645,Anna Andreadi,Consumer,United States,San Diego,California,92105,West,OFF-PA-10003172,Office Supplies,Paper,Xerox 1996,12.96,2,0.0,6.2208
7491,CA-2012-108672,2012-10-09,,Standard Class,FA-14230,Frank Atkinson,Corporate,United States,Los Angeles,California,90032,West,FUR-FU-10003799,Furniture,Furnishings,"Seth Thomas 13 1/2"" Wall Clock",106.68,6,0.0,33.0708
7493,US-2014-160836,2014-12-09,,Standard Class,CC-12475,Cindy Chapman,Consumer,United States,Houston,Texas,77070,Central,OFF-PA-10004239,Office Supplies,Paper,Xerox 1953,10.272,3,0.2,3.21
7494,US-2014-160836,2014-12-09,,Standard Class,CC-12475,Cindy Chapman,Consumer,United States,Houston,Texas,77070,Central,FUR-TA-10002855,Furniture,Tables,Bevis Round Conference Table Top & Single Column Base,512.19,5,0.3,-65.853
7495,US-2014-160836,2014-12-09,,Standard Class,CC-12475,Cindy Chapman,Consumer,United States,Houston,Texas,77070,Central,OFF-AP-10001626,Office Supplies,Appliances,"Commercial WindTunnel Clean Air Upright Vacuum, Replacement Belts, Filtration Bags",1.556,2,0.8,-4.2012
7506,US-2014-106579,2014-09-06,,Standard Class,BW-11200,Ben Wallace,Consumer,United States,Skokie,Illinois,60076,Central,OFF-BI-10000309,Office Supplies,Binders,"GBC Twin Loop Wire Binding Elements, 9/16"" Spine, Black",12.176,4,0.8,-18.8728
7507,CA-2011-115889,2011-02-11,2011-06-11,Standard Class,SH-20395,Shahid Hopkins,Consumer,United States,San Francisco,California,94122,West,TEC-PH-10001615,Technology,Phones,AT&T CL82213,46.384,2,0.2,5.2182
7508,CA-2011-115889,2011-02-11,2011-06-11,Standard Class,SH-20395,Shahid Hopkins,Consumer,United States,San Francisco,California,94122,West,OFF-ST-10003208,Office Supplies,Storage,Adjustable Depth Letter/Legal Cart,362.92,2,0.0,105.2468
7515,US-2014-167920,2014-10-12,,Second Class,JL-15835,John Lee,Consumer,United States,Richmond,Kentucky,40475,South,OFF-BI-10004236,Office Supplies,Binders,"XtraLife ClearVue Slant-D Ring Binder, White, 3""",29.36,2,0.0,13.5056
7516,US-2014-167920,2014-10-12,,Second Class,JL-15835,John Lee,Consumer,United States,Richmond,Kentucky,40475,South,OFF-AP-10000159,Office Supplies,Appliances,Belkin F9M820V08 8 Outlet Surge,214.9,5,0.0,62.321
7517,US-2014-167920,2014-10-12,,Second Class,JL-15835,John Lee,Consumer,United States,Richmond,Kentucky,40475,South,OFF-BI-10003274,Office Supplies,Binders,"Avery Durable Slant Ring Binders, No Labels",15.92,4,0.0,7.4824
7518,US-2014-167920,2014-10-12,,Second Class,JL-15835,John Lee,Consumer,United States,Richmond,Kentucky,40475,South,TEC-AC-10001013,Technology,Accessories,Logitech ClearChat Comfort/USB Headset H390,146.45,5,0.0,48.3285
7519,US-2014-167920,2014-10-12,,Second Class,JL-15835,John Lee,Consumer,United States,Richmond,Kentucky,40475,South,OFF-ST-10004963,Office Supplies,Storage,Eldon Gobal File Keepers,15.14,1,0.0,0.6056
7520,US-2014-167920,2014-10-12,,Second Class,JL-15835,John Lee,Consumer,United States,Richmond,Kentucky,40475,South,OFF-LA-10004409,Office Supplies,Labels,Avery 492,5.76,2,0.0,2.6496
7521,US-2014-167920,2014-10-12,,Second Class,JL-15835,John Lee,Consumer,United States,Richmond,Kentucky,40475,South,TEC-CO-10001046,Technology,Copiers,Canon Imageclass D680 Copier / Fax,1399.98,2,0.0,629.991
7522,CA-2013-162383,2013-06-09,2013-12-09,Standard Class,MD-17350,Maribeth Dona,Consumer,United States,Lancaster,Ohio,43130,East,OFF-BI-10002824,Office Supplies,Binders,Recycled Easel Ring Binders,8.952,2,0.7,-7.46
7523,CA-2013-162383,2013-06-09,2013-12-09,Standard Class,MD-17350,Maribeth Dona,Consumer,United States,Lancaster,Ohio,43130,East,OFF-BI-10001757,Office Supplies,Binders,Pressboard Hanging Data Binders for Unburst Sheets,8.856,6,0.7,-6.4944
7524,CA-2013-162383,2013-06-09,2013-12-09,Standard Class,MD-17350,Maribeth Dona,Consumer,United States,Lancaster,Ohio,43130,East,FUR-CH-10004477,Furniture,Chairs,"Global Push Button Manager's Chair, Indigo",85.246,2,0.3,-1.2178
7525,CA-2011-125731,2011-10-09,,Standard Class,CL-12565,Clay Ludtke,Consumer,United States,Gresham,Oregon,97030,West,OFF-EN-10003072,Office Supplies,Envelopes,Peel & Seel Envelopes,21.728,7,0.2,7.6048
7526,CA-2011-125731,2011-10-09,,Standard Class,CL-12565,Clay Ludtke,Consumer,United States,Gresham,Oregon,97030,West,FUR-CH-10003973,Furniture,Chairs,GuestStacker Chair with Chrome Finish Legs,1487.04,5,0.2,148.704
7536,US-2014-160143,2014-01-04,2014-08-04,Standard Class,HG-14965,Henry Goldwyn,Corporate,United States,Los Angeles,California,90004,West,OFF-SU-10004231,Office Supplies,Supplies,Acme Tagit Stainless Steel Antibacterial Scissors,29.7,3,0.0,8.019
7537,CA-2014-103415,2014-04-12,2014-09-12,Standard Class,MV-17485,Mark Van Huff,Consumer,United States,Houston,Texas,77041,Central,FUR-FU-10000820,Furniture,Furnishings,Tensor Brushed Steel Torchiere Floor Lamp,13.592,2,0.6,-14.2716
7539,US-2014-112347,2014-03-12,2014-07-12,Standard Class,BS-11380,Bill Stewart,Corporate,United States,Denver,Colorado,80219,West,OFF-ST-10003306,Office Supplies,Storage,Letter Size Cart,114.288,1,0.2,12.8574
7540,US-2014-112347,2014-03-12,2014-07-12,Standard Class,BS-11380,Bill Stewart,Corporate,United States,Denver,Colorado,80219,West,OFF-BI-10003707,Office Supplies,Binders,Aluminum Screw Posts,36.624,8,0.7,-24.416
7541,US-2014-112347,2014-03-12,2014-07-12,Standard Class,BS-11380,Bill Stewart,Corporate,United States,Denver,Colorado,80219,West,FUR-BO-10003546,Furniture,Bookcases,Hon 4-Shelf Metal Bookcases,242.352,8,0.7,-363.528
7542,US-2014-112347,2014-03-12,2014-07-12,Standard Class,BS-11380,Bill Stewart,Corporate,United States,Denver,Colorado,80219,West,TEC-PH-10000213,Technology,Phones,Seidio BD2-HK3IPH5-BK DILEX Case and Holster Combo for Apple iPhone 5/5s - Black,49.616,2,0.2,4.9616
7543,US-2014-112347,2014-03-12,2014-07-12,Standard Class,BS-11380,Bill Stewart,Corporate,United States,Denver,Colorado,80219,West,FUR-FU-10001488,Furniture,Furnishings,"Tenex 46"" x 60"" Computer Anti-Static Chairmat, Rectangular Shaped",508.704,6,0.2,0.0
7544,US-2014-112347,2014-03-12,2014-07-12,Standard Class,BS-11380,Bill Stewart,Corporate,United States,Denver,Colorado,80219,West,TEC-PH-10004833,Technology,Phones,Macally Suction Cup Mount,57.36,6,0.2,-14.34
7545,US-2014-112347,2014-03-12,2014-07-12,Standard Class,BS-11380,Bill Stewart,Corporate,United States,Denver,Colorado,80219,West,FUR-CH-10002335,Furniture,Chairs,Hon GuestStacker Chair,906.68,5,0.2,68.001
7546,CA-2011-103492,2011-10-10,,Standard Class,CM-12715,Craig Molinari,Corporate,United States,Huntsville,Texas,77340,Central,TEC-PH-10001128,Technology,Phones,Motorola Droid Maxx,719.952,6,0.2,71.9952
7547,CA-2011-103492,2011-10-10,,Standard Class,CM-12715,Craig Molinari,Corporate,United States,Huntsville,Texas,77340,Central,TEC-PH-10004667,Technology,Phones,Cisco 8x8 Inc. 6753i IP Business Phone System,755.944,7,0.2,66.1451
7548,CA-2011-103492,2011-10-10,,Standard Class,CM-12715,Craig Molinari,Corporate,United States,Huntsville,Texas,77340,Central,OFF-BI-10004817,Office Supplies,Binders,GBC Personal VeloBind Strips,11.98,5,0.8,-19.168
7549,CA-2011-103492,2011-10-10,,Standard Class,CM-12715,Craig Molinari,Corporate,United States,Huntsville,Texas,77340,Central,OFF-BI-10004140,Office Supplies,Binders,Avery Non-Stick Binders,0.898,1,0.8,-1.5715
7550,CA-2013-136595,2013-06-09,2013-08-09,First Class,EM-13825,Elizabeth Moffitt,Corporate,United States,Houston,Texas,77036,Central,FUR-FU-10004671,Furniture,Furnishings,"Executive Impressions 12"" Wall Clock",21.204,3,0.6,-11.6622
7555,CA-2011-114181,2011-10-05,,Second Class,AF-10885,Art Foster,Consumer,United States,Philadelphia,Pennsylvania,19134,East,FUR-BO-10004467,Furniture,Bookcases,Bestar Classic Bookcase,349.965,7,0.5,-216.9783
7556,CA-2011-114181,2011-10-05,,Second Class,AF-10885,Art Foster,Consumer,United States,Philadelphia,Pennsylvania,19134,East,OFF-AR-10000716,Office Supplies,Art,DIXON Ticonderoga Erasable Checking Pencils,22.32,5,0.2,5.301
7559,US-2011-137155,2011-01-11,2011-05-11,Standard Class,DL-12925,Daniel Lacy,Consumer,United States,Long Beach,New York,11561,East,OFF-AP-10002518,Office Supplies,Appliances,Kensington 7 Outlet MasterPiece Power Center,533.94,3,0.0,154.8426
7560,US-2011-137155,2011-01-11,2011-05-11,Standard Class,DL-12925,Daniel Lacy,Consumer,United States,Long Beach,New York,11561,East,OFF-PA-10000806,Office Supplies,Paper,Xerox 1934,167.94,3,0.0,82.2906
7561,US-2011-137155,2011-01-11,2011-05-11,Standard Class,DL-12925,Daniel Lacy,Consumer,United States,Long Beach,New York,11561,East,FUR-FU-10003142,Furniture,Furnishings,"Master Big Foot Doorstop, Beige",31.68,6,0.0,9.8208
7563,US-2013-104815,2013-04-09,2013-08-09,Standard Class,RB-19570,Rob Beeghly,Consumer,United States,Chicago,Illinois,60610,Central,FUR-BO-10003894,Furniture,Bookcases,"Safco Value Mate Steel Bookcase, Baked Enamel Finish on Steel, Black",198.744,4,0.3,0.0
7564,CA-2014-157672,2014-06-10,2014-08-10,First Class,RB-19795,Ross Baird,Home Office,United States,Denver,Colorado,80219,West,TEC-AC-10001714,Technology,Accessories,Logitech MX Performance Wireless Mouse,63.824,2,0.2,13.5626
7569,CA-2011-133830,2011-05-12,2011-10-12,Standard Class,RL-19615,Rob Lucas,Consumer,United States,Los Angeles,California,90045,West,OFF-AR-10003045,Office Supplies,Art,Prang Colored Pencils,26.46,9,0.0,11.907
7570,CA-2011-133830,2011-05-12,2011-10-12,Standard Class,RL-19615,Rob Lucas,Consumer,United States,Los Angeles,California,90045,West,OFF-PA-10001363,Office Supplies,Paper,Xerox 1933,49.12,4,0.0,23.0864
7571,CA-2011-133830,2011-05-12,2011-10-12,Standard Class,RL-19615,Rob Lucas,Consumer,United States,Los Angeles,California,90045,West,OFF-FA-10002280,Office Supplies,Fasteners,Advantus Plastic Paper Clips,15.0,3,0.0,7.2
7575,CA-2012-129532,2012-08-12,2012-12-12,Standard Class,YS-21880,Yana Sorensen,Corporate,United States,Los Angeles,California,90036,West,OFF-ST-10004186,Office Supplies,Storage,"Stur-D-Stor Shelving, Vertical 5-Shelf: 72""H x 36""W x 18 1/2""D",221.96,2,0.0,4.4392
7576,CA-2012-129532,2012-08-12,2012-12-12,Standard Class,YS-21880,Yana Sorensen,Corporate,United States,Los Angeles,California,90036,West,TEC-AC-10000865,Technology,Accessories,WD My Passport Ultra 500GB Portable External Hard Drive,236.0,4,0.0,40.12
7577,CA-2011-134726,2011-02-11,2011-07-11,Second Class,SW-20755,Steven Ward,Corporate,United States,Seattle,Washington,98115,West,TEC-AC-10000023,Technology,Accessories,"Maxell 74 Minute CD-R Spindle, 50/Pack",41.94,2,0.0,15.0984
7578,CA-2011-134726,2011-02-11,2011-07-11,Second Class,SW-20755,Steven Ward,Corporate,United States,Seattle,Washington,98115,West,TEC-PH-10001750,Technology,Phones,Samsung Rugby III,52.792,1,0.2,4.6193
7591,CA-2013-158778,2013-06-09,2013-10-09,Standard Class,DB-13210,Dean Braden,Consumer,United States,Philadelphia,Pennsylvania,19134,East,FUR-FU-10000260,Furniture,Furnishings,"6"" Cubicle Wall Clock, Black",58.248,9,0.2,11.6496
7592,CA-2013-158778,2013-06-09,2013-10-09,Standard Class,DB-13210,Dean Braden,Consumer,United States,Philadelphia,Pennsylvania,19134,East,FUR-CH-10001146,Furniture,Chairs,"Global Task Chair, Black",71.246,2,0.3,-19.3382
7593,CA-2013-158778,2013-06-09,2013-10-09,Standard Class,DB-13210,Dean Braden,Consumer,United States,Philadelphia,Pennsylvania,19134,East,OFF-AR-10000896,Office Supplies,Art,Newell 329,7.872,3,0.2,0.5904
7594,CA-2013-158778,2013-06-09,2013-10-09,Standard Class,DB-13210,Dean Braden,Consumer,United States,Philadelphia,Pennsylvania,19134,East,FUR-CH-10000309,Furniture,Chairs,Global Comet Stacking Arm Chair,887.271,3,0.3,-63.3765
7604,CA-2013-152520,2013-09-07,,Standard Class,TH-21115,Thea Hudgings,Corporate,United States,Providence,Rhode Island,2908,East,OFF-PA-10000289,Office Supplies,Paper,Xerox 213,12.96,2,0.0,6.2208
7609,CA-2014-163209,2014-04-05,2014-08-05,Standard Class,MK-18160,Mike Kennedy,Consumer,United States,San Francisco,California,94122,West,OFF-PA-10001166,Office Supplies,Paper,Xerox 2,25.92,4,0.0,12.4416
7610,CA-2014-163209,2014-04-05,2014-08-05,Standard Class,MK-18160,Mike Kennedy,Consumer,United States,San Francisco,California,94122,West,OFF-AR-10003651,Office Supplies,Art,Newell 350,22.96,7,0.0,6.6584
7612,US-2012-130491,2012-08-02,2012-11-02,First Class,BH-11710,Brosina Hoffman,Consumer,United States,Garden City,Kansas,67846,Central,OFF-PA-10000791,Office Supplies,Paper,"Wirebound Message Books, Four 2 3/4 x 5 Forms per Page, 200 Sets per Book",9.54,2,0.0,4.293
7613,US-2012-130491,2012-08-02,2012-11-02,First Class,BH-11710,Brosina Hoffman,Consumer,United States,Garden City,Kansas,67846,Central,OFF-FA-10000134,Office Supplies,Fasteners,"Advantus Push Pins, Aluminum Head",5.81,1,0.0,1.8011
7614,US-2012-130491,2012-08-02,2012-11-02,First Class,BH-11710,Brosina Hoffman,Consumer,United States,Garden City,Kansas,67846,Central,OFF-AR-10001149,Office Supplies,Art,"Sanford Colorific Colored Pencils, 12/Box",5.76,2,0.0,1.728
7617,CA-2013-144309,2013-11-12,,Standard Class,CM-12235,Chris McAfee,Consumer,United States,Watertown,New York,13601,East,OFF-PA-10001776,Office Supplies,Paper,"Wirebound Message Books, Four 2 3/4"" x 5"" Forms per Page, 600 Sets per Book",18.54,2,0.0,8.7138
7618,CA-2013-144309,2013-11-12,,Standard Class,CM-12235,Chris McAfee,Consumer,United States,Watertown,New York,13601,East,OFF-BI-10003656,Office Supplies,Binders,Fellowes PB200 Plastic Comb Binding Machine,679.96,5,0.2,220.987
7638,CA-2014-104885,2014-03-03,2014-09-03,Standard Class,DB-13555,Dorothy Badders,Corporate,United States,Newark,Delaware,19711,East,OFF-AR-10001615,Office Supplies,Art,Newell 34,59.52,3,0.0,15.4752
7639,CA-2014-104885,2014-03-03,2014-09-03,Standard Class,DB-13555,Dorothy Badders,Corporate,United States,Newark,Delaware,19711,East,OFF-EN-10003286,Office Supplies,Envelopes,Staples,57.96,7,0.0,27.2412
7640,CA-2014-104885,2014-03-03,2014-09-03,Standard Class,DB-13555,Dorothy Badders,Corporate,United States,Newark,Delaware,19711,East,FUR-BO-10003660,Furniture,Bookcases,"Bush Cubix Collection Bookcases, Fully Assembled",441.96,2,0.0,101.6508
7641,CA-2014-104885,2014-03-03,2014-09-03,Standard Class,DB-13555,Dorothy Badders,Corporate,United States,Newark,Delaware,19711,East,OFF-PA-10002764,Office Supplies,Paper,Staples,68.04,6,0.0,33.3396
7642,US-2013-157490,2013-07-10,2013-08-10,First Class,LB-16795,Laurel Beltran,Home Office,United States,Pueblo,Colorado,81001,West,TEC-MA-10001695,Technology,Machines,Zebra GK420t Direct Thermal/Thermal Transfer Printer,703.71,6,0.7,-938.28
7643,US-2013-157490,2013-07-10,2013-08-10,First Class,LB-16795,Laurel Beltran,Home Office,United States,Pueblo,Colorado,81001,West,OFF-BI-10002824,Office Supplies,Binders,Recycled Easel Ring Binders,17.904,4,0.7,-14.92
7644,US-2013-157490,2013-07-10,2013-08-10,First Class,LB-16795,Laurel Beltran,Home Office,United States,Pueblo,Colorado,81001,West,OFF-BI-10002571,Office Supplies,Binders,"Avery Framed View Binder, EZD Ring (Locking), Navy, 1 1/2""",11.976,4,0.7,-9.1816
7645,US-2013-157490,2013-07-10,2013-08-10,First Class,LB-16795,Laurel Beltran,Home Office,United States,Pueblo,Colorado,81001,West,TEC-AC-10001553,Technology,Accessories,"Memorex 25GB 6X Branded Blu-Ray Recordable Disc, 15/Pack",67.96,5,0.2,0.8495
7646,CA-2012-161452,2012-05-04,2012-11-04,Standard Class,CA-11965,Carol Adams,Corporate,United States,Los Angeles,California,90036,West,FUR-CH-10003973,Furniture,Chairs,GuestStacker Chair with Chrome Finish Legs,892.224,3,0.2,89.2224
7647,US-2011-115196,2011-09-09,,Standard Class,DL-12925,Daniel Lacy,Consumer,United States,Greenville,North Carolina,27834,South,TEC-MA-10002073,Technology,Machines,"3D Systems Cube Printer, 2nd Generation, White",1299.99,2,0.5,-571.9956
7652,CA-2014-110821,2014-08-08,2014-09-08,First Class,CK-12205,Chloris Kastensmidt,Consumer,United States,Dallas,Texas,75081,Central,TEC-AC-10001552,Technology,Accessories,Logitech K350 2.4Ghz Wireless Keyboard,119.448,3,0.2,-13.4379
7653,CA-2014-110821,2014-08-08,2014-09-08,First Class,CK-12205,Chloris Kastensmidt,Consumer,United States,Dallas,Texas,75081,Central,OFF-ST-10002790,Office Supplies,Storage,Safco Industrial Shelving,118.16,2,0.2,-25.109
7660,CA-2014-146493,2014-02-06,2014-06-06,Standard Class,CV-12805,Cynthia Voltz,Corporate,United States,Fremont,Nebraska,68025,Central,OFF-BI-10003676,Office Supplies,Binders,"GBC Standard Recycled Report Covers, Clear Plastic Sheets",53.9,5,0.0,25.872
7661,CA-2011-105417,2011-08-01,,Standard Class,VS-21820,Vivek Sundaresam,Consumer,United States,Huntsville,Texas,77340,Central,FUR-FU-10004864,Furniture,Furnishings,"Howard Miller 14-1/2"" Diameter Chrome Round Wall Clock",76.728,3,0.6,-53.7096
7662,CA-2011-105417,2011-08-01,,Standard Class,VS-21820,Vivek Sundaresam,Consumer,United States,Huntsville,Texas,77340,Central,OFF-BI-10003708,Office Supplies,Binders,"Acco Four Pocket Poly Ring Binder with Label Holder, Smoke, 1""",10.43,7,0.8,-18.2525
7666,US-2013-140158,2013-05-10,2013-09-10,Standard Class,DR-12940,Daniel Raglin,Home Office,United States,Providence,Rhode Island,2908,East,OFF-BI-10000977,Office Supplies,Binders,Ibico Plastic Spiral Binding Combs,30.4,1,0.0,13.984
7667,US-2013-140158,2013-05-10,2013-09-10,Standard Class,DR-12940,Daniel Raglin,Home Office,United States,Providence,Rhode Island,2908,East,TEC-CO-10001449,Technology,Copiers,Hewlett Packard LaserJet 3310 Copier,5399.91,9,0.0,2591.9568
7668,US-2013-140158,2013-05-10,2013-09-10,Standard Class,DR-12940,Daniel Raglin,Home Office,United States,Providence,Rhode Island,2908,East,OFF-ST-10000136,Office Supplies,Storage,Letter Size File,119.1,3,0.0,34.539
7676,CA-2014-133487,2014-07-05,2014-10-05,Second Class,TS-21655,Trudy Schmidt,Consumer,United States,Rancho Cucamonga,California,91730,West,OFF-AP-10001271,Office Supplies,Appliances,Eureka The Boss Cordless Rechargeable Stick Vac,152.94,3,0.0,41.2938
7677,CA-2011-142951,2011-08-10,2011-08-10,Same Day,JG-15115,Jack Garza,Consumer,United States,Charlotte,North Carolina,28205,South,TEC-AC-10002331,Technology,Accessories,"Maxell 74 Minute CDR, 10/Pack",23.472,3,0.2,4.9878
7696,CA-2014-107958,2014-03-07,2014-06-07,First Class,AH-10120,Adrian Hane,Home Office,United States,Houston,Texas,77036,Central,OFF-PA-10000357,Office Supplies,Paper,"White Dual Perf Computer Printout Paper, 2700 Sheets, 1 Part, Heavyweight, 20 lbs., 14 7/8 x 11",163.96,5,0.2,59.4355
7697,CA-2014-107958,2014-03-07,2014-06-07,First Class,AH-10120,Adrian Hane,Home Office,United States,Houston,Texas,77036,Central,OFF-BI-10001787,Office Supplies,Binders,Wilson Jones Four-Pocket Poly Binders,5.232,4,0.8,-8.1096
7711,US-2012-142811,2012-02-04,2012-07-04,Standard Class,JL-15850,John Lucas,Consumer,United States,Mesa,Arizona,85204,West,TEC-PH-10003095,Technology,Phones,Samsung HM1900 Bluetooth Headset,87.8,5,0.2,32.925
7715,CA-2011-150203,2011-05-12,2011-07-12,First Class,JB-15925,Joni Blumstein,Consumer,United States,Los Angeles,California,90032,West,OFF-AP-10001469,Office Supplies,Appliances,Fellowes 8 Outlet Superior Workstation Surge Protector,250.26,6,0.0,72.5754
7716,US-2014-101518,2014-04-11,2014-09-11,Standard Class,PB-19105,Peter Bühler,Consumer,United States,Philadelphia,Pennsylvania,19140,East,TEC-AC-10001553,Technology,Accessories,"Memorex 25GB 6X Branded Blu-Ray Recordable Disc, 15/Pack",40.776,3,0.2,0.5097
7717,CA-2012-149636,2012-06-01,2012-12-01,Standard Class,SP-20620,Stefania Perrino,Corporate,United States,Colorado Springs,Colorado,80906,West,OFF-PA-10004041,Office Supplies,Paper,"It's Hot Message Books with Stickers, 2 3/4"" x 5""",29.6,5,0.2,9.25
7718,CA-2012-149636,2012-06-01,2012-12-01,Standard Class,SP-20620,Stefania Perrino,Corporate,United States,Colorado Springs,Colorado,80906,West,OFF-BI-10002764,Office Supplies,Binders,Recycled Pressboard Report Cover with Reinforced Top Hinge,1.938,2,0.7,-1.3566
7719,US-2014-146213,2014-10-09,,Standard Class,MC-17605,Matt Connell,Corporate,United States,Los Angeles,California,90032,West,TEC-AC-10001114,Technology,Accessories,Microsoft Wireless Mobile Mouse 4000,159.96,4,0.0,51.1872
7720,CA-2012-108588,2012-05-01,2012-10-01,Standard Class,BG-11695,Brooke Gillingham,Corporate,United States,New York City,New York,10009,East,OFF-AR-10001615,Office Supplies,Art,Newell 34,59.52,3,0.0,15.4752
7721,CA-2012-108588,2012-05-01,2012-10-01,Standard Class,BG-11695,Brooke Gillingham,Corporate,United States,New York City,New York,10009,East,OFF-EN-10000461,Office Supplies,Envelopes,"#10- 4 1/8"" x 9 1/2"" Recycled Envelopes",17.48,2,0.0,8.2156
7722,CA-2012-108588,2012-05-01,2012-10-01,Standard Class,BG-11695,Brooke Gillingham,Corporate,United States,New York City,New York,10009,East,OFF-BI-10004506,Office Supplies,Binders,Wilson Jones data.warehouse D-Ring Binders with DublLock,13.168,2,0.2,4.6088
7724,CA-2012-139374,2012-10-09,,Standard Class,AR-10345,Alex Russell,Corporate,United States,Austin,Texas,78745,Central,FUR-CH-10003981,Furniture,Chairs,Global Commerce Series Low-Back Swivel/Tilt Chairs,179.886,1,0.3,-2.5698
7733,CA-2014-143294,2014-03-06,2014-09-06,Standard Class,JD-15790,John Dryer,Consumer,United States,Houston,Texas,77070,Central,OFF-PA-10000743,Office Supplies,Paper,Xerox 1977,10.688,2,0.2,3.7408
7761,CA-2011-155390,2011-06-12,2011-11-12,Standard Class,BG-11035,Barry Gonzalez,Consumer,United States,Memphis,Tennessee,38109,South,OFF-PA-10003641,Office Supplies,Paper,Xerox 1909,42.208,2,0.2,13.7176
7762,CA-2014-123071,2014-04-12,2014-07-12,First Class,CC-12550,Clay Cheatham,Consumer,United States,Plano,Texas,75023,Central,OFF-PA-10003729,Office Supplies,Paper,Xerox 1998,10.368,2,0.2,3.6288
7764,CA-2012-103093,2012-03-02,2012-07-02,Standard Class,FO-14305,Frank Olsen,Consumer,United States,Columbus,Georgia,31907,South,OFF-EN-10003286,Office Supplies,Envelopes,Staples,74.52,9,0.0,35.0244
7770,CA-2013-155978,2013-02-08,2013-02-08,Same Day,TS-21205,Thomas Seio,Corporate,United States,Riverside,California,92503,West,TEC-PH-10002885,Technology,Phones,Apple iPhone 5,1039.728,2,0.2,90.9762
7771,CA-2013-155978,2013-02-08,2013-02-08,Same Day,TS-21205,Thomas Seio,Corporate,United States,Riverside,California,92503,West,OFF-AP-10002892,Office Supplies,Appliances,Belkin F5C206VTEL 6 Outlet Surge,45.96,2,0.0,13.788
7782,CA-2012-132136,2012-08-03,2012-12-03,Standard Class,FO-14305,Frank Olsen,Consumer,United States,Chicago,Illinois,60623,Central,OFF-BI-10002706,Office Supplies,Binders,Avery Premier Heavy-Duty Binder with Round Locking Rings,8.568,3,0.8,-14.5656
7783,CA-2013-162236,2013-05-11,2013-07-11,Second Class,ER-13855,Elpida Rittenbach,Corporate,United States,Charlotte,North Carolina,28205,South,OFF-ST-10003442,Office Supplies,Storage,Eldon Portable Mobile Manager,45.248,2,0.2,3.9592
7784,CA-2013-162236,2013-05-11,2013-07-11,Second Class,ER-13855,Elpida Rittenbach,Corporate,United States,Charlotte,North Carolina,28205,South,FUR-TA-10002533,Furniture,Tables,BPI Conference Tables,876.3,10,0.4,-292.1
7785,CA-2013-162236,2013-05-11,2013-07-11,Second Class,ER-13855,Elpida Rittenbach,Corporate,United States,Charlotte,North Carolina,28205,South,OFF-SU-10003505,Office Supplies,Supplies,Premier Electric Letter Opener,185.376,2,0.2,-34.758
7794,CA-2012-127481,2012-12-12,,Second Class,JD-15895,Jonathan Doherty,Corporate,United States,Las Vegas,Nevada,89115,West,OFF-PA-10002036,Office Supplies,Paper,Xerox 1930,32.4,5,0.0,15.876
7795,CA-2012-127481,2012-12-12,,Second Class,JD-15895,Jonathan Doherty,Corporate,United States,Las Vegas,Nevada,89115,West,OFF-PA-10002377,Office Supplies,Paper,Xerox 1916,97.88,2,0.0,48.94
7796,CA-2012-112711,2012-12-07,,Standard Class,FM-14380,Fred McMath,Consumer,United States,Amarillo,Texas,79109,Central,TEC-PH-10000526,Technology,Phones,Vtech CS6719,307.168,4,0.2,30.7168
7797,US-2012-145121,2012-02-10,2012-06-10,Standard Class,MP-17965,Michael Paige,Corporate,United States,Middletown,Connecticut,6457,East,OFF-BI-10001078,Office Supplies,Binders,"Acco PRESSTEX Data Binder with Storage Hooks, Dark Blue, 14 7/8"" X 11""",26.9,5,0.0,13.181
7801,CA-2014-157413,2014-02-06,2014-07-06,Standard Class,BW-11065,Barry Weirich,Consumer,United States,Philadelphia,Pennsylvania,19120,East,OFF-ST-10002756,Office Supplies,Storage,"Tennsco Stur-D-Stor Boltless Shelving, 5 Shelves, 24"" Deep, Sand",324.744,3,0.2,-77.1267
7808,US-2013-137295,2013-08-01,,Standard Class,VS-21820,Vivek Sundaresam,Consumer,United States,Raleigh,North Carolina,27604,South,OFF-BI-10004236,Office Supplies,Binders,"XtraLife ClearVue Slant-D Ring Binder, White, 3""",30.828,7,0.7,-24.6624
7809,US-2013-137295,2013-08-01,,Standard Class,VS-21820,Vivek Sundaresam,Consumer,United States,Raleigh,North Carolina,27604,South,OFF-AR-10001955,Office Supplies,Art,Newell 319,47.616,3,0.2,5.952
7810,US-2013-137295,2013-08-01,,Standard Class,VS-21820,Vivek Sundaresam,Consumer,United States,Raleigh,North Carolina,27604,South,TEC-PH-10004080,Technology,Phones,Avaya 5410 Digital phone,108.784,2,0.2,10.8784
7815,US-2014-109316,2014-09-06,2014-11-06,First Class,MG-17680,Maureen Gastineau,Home Office,United States,Los Angeles,California,90049,West,FUR-BO-10004834,Furniture,Bookcases,"Riverside Palais Royal Lawyers Bookcase, Royale Cherry Finish",1497.666,2,0.15,140.9568
7816,US-2014-109316,2014-09-06,2014-11-06,First Class,MG-17680,Maureen Gastineau,Home Office,United States,Los Angeles,California,90049,West,TEC-PH-10000307,Technology,Phones,Shocksock Galaxy S4 Armband,17.52,2,0.2,-3.504
7821,CA-2014-152436,2014-09-12,2014-11-12,Second Class,CW-11905,Carl Weiss,Home Office,United States,Cranston,Rhode Island,2920,East,OFF-ST-10000036,Office Supplies,Storage,"Recycled Data-Pak for Archival Bound Computer Printouts, 12-1/2 x 12-1/2 x 16",592.74,6,0.0,160.0398
7826,CA-2012-127327,2012-03-02,2012-07-02,Standard Class,PW-19030,Pauline Webber,Corporate,United States,Rome,New York,13440,East,FUR-CH-10004218,Furniture,Chairs,"Global Fabric Manager's Chair, Dark Gray",90.882,1,0.1,15.147
7827,CA-2014-117114,2014-01-11,2014-06-11,Standard Class,CY-12745,Craig Yedwab,Corporate,United States,Chicago,Illinois,60610,Central,TEC-PH-10004042,Technology,Phones,ClearOne Communications CHAT 70 OC Speaker Phone,508.768,4,0.2,38.1576
7828,CA-2014-117114,2014-01-11,2014-06-11,Standard Class,CY-12745,Craig Yedwab,Corporate,United States,Chicago,Illinois,60610,Central,OFF-EN-10001137,Office Supplies,Envelopes,"#10 Gummed Flap White Envelopes, 100/Box",9.912,3,0.2,3.2214
7833,CA-2013-112382,2013-10-05,,Standard Class,MB-18085,Mick Brown,Consumer,United States,Houston,Texas,77036,Central,TEC-PH-10001552,Technology,Phones,I Need's 3d Hello Kitty Hybrid Silicone Case Cover for HTC One X 4g with 3d Hello Kitty Stylus Pen Green/pink,19.136,2,0.2,1.9136
7849,CA-2013-104311,2013-03-05,2013-07-05,Standard Class,AS-10090,Adam Shillingsburg,Consumer,United States,Irving,Texas,75061,Central,OFF-ST-10000321,Office Supplies,Storage,Akro Stacking Bins,18.936,3,0.2,-3.7872
7850,CA-2013-104311,2013-03-05,2013-07-05,Standard Class,AS-10090,Adam Shillingsburg,Consumer,United States,Irving,Texas,75061,Central,OFF-ST-10002957,Office Supplies,Storage,Sterilite Show Offs Storage Containers,12.672,3,0.2,-3.168
7851,CA-2013-104311,2013-03-05,2013-07-05,Standard Class,AS-10090,Adam Shillingsburg,Consumer,United States,Irving,Texas,75061,Central,OFF-LA-10000973,Office Supplies,Labels,Avery 502,5.04,2,0.2,1.764
7852,CA-2011-169649,2011-09-12,,Standard Class,TS-21205,Thomas Seio,Corporate,United States,Chicago,Illinois,60653,Central,OFF-PA-10000143,Office Supplies,Paper,Astroparche Fine Business Paper,8.448,2,0.2,2.9568
7853,CA-2011-169649,2011-09-12,,Standard Class,TS-21205,Thomas Seio,Corporate,United States,Chicago,Illinois,60653,Central,OFF-AP-10003287,Office Supplies,Appliances,Tripp Lite TLP810NET Broadband Surge for Modem/Fax,20.388,2,0.8,-53.0088
7855,CA-2014-135587,2014-08-12,,Standard Class,BH-11710,Brosina Hoffman,Consumer,United States,Hattiesburg,Mississippi,39401,South,OFF-AP-10004540,Office Supplies,Appliances,"Eureka The Boss Lite 10-Amp Upright Vacuum, Blue",320.64,4,0.0,89.7792
7856,CA-2014-135587,2014-08-12,,Standard Class,BH-11710,Brosina Hoffman,Consumer,United States,Hattiesburg,Mississippi,39401,South,TEC-AC-10001266,Technology,Accessories,Memorex Micro Travel Drive 8 GB,52.0,4,0.0,23.4
7861,CA-2014-152261,2014-03-03,2014-07-03,Standard Class,JA-15970,Joseph Airdo,Consumer,United States,Cuyahoga Falls,Ohio,44221,East,OFF-BI-10002353,Office Supplies,Binders,GBC VeloBind Cover Sets,18.528,4,0.7,-12.352
7862,CA-2012-142993,2012-12-10,,Standard Class,KA-16525,Kelly Andreada,Consumer,United States,Seattle,Washington,98103,West,TEC-AC-10003038,Technology,Accessories,Kingston Digital DataTraveler 16GB USB 2.0,17.9,2,0.0,3.401
7863,CA-2012-142993,2012-12-10,,Standard Class,KA-16525,Kelly Andreada,Consumer,United States,Seattle,Washington,98103,West,OFF-ST-10000934,Office Supplies,Storage,"Contico 72""H Heavy-Duty Storage System",81.96,2,0.0,0.0
7870,US-2014-166233,2014-04-07,2014-10-07,Standard Class,MO-17950,Michael Oakman,Consumer,United States,Jacksonville,North Carolina,28540,South,TEC-AC-10002167,Technology,Accessories,Imation 8gb Micro Traveldrive Usb 2.0 Flash Drive,24.0,2,0.2,-2.7
7872,CA-2013-101672,2013-04-10,2013-08-10,Standard Class,DB-12910,Daniel Byrd,Home Office,United States,Lake Forest,California,92630,West,OFF-LA-10002271,Office Supplies,Labels,Smead Alpha-Z Color-Coded Second Alphabetical Labels and Starter Set,6.16,2,0.0,2.9568
7873,CA-2013-101672,2013-04-10,2013-08-10,Standard Class,DB-12910,Daniel Byrd,Home Office,United States,Lake Forest,California,92630,West,FUR-CH-10004063,Furniture,Chairs,Global Deluxe High-Back Manager's Chair,915.136,4,0.2,102.9528
7874,CA-2013-101672,2013-04-10,2013-08-10,Standard Class,DB-12910,Daniel Byrd,Home Office,United States,Lake Forest,California,92630,West,OFF-PA-10004610,Office Supplies,Paper,Xerox 1900,8.56,2,0.0,3.852
7875,CA-2013-101672,2013-04-10,2013-08-10,Standard Class,DB-12910,Daniel Byrd,Home Office,United States,Lake Forest,California,92630,West,OFF-PA-10001878,Office Supplies,Paper,Xerox 1891,97.82,2,0.0,45.9754
7876,CA-2014-168403,2014-10-09,,Standard Class,DK-12835,Damala Kotsonis,Corporate,United States,Portland,Oregon,97206,West,OFF-PA-10002036,Office Supplies,Paper,Xerox 1930,31.104,6,0.2,11.2752
7877,CA-2014-168403,2014-10-09,,Standard Class,DK-12835,Damala Kotsonis,Corporate,United States,Portland,Oregon,97206,West,OFF-AP-10003278,Office Supplies,Appliances,Belkin 7-Outlet SurgeMaster Home Series,11.176,1,0.2,0.8382
7878,CA-2012-148705,2012-12-03,,Standard Class,EB-14170,Evan Bailliet,Consumer,United States,Charlotte,North Carolina,28205,South,OFF-LA-10001641,Office Supplies,Labels,Avery 518,5.04,2,0.2,1.764
7881,CA-2014-118017,2014-04-12,2014-07-12,Second Class,LC-16870,Lena Cacioppo,Consumer,United States,Thornton,Colorado,80229,West,OFF-AR-10003856,Office Supplies,Art,Newell 344,13.344,6,0.2,1.0008
7882,CA-2014-118017,2014-04-12,2014-07-12,Second Class,LC-16870,Lena Cacioppo,Consumer,United States,Thornton,Colorado,80229,West,TEC-AC-10002006,Technology,Accessories,Memorex Micro Travel Drive 16 GB,76.752,6,0.2,10.5534
7883,CA-2014-118017,2014-04-12,2014-07-12,Second Class,LC-16870,Lena Cacioppo,Consumer,United States,Thornton,Colorado,80229,West,TEC-AC-10002006,Technology,Accessories,Memorex Micro Travel Drive 16 GB,102.336,8,0.2,14.0712
7884,CA-2014-118017,2014-04-12,2014-07-12,Second Class,LC-16870,Lena Cacioppo,Consumer,United States,Thornton,Colorado,80229,West,OFF-PA-10002246,Office Supplies,Paper,"Wirebound Four 2-3/4 x 5 Forms per Page, 400 Sets per Book",10.32,2,0.2,3.741
7885,CA-2014-118017,2014-04-12,2014-07-12,Second Class,LC-16870,Lena Cacioppo,Consumer,United States,Thornton,Colorado,80229,West,OFF-SU-10004782,Office Supplies,Supplies,"Elite 5"" Scissors",47.32,7,0.2,5.915
7886,CA-2014-118017,2014-04-12,2014-07-12,Second Class,LC-16870,Lena Cacioppo,Consumer,United States,Thornton,Colorado,80229,West,FUR-FU-10004351,Furniture,Furnishings,Staples,23.376,3,0.2,7.0128
7887,CA-2014-118017,2014-04-12,2014-07-12,Second Class,LC-16870,Lena Cacioppo,Consumer,United States,Thornton,Colorado,80229,West,FUR-FU-10004270,Furniture,Furnishings,"Eldon Image Series Desk Accessories, Burgundy",16.72,5,0.2,3.344
7888,CA-2014-118017,2014-04-12,2014-07-12,Second Class,LC-16870,Lena Cacioppo,Consumer,United States,Thornton,Colorado,80229,West,FUR-FU-10004053,Furniture,Furnishings,DAX Two-Tone Silver Metal Document Frame,16.192,1,0.2,4.6552
7905,CA-2012-126669,2012-07-11,,Standard Class,DO-13645,Doug O'Connell,Consumer,United States,Houston,Texas,77036,Central,OFF-PA-10001357,Office Supplies,Paper,Xerox 1886,76.64,2,0.2,26.824
7909,CA-2013-149762,2013-04-12,2013-08-12,Standard Class,RD-19720,Roger Demir,Consumer,United States,Morgan Hill,California,95037,West,FUR-TA-10004147,Furniture,Tables,Hon 4060 Series Tables,268.704,3,0.2,6.7176
7910,CA-2013-149762,2013-04-12,2013-08-12,Standard Class,RD-19720,Roger Demir,Consumer,United States,Morgan Hill,California,95037,West,OFF-AR-10001662,Office Supplies,Art,Rogers Handheld Barrel Pencil Sharpener,21.92,8,0.0,5.9184
7911,CA-2013-149762,2013-04-12,2013-08-12,Standard Class,RD-19720,Roger Demir,Consumer,United States,Morgan Hill,California,95037,West,OFF-ST-10001558,Office Supplies,Storage,Acco Perma 4000 Stacking Storage Drawers,48.72,3,0.0,7.308
7912,CA-2013-149762,2013-04-12,2013-08-12,Standard Class,RD-19720,Roger Demir,Consumer,United States,Morgan Hill,California,95037,West,FUR-BO-10001337,Furniture,Bookcases,O'Sullivan Living Dimensions 2-Shelf Bookcases,205.666,2,0.15,-12.098
7918,CA-2014-100783,2014-05-09,2014-09-09,Second Class,JK-16120,Julie Kriz,Home Office,United States,Garland,Texas,75043,Central,OFF-AR-10000380,Office Supplies,Art,"Hunt PowerHouse Electric Pencil Sharpener, Blue",30.384,1,0.2,3.798
7919,CA-2012-152513,2012-04-07,2012-08-07,Second Class,JP-16135,Julie Prescott,Home Office,United States,San Diego,California,92024,West,OFF-BI-10002706,Office Supplies,Binders,Avery Premier Heavy-Duty Binder with Round Locking Rings,22.848,2,0.2,7.4256
7948,CA-2011-131009,2011-01-03,2011-05-03,Standard Class,SC-20380,Shahid Collister,Consumer,United States,El Paso,Texas,79907,Central,OFF-FA-10004395,Office Supplies,Fasteners,Plymouth Boxed Rubber Bands by Plymouth,18.84,5,0.2,-3.5325
7949,CA-2011-131009,2011-01-03,2011-05-03,Standard Class,SC-20380,Shahid Collister,Consumer,United States,El Paso,Texas,79907,Central,FUR-CH-10001270,Furniture,Chairs,Harbour Creations Steel Folding Chair,362.25,6,0.3,0.0
7950,CA-2011-131009,2011-01-03,2011-05-03,Standard Class,SC-20380,Shahid Collister,Consumer,United States,El Paso,Texas,79907,Central,FUR-FU-10001095,Furniture,Furnishings,DAX Black Cherry Wood-Tone Poster Frame,63.552,6,0.6,-34.9536
7951,CA-2011-131009,2011-01-03,2011-05-03,Standard Class,SC-20380,Shahid Collister,Consumer,United States,El Paso,Texas,79907,Central,OFF-ST-10001469,Office Supplies,Storage,Fellowes Bankers Box Recycled Super Stor/Drawer,129.552,3,0.2,-22.6716
7954,CA-2011-138359,2011-01-04,2011-06-04,Standard Class,KH-16330,Katharine Harms,Corporate,United States,Revere,Massachusetts,2151,East,OFF-ST-10000636,Office Supplies,Storage,Rogers Profile Extra Capacity Storage Tub,66.96,4,0.0,2.6784
7955,CA-2011-138359,2011-01-04,2011-06-04,Standard Class,KH-16330,Katharine Harms,Corporate,United States,Revere,Massachusetts,2151,East,OFF-BI-10000145,Office Supplies,Binders,Zipper Ring Binder Pockets,6.24,2,0.0,3.0576
7956,CA-2014-131807,2014-06-10,2014-11-10,Standard Class,GG-14650,Greg Guthrie,Corporate,United States,Chico,California,95928,West,FUR-CH-10001190,Furniture,Chairs,Global Deluxe High-Back Office Chair in Storm,435.168,4,0.2,-59.8356
7957,CA-2014-131807,2014-06-10,2014-11-10,Standard Class,GG-14650,Greg Guthrie,Corporate,United States,Chico,California,95928,West,OFF-FA-10002780,Office Supplies,Fasteners,Staples,14.9,5,0.0,6.854
7958,CA-2014-131807,2014-06-10,2014-11-10,Standard Class,GG-14650,Greg Guthrie,Corporate,United States,Chico,California,95928,West,OFF-AP-10004052,Office Supplies,Appliances,"Hoover Replacement Belts For Soft Guard & Commercial Ltweight Upright Vacs, 2/Pk",15.8,4,0.0,4.108
7959,CA-2014-131807,2014-06-10,2014-11-10,Standard Class,GG-14650,Greg Guthrie,Corporate,United States,Chico,California,95928,West,FUR-FU-10004666,Furniture,Furnishings,DAX Clear Channel Poster Frame,72.9,5,0.0,26.973
7960,CA-2014-131807,2014-06-10,2014-11-10,Standard Class,GG-14650,Greg Guthrie,Corporate,United States,Chico,California,95928,West,FUR-TA-10004086,Furniture,Tables,KI Adjustable-Height Table,206.352,3,0.2,5.1588
7961,CA-2014-131807,2014-06-10,2014-11-10,Standard Class,GG-14650,Greg Guthrie,Corporate,United States,Chico,California,95928,West,TEC-PH-10000702,Technology,Phones,"Square Credit Card Reader, 4 1/2"" x 4 1/2"" x 1"", White",7.992,1,0.2,2.6973
7968,CA-2013-157707,2013-11-10,,First Class,CC-12610,Corey Catlett,Corporate,United States,Denver,Colorado,80219,West,FUR-BO-10001567,Furniture,Bookcases,"Bush Westfield Collection Bookcases, Dark Cherry Finish, Fully Assembled",90.882,3,0.7,-190.8522
7969,CA-2013-157707,2013-11-10,,First Class,CC-12610,Corey Catlett,Corporate,United States,Denver,Colorado,80219,West,TEC-PH-10002583,Technology,Phones,iOttie HLCRIO102 Car Mount,15.992,1,0.2,-2.9985
7970,CA-2013-157707,2013-11-10,,First Class,CC-12610,Corey Catlett,Corporate,United States,Denver,Colorado,80219,West,FUR-CH-10004853,Furniture,Chairs,"Global Manager's Adjustable Task Chair, Storm",120.784,1,0.2,13.5882
7981,CA-2011-103800,2011-04-01,2011-08-01,Standard Class,DP-13000,Darren Powers,Consumer,United States,Houston,Texas,77095,Central,OFF-PA-10000174,Office Supplies,Paper,"Message Book, Wirebound, Four 5 1/2"" X 4"" Forms/Pg., 200 Dupl. Sets/Book",16.448,2,0.2,5.5512
7982,CA-2011-113383,2011-10-09,,First Class,SF-20065,Sandra Flanagan,Consumer,United States,Clifton,New Jersey,7011,East,OFF-AP-10004532,Office Supplies,Appliances,Kensington 6 Outlet Guardian Standard Surge Protector,81.92,4,0.0,22.1184
7983,CA-2011-113383,2011-10-09,,First Class,SF-20065,Sandra Flanagan,Consumer,United States,Clifton,New Jersey,7011,East,FUR-FU-10001986,Furniture,Furnishings,"Dana Fluorescent Magnifying Lamp, White, 36""",254.9,5,0.0,76.47
7997,US-2014-105998,2014-04-11,2014-06-11,First Class,CR-12580,Clay Rozendal,Home Office,United States,San Diego,California,92037,West,TEC-AC-10004469,Technology,Accessories,Microsoft Sculpt Comfort Mouse,199.75,5,0.0,87.89
7998,US-2014-105998,2014-04-11,2014-06-11,First Class,CR-12580,Clay Rozendal,Home Office,United States,San Diego,California,92037,West,FUR-TA-10001095,Furniture,Tables,Chromcraft Round Conference Tables,1673.184,12,0.2,20.9148
7999,US-2011-148194,2011-04-05,2011-07-05,First Class,BS-11365,Bill Shonely,Corporate,United States,Seattle,Washington,98105,West,FUR-FU-10001852,Furniture,Furnishings,"Eldon Regeneration Recycled Desk Accessories, Smoke",12.18,7,0.0,3.8976
8000,US-2011-148194,2011-04-05,2011-07-05,First Class,BS-11365,Bill Shonely,Corporate,United States,Seattle,Washington,98105,West,OFF-AP-10000696,Office Supplies,Appliances,Holmes Odor Grabber,57.68,4,0.0,19.0344
8001,US-2012-151407,2012-08-11,2012-12-11,Standard Class,RD-19585,Rob Dowd,Consumer,United States,Dubuque,Iowa,52001,Central,TEC-PH-10003885,Technology,Phones,Cisco SPA508G,263.96,4,0.0,76.5484
8002,CA-2012-110870,2012-12-12,,First Class,KD-16270,Karen Daniels,Consumer,United States,Los Angeles,California,90032,West,TEC-AC-10002926,Technology,Accessories,Logitech Wireless Marathon Mouse M705,299.94,6,0.0,128.9742
8003,CA-2012-110870,2012-12-12,,First Class,KD-16270,Karen Daniels,Consumer,United States,Los Angeles,California,90032,West,OFF-SU-10001225,Office Supplies,Supplies,Staples,25.76,7,0.0,0.5152
8004,CA-2011-143210,2011-01-12,2011-03-12,First Class,AA-10645,Anna Andreadi,Consumer,United States,Lowell,Massachusetts,1852,East,TEC-PH-10004434,Technology,Phones,Cisco IP Phone 7961G VoIP phone - Dark gray,271.9,2,0.0,78.851
8005,CA-2011-143210,2011-01-12,2011-03-12,First Class,AA-10645,Anna Andreadi,Consumer,United States,Lowell,Massachusetts,1852,East,FUR-FU-10003878,Furniture,Furnishings,"Linden 10"" Round Wall Clock, Black",45.84,3,0.0,15.5856
8006,CA-2011-143210,2011-01-12,2011-03-12,First Class,AA-10645,Anna Andreadi,Consumer,United States,Lowell,Massachusetts,1852,East,FUR-FU-10002268,Furniture,Furnishings,Ultra Door Push Plate,9.82,2,0.0,3.2406
8007,CA-2013-139808,2013-08-10,2013-12-10,Standard Class,MC-18100,Mick Crebagga,Consumer,United States,Marysville,Washington,98270,West,OFF-FA-10001883,Office Supplies,Fasteners,"Alliance Super-Size Bands, Assorted Sizes",93.36,12,0.0,0.9336
8017,US-2011-131870,2011-09-09,2011-11-09,First Class,NF-18595,Nicole Fjeld,Home Office,United States,Lancaster,Ohio,43130,East,FUR-FU-10002501,Furniture,Furnishings,Nu-Dell Executive Frame,60.672,6,0.2,12.8928
8018,US-2011-131870,2011-09-09,2011-11-09,First Class,NF-18595,Nicole Fjeld,Home Office,United States,Lancaster,Ohio,43130,East,OFF-AR-10000634,Office Supplies,Art,Newell 320,30.816,9,0.2,2.6964
8020,CA-2014-167227,2014-03-11,2014-06-11,First Class,NP-18670,Nora Paige,Consumer,United States,Saint Louis,Missouri,63116,Central,OFF-AP-10001962,Office Supplies,Appliances,Black & Decker Filter for Double Action Dustbuster Cordless Vac BLDV7210,83.9,10,0.0,20.975
8021,CA-2014-167227,2014-03-11,2014-06-11,First Class,NP-18670,Nora Paige,Consumer,United States,Saint Louis,Missouri,63116,Central,OFF-PA-10001838,Office Supplies,Paper,"Adams Telephone Message Book W/Dividers/Space For Phone Numbers, 5 1/4""X8 1/2"", 300/Messages",11.76,2,0.0,5.7624
8026,CA-2012-132465,2012-11-09,,Second Class,DM-13525,Don Miller,Corporate,United States,New York City,New York,10035,East,FUR-FU-10000277,Furniture,Furnishings,Deflect-o DuraMat Antistatic Studded Beveled Mat for Medium Pile Carpeting,210.68,2,0.0,50.5632
8027,CA-2012-132465,2012-11-09,,Second Class,DM-13525,Don Miller,Corporate,United States,New York City,New York,10035,East,OFF-ST-10003641,Office Supplies,Storage,Space Solutions Industrial Galvanized Steel Shelving.,78.8,1,0.0,1.576
8028,CA-2012-132465,2012-11-09,,Second Class,DM-13525,Don Miller,Corporate,United States,New York City,New York,10035,East,TEC-AC-10001998,Technology,Accessories,Logitech LS21 Speaker System - PC Multimedia - 2.1-CH - Wired,19.99,1,0.0,6.7966
8029,CA-2012-132465,2012-11-09,,Second Class,DM-13525,Don Miller,Corporate,United States,New York City,New York,10035,East,OFF-ST-10001932,Office Supplies,Storage,Fellowes Staxonsteel Drawer Files,772.68,4,0.0,108.1752
8031,CA-2013-158806,2013-07-01,2013-11-01,Standard Class,NM-18520,Neoma Murray,Consumer,United States,Amarillo,Texas,79109,Central,FUR-FU-10004270,Furniture,Furnishings,"Executive Impressions 13"" Clairmont Wall Clock",23.076,3,0.6,-10.9611
8032,CA-2013-158806,2013-07-01,2013-11-01,Standard Class,NM-18520,Neoma Murray,Consumer,United States,Amarillo,Texas,79109,Central,OFF-PA-10004621,Office Supplies,Paper,Xerox 212,25.92,5,0.2,9.072
8038,CA-2014-169012,2014-11-07,,Standard Class,BF-11275,Beth Fritzler,Corporate,United States,Columbus,Georgia,31907,South,OFF-AP-10003278,Office Supplies,Appliances,Belkin 7-Outlet SurgeMaster Home Series,41.91,3,0.0,10.8966
8039,CA-2014-109393,2014-01-07,2014-03-07,Second Class,JC-15775,John Castell,Consumer,United States,Los Angeles,California,90032,West,FUR-BO-10003966,Furniture,Bookcases,"Sauder Facets Collection Library, Sky Alder Finish",435.999,3,0.15,5.1294
8043,US-2014-133081,2014-12-03,,Standard Class,PV-18985,Paul Van Hugh,Home Office,United States,Cambridge,Massachusetts,2138,East,TEC-AC-10001772,Technology,Accessories,Memorex Mini Travel Drive 16 GB USB 2.0 Flash Drive,63.88,4,0.0,24.9132
8044,US-2014-133081,2014-12-03,,Standard Class,PV-18985,Paul Van Hugh,Home Office,United States,Cambridge,Massachusetts,2138,East,FUR-FU-10001379,Furniture,Furnishings,"Executive Impressions 16-1/2"" Circular Wall Clock",26.72,1,0.0,11.7568
8048,CA-2014-130834,2014-04-11,2014-07-11,Second Class,JM-16195,Justin MacKendrick,Consumer,United States,Wilmington,North Carolina,28403,South,OFF-PA-10003673,Office Supplies,Paper,Strathmore Photo Mount Cards,16.272,3,0.2,5.2884
8049,CA-2013-168543,2013-04-07,2013-08-07,Standard Class,DK-13225,Dean Katz,Corporate,United States,New York City,New York,10035,East,OFF-AP-10000938,Office Supplies,Appliances,Avanti 1.7 Cu. Ft. Refrigerator,706.86,7,0.0,197.9208
8063,CA-2013-132997,2013-08-11,2013-10-11,First Class,LW-17215,Luke Weiss,Consumer,United States,Rochester,New York,14609,East,TEC-PH-10000586,Technology,Phones,AT&T SB67148 SynJ,263.96,4,0.0,71.2692
8064,CA-2013-132997,2013-08-11,2013-10-11,First Class,LW-17215,Luke Weiss,Consumer,United States,Rochester,New York,14609,East,TEC-PH-10003811,Technology,Phones,Jabra Supreme Plus Driver Edition Headset,359.97,3,0.0,100.7916
8065,CA-2013-132997,2013-08-11,2013-10-11,First Class,LW-17215,Luke Weiss,Consumer,United States,Rochester,New York,14609,East,OFF-PA-10004983,Office Supplies,Paper,Xerox 23,12.96,2,0.0,6.2208
8066,CA-2013-132997,2013-08-11,2013-10-11,First Class,LW-17215,Luke Weiss,Consumer,United States,Rochester,New York,14609,East,OFF-ST-10003479,Office Supplies,Storage,"Eldon Base for stackable storage shelf, platinum",116.82,3,0.0,5.841
8067,CA-2013-132997,2013-08-11,2013-10-11,First Class,LW-17215,Luke Weiss,Consumer,United States,Rochester,New York,14609,East,OFF-BI-10004318,Office Supplies,Binders,Ibico EB-19 Dual Function Manual Binding System,276.784,2,0.2,89.9548
8070,CA-2014-151750,2014-02-01,2014-06-01,Standard Class,JM-15250,Janet Martin,Consumer,United States,Huntsville,Texas,77340,Central,OFF-ST-10002743,Office Supplies,Storage,SAFCO Boltless Steel Shelving,454.56,5,0.2,-107.958
8071,CA-2014-151750,2014-02-01,2014-06-01,Standard Class,JM-15250,Janet Martin,Consumer,United States,Huntsville,Texas,77340,Central,FUR-FU-10002116,Furniture,Furnishings,"Tenex Carpeted, Granite-Look or Clear Contemporary Contour Shape Chair Mats",141.42,5,0.6,-187.3815
8072,CA-2014-151750,2014-02-01,2014-06-01,Standard Class,JM-15250,Janet Martin,Consumer,United States,Huntsville,Texas,77340,Central,FUR-CH-10003199,Furniture,Chairs,Office Star - Contemporary Task Swivel Chair,310.744,4,0.3,-26.6352
8073,CA-2014-151750,2014-02-01,2014-06-01,Standard Class,JM-15250,Janet Martin,Consumer,United States,Huntsville,Texas,77340,Central,OFF-AR-10003158,Office Supplies,Art,Fluorescent Highlighters by Dixon,12.736,4,0.2,2.2288
8074,CA-2014-151750,2014-02-01,2014-06-01,Standard Class,JM-15250,Janet Martin,Consumer,United States,Huntsville,Texas,77340,Central,OFF-BI-10000301,Office Supplies,Binders,GBC Instant Report Kit,6.47,5,0.8,-9.705
8075,CA-2014-151750,2014-02-01,2014-06-01,Standard Class,JM-15250,Janet Martin,Consumer,United States,Huntsville,Texas,77340,Central,OFF-BI-10000343,Office Supplies,Binders,"Pressboard Covers with Storage Hooks, 9 1/2"" x 11"", Light Blue",13.748,14,0.8,-22.6842
8076,CA-2014-151750,2014-02-01,2014-06-01,Standard Class,JM-15250,Janet Martin,Consumer,United States,Huntsville,Texas,77340,Central,OFF-AP-10004708,Office Supplies,Appliances,Fellowes Superior 10 Outlet Split Surge Protector,15.224,2,0.8,-38.8212
8089,CA-2012-107020,2012-10-07,,Standard Class,MV-18190,Mike Vittorini,Consumer,United States,San Bernardino,California,92404,West,OFF-BI-10003719,Office Supplies,Binders,Large Capacity Hanging Post Binders,39.92,2,0.2,12.974
8090,US-2012-117492,2012-07-08,2012-09-08,First Class,NS-18640,Noel Staavos,Corporate,United States,Baltimore,Maryland,21215,East,OFF-AP-10001492,Office Supplies,Appliances,"Acco Six-Outlet Power Strip, 4' Cord Length",77.58,9,0.0,20.1708
8091,CA-2011-101392,2011-07-12,,Standard Class,AS-10630,Ann Steele,Home Office,United States,Seattle,Washington,98103,West,OFF-ST-10000532,Office Supplies,Storage,Advantus Rolling Drawer Organizers,269.36,7,0.0,70.0336
8092,CA-2012-127502,2012-10-12,,Standard Class,MT-17815,Meg Tillman,Consumer,United States,San Francisco,California,94110,West,OFF-LA-10001613,Office Supplies,Labels,Avery File Folder Labels,5.76,2,0.0,2.8224
8093,CA-2014-143658,2014-09-11,,Second Class,SR-20425,Sharelle Roach,Home Office,United States,New York City,New York,10035,East,OFF-AR-10002818,Office Supplies,Art,Panasonic KP-310 Heavy-Duty Electric Pencil Sharpener,109.9,5,0.0,32.97
8100,CA-2013-169663,2013-11-03,,First Class,RH-19510,Rick Huthwaite,Home Office,United States,Los Angeles,California,90045,West,TEC-AC-10003038,Technology,Accessories,Kingston Digital DataTraveler 16GB USB 2.0,26.85,3,0.0,5.1015
8101,CA-2013-169663,2013-11-03,,First Class,RH-19510,Rick Huthwaite,Home Office,United States,Los Angeles,California,90045,West,TEC-MA-10000984,Technology,Machines,Okidata MB760 Printer,3357.6,3,0.2,377.73
8109,US-2014-167570,2014-09-12,,Standard Class,EG-13900,Emily Grady,Consumer,United States,Philadelphia,Pennsylvania,19140,East,FUR-CH-10003396,Furniture,Chairs,Global Deluxe Steno Chair,215.544,4,0.3,-58.5048
8112,CA-2013-130393,2013-02-12,2013-04-12,Second Class,JM-15865,John Murray,Consumer,United States,San Angelo,Texas,76903,Central,FUR-CH-10002647,Furniture,Chairs,"Situations Contoured Folding Chairs, 4/Set",248.43,5,0.3,-17.745
8113,CA-2013-130393,2013-02-12,2013-04-12,Second Class,JM-15865,John Murray,Consumer,United States,San Angelo,Texas,76903,Central,OFF-AP-10004859,Office Supplies,Appliances,Acco 6 Outlet Guardian Premium Surge Suppressor,11.648,4,0.8,-30.8672
8114,CA-2013-130393,2013-02-12,2013-04-12,Second Class,JM-15865,John Murray,Consumer,United States,San Angelo,Texas,76903,Central,FUR-CH-10004477,Furniture,Chairs,"Global Push Button Manager's Chair, Indigo",85.246,2,0.3,-1.2178
8115,CA-2014-144820,2014-04-10,2014-08-10,Second Class,LW-16825,Laurel Workman,Corporate,United States,Pasadena,Texas,77506,Central,OFF-AR-10004817,Office Supplies,Art,Colorific Watercolor Pencils,20.64,5,0.2,2.322
8118,US-2014-113201,2014-01-07,2014-06-07,Standard Class,TT-21220,Thomas Thornton,Consumer,United States,Los Angeles,California,90045,West,OFF-PA-10000675,Office Supplies,Paper,Xerox 1919,204.95,5,0.0,100.4255
8120,CA-2013-116722,2013-12-11,,Standard Class,LP-17080,Liz Pelletier,Consumer,United States,San Francisco,California,94110,West,FUR-FU-10001934,Furniture,Furnishings,Magnifier Swing Arm Lamp,41.96,2,0.0,10.9096
8121,CA-2013-116722,2013-12-11,,Standard Class,LP-17080,Liz Pelletier,Consumer,United States,San Francisco,California,94110,West,FUR-CH-10004997,Furniture,Chairs,Hon Every-Day Series Multi-Task Chairs,451.152,3,0.2,0.0
8122,CA-2013-116722,2013-12-11,,Standard Class,LP-17080,Liz Pelletier,Consumer,United States,San Francisco,California,94110,West,OFF-BI-10001890,Office Supplies,Binders,Avery Poly Binder Pockets,31.504,11,0.2,11.0264
8123,CA-2011-138128,2011-09-12,,Standard Class,FP-14320,Frank Preis,Consumer,United States,Philadelphia,Pennsylvania,19134,East,OFF-EN-10002500,Office Supplies,Envelopes,Globe Weis Peel & Seel First Class Envelopes,30.672,3,0.2,9.585
8124,CA-2011-138128,2011-09-12,,Standard Class,FP-14320,Frank Preis,Consumer,United States,Philadelphia,Pennsylvania,19134,East,TEC-CO-10001766,Technology,Copiers,Canon PC940 Copier,1079.976,4,0.4,125.9972
8125,US-2014-150070,2014-08-09,,Standard Class,JA-15970,Joseph Airdo,Consumer,United States,Modesto,California,95351,West,FUR-CH-10004860,Furniture,Chairs,Global Low Back Tilter Chair,161.568,2,0.2,-28.2744
8126,CA-2012-137064,2012-06-02,,Standard Class,TS-21655,Trudy Schmidt,Consumer,United States,Houston,Texas,77070,Central,OFF-BI-10002049,Office Supplies,Binders,UniKeep View Case Binders,2.934,3,0.8,-4.9878
8127,CA-2012-137064,2012-06-02,,Standard Class,TS-21655,Trudy Schmidt,Consumer,United States,Houston,Texas,77070,Central,TEC-AC-10003499,Technology,Accessories,Memorex Mini Travel Drive 8 GB USB 2.0 Flash Drive,18.528,2,0.2,4.4004
8128,CA-2012-137064,2012-06-02,,Standard Class,TS-21655,Trudy Schmidt,Consumer,United States,Houston,Texas,77070,Central,OFF-ST-10003470,Office Supplies,Storage,"Tennsco Snap-Together Open Shelving Units, Starter Sets and Add-On Units",670.752,3,0.2,-125.766
8134,CA-2012-131352,2012-08-10,,Standard Class,GH-14485,Gene Hale,Corporate,United States,Dallas,Texas,75081,Central,FUR-FU-10003708,Furniture,Furnishings,"Tenex Traditional Chairmats for Medium Pile Carpet, Standard Lip, 36"" x 48""",72.78,3,0.6,-70.9605
8138,CA-2011-103219,2011-09-11,,Standard Class,BF-11215,Benjamin Farhat,Home Office,United States,New York City,New York,10035,East,FUR-FU-10004091,Furniture,Furnishings,"Eldon 200 Class Desk Accessories, Black",56.52,9,0.0,21.4776
8142,CA-2013-100993,2013-05-02,2013-10-02,Standard Class,AZ-10750,Annie Zypern,Consumer,United States,San Diego,California,92037,West,OFF-LA-10003223,Office Supplies,Labels,Avery 508,14.73,3,0.0,7.2177
8143,CA-2013-100993,2013-05-02,2013-10-02,Standard Class,AZ-10750,Annie Zypern,Consumer,United States,San Diego,California,92037,West,OFF-ST-10004340,Office Supplies,Storage,"Fellowes Mobile File Cart, Black",186.54,3,0.0,50.3658
8144,CA-2013-100993,2013-05-02,2013-10-02,Standard Class,AZ-10750,Annie Zypern,Consumer,United States,San Diego,California,92037,West,FUR-TA-10001095,Furniture,Tables,Chromcraft Round Conference Tables,557.728,4,0.2,6.9716
8145,CA-2013-100993,2013-05-02,2013-10-02,Standard Class,AZ-10750,Annie Zypern,Consumer,United States,San Diego,California,92037,West,TEC-PH-10001448,Technology,Phones,Anker Astro 15000mAh USB Portable Charger,159.968,4,0.2,-31.9936
8148,US-2014-146822,2014-10-06,,Standard Class,AG-10675,Anna Gayman,Consumer,United States,Salem,Virginia,24153,South,OFF-PA-10000249,Office Supplies,Paper,Staples,49.12,4,0.0,23.0864
8157,CA-2013-131296,2013-05-10,2013-10-10,Standard Class,MS-17830,Melanie Seite,Consumer,United States,Baltimore,Maryland,21215,East,FUR-TA-10002622,Furniture,Tables,"Bush Andora Conference Table, Maple/Graphite Gray Finish",239.372,2,0.3,-23.9372
8160,CA-2013-120803,2013-10-03,,Standard Class,RB-19465,Rick Bensley,Home Office,United States,Milford,Connecticut,6460,East,TEC-AC-10004469,Technology,Accessories,Microsoft Sculpt Comfort Mouse,199.75,5,0.0,87.89
8164,CA-2012-168207,2012-02-11,2012-06-11,Standard Class,LT-17110,Liz Thompson,Consumer,United States,San Diego,California,92105,West,FUR-FU-10004909,Furniture,Furnishings,Contemporary Wood/Metal Frame,96.96,6,0.0,33.936
8165,CA-2012-168207,2012-02-11,2012-06-11,Standard Class,LT-17110,Liz Thompson,Consumer,United States,San Diego,California,92105,West,OFF-BI-10001524,Office Supplies,Binders,GBC Premium Transparent Covers with Diagonal Lined Pattern,117.488,7,0.2,41.1208
8166,CA-2012-168207,2012-02-11,2012-06-11,Standard Class,LT-17110,Liz Thompson,Consumer,United States,San Diego,California,92105,West,OFF-BI-10003355,Office Supplies,Binders,Cardinal Holdit Business Card Pockets,11.952,3,0.2,4.1832
8167,CA-2012-168207,2012-02-11,2012-06-11,Standard Class,LT-17110,Liz Thompson,Consumer,United States,San Diego,California,92105,West,FUR-BO-10004357,Furniture,Bookcases,O'Sullivan Living Dimensions 3-Shelf Bookcases,512.499,3,0.15,-30.147
8168,CA-2013-144148,2013-01-08,2013-06-08,Standard Class,AH-10690,Anna Häberlin,Corporate,United States,San Francisco,California,94122,West,FUR-TA-10002774,Furniture,Tables,Laminate Occasional Tables,863.128,7,0.2,-32.3673
8169,CA-2014-107174,2014-07-11,,Standard Class,AB-10060,Adam Bellavance,Home Office,United States,Seattle,Washington,98105,West,FUR-TA-10004575,Furniture,Tables,Hon 5100 Series Wood Tables,2036.86,7,0.0,366.6348
8170,CA-2014-107174,2014-07-11,,Standard Class,AB-10060,Adam Bellavance,Home Office,United States,Seattle,Washington,98105,West,FUR-CH-10003312,Furniture,Chairs,Hon 2090 Pillow Soft Series Mid Back Swivel/Tilt Chairs,449.568,2,0.2,-73.0548
8171,CA-2014-107174,2014-07-11,,Standard Class,AB-10060,Adam Bellavance,Home Office,United States,Seattle,Washington,98105,West,TEC-AC-10001465,Technology,Accessories,SanDisk Cruzer 64 GB USB Flash Drive,108.96,3,0.0,32.688
8173,CA-2011-114125,2011-09-07,,Standard Class,GH-14410,Gary Hansen,Home Office,United States,Los Angeles,California,90049,West,OFF-LA-10004559,Office Supplies,Labels,Avery 49,2.88,1,0.0,1.4112
8174,CA-2011-114125,2011-09-07,,Standard Class,GH-14410,Gary Hansen,Home Office,United States,Los Angeles,California,90049,West,OFF-BI-10003291,Office Supplies,Binders,Wilson Jones Leather-Like Binders with DublLock Round Rings,41.904,6,0.2,14.1426
8175,CA-2011-114125,2011-09-07,,Standard Class,GH-14410,Gary Hansen,Home Office,United States,Los Angeles,California,90049,West,OFF-ST-10001505,Office Supplies,Storage,"Perma STOR-ALL Hanging File Box, 13 1/8""W x 12 1/4""D x 10 1/2""H",23.92,4,0.0,4.0664
8179,CA-2013-166429,2013-03-09,2013-09-09,Standard Class,TG-21310,Toby Gnade,Consumer,United States,Des Moines,Washington,98198,West,TEC-CO-10002095,Technology,Copiers,Hewlett Packard 610 Color Digital Copier / Printer,999.98,2,0.0,449.991
8180,CA-2012-112767,2012-02-08,2012-06-08,Standard Class,DK-12985,Darren Koutras,Consumer,United States,Springfield,Oregon,97477,West,FUR-TA-10003469,Furniture,Tables,Balt Split Level Computer Training Table,277.5,4,0.5,-188.7
8188,CA-2013-127194,2013-11-12,,Standard Class,BW-11110,Bart Watters,Corporate,United States,New York City,New York,10024,East,OFF-PA-10000659,Office Supplies,Paper,"Adams Phone Message Book, Professional, 400 Message Capacity, 5 3/6 x 11",62.82,9,0.0,29.5254
8189,CA-2012-140375,2012-02-10,2012-05-10,Second Class,SG-20470,Sheri Gordon,Consumer,United States,Rockville,Maryland,20852,East,OFF-PA-10001870,Office Supplies,Paper,Xerox 202,19.44,3,0.0,9.3312
8190,CA-2012-140375,2012-02-10,2012-05-10,Second Class,SG-20470,Sheri Gordon,Consumer,United States,Rockville,Maryland,20852,East,OFF-BI-10000320,Office Supplies,Binders,GBC Plastic Binding Combs,7.38,1,0.0,3.6162
8196,CA-2012-136700,2012-06-12,2012-11-12,Second Class,DB-13120,David Bremer,Corporate,United States,Santa Barbara,California,93101,West,OFF-PA-10004519,Office Supplies,Paper,Spiral Phone Message Books with Labels by Adams,8.96,2,0.0,4.3904
8197,CA-2014-102736,2014-06-09,2014-10-09,Standard Class,LP-17095,Liz Preis,Consumer,United States,Knoxville,Tennessee,37918,South,TEC-AC-10004568,Technology,Accessories,Maxell LTO Ultrium - 800 GB,89.568,4,0.2,-1.1196
8198,CA-2014-102736,2014-06-09,2014-10-09,Standard Class,LP-17095,Liz Preis,Consumer,United States,Knoxville,Tennessee,37918,South,OFF-AR-10001897,Office Supplies,Art,Model L Table or Wall-Mount Pencil Sharpener,71.96,5,0.2,7.196
8199,CA-2014-102736,2014-06-09,2014-10-09,Standard Class,LP-17095,Liz Preis,Consumer,United States,Knoxville,Tennessee,37918,South,OFF-PA-10001800,Office Supplies,Paper,Xerox 220,15.552,3,0.2,5.4432
8202,CA-2012-114811,2012-08-11,2012-08-11,Same Day,KD-16495,Keith Dawkins,Corporate,United States,New York City,New York,10024,East,OFF-ST-10000885,Office Supplies,Storage,Fellowes Desktop Hanging File Manager,67.15,5,0.0,16.7875
8203,CA-2012-114811,2012-08-11,2012-08-11,Same Day,KD-16495,Keith Dawkins,Corporate,United States,New York City,New York,10024,East,TEC-PH-10004165,Technology,Phones,Mitel MiVoice 5330e IP Phone,549.98,2,0.0,142.9948
8204,CA-2012-114811,2012-08-11,2012-08-11,Same Day,KD-16495,Keith Dawkins,Corporate,United States,New York City,New York,10024,East,FUR-FU-10002240,Furniture,Furnishings,Nu-Dell EZ-Mount Plastic Wall Frames,11.82,3,0.0,4.728
8205,CA-2012-114811,2012-08-11,2012-08-11,Same Day,KD-16495,Keith Dawkins,Corporate,United States,New York City,New York,10024,East,TEC-MA-10000045,Technology,Machines,Zebra ZM400 Thermal Label Printer,4643.8,4,0.0,2229.024
8206,CA-2012-114811,2012-08-11,2012-08-11,Same Day,KD-16495,Keith Dawkins,Corporate,United States,New York City,New York,10024,East,FUR-CH-10003746,Furniture,Chairs,Hon 4070 Series Pagoda Round Back Stacking Chairs,577.764,2,0.1,115.5528
8211,CA-2014-128769,2014-08-09,,Standard Class,DM-12955,Dario Medina,Corporate,United States,Nashville,Tennessee,37211,South,OFF-AP-10001271,Office Supplies,Appliances,Eureka The Boss Cordless Rechargeable Stick Vac,81.568,2,0.2,7.1372
8212,CA-2013-116337,2013-08-11,,Standard Class,MC-17845,Michael Chen,Consumer,United States,Dallas,Texas,75220,Central,FUR-FU-10002030,Furniture,Furnishings,"Executive Impressions 14"" Contract Wall Clock with Quartz Movement",44.46,5,0.6,-17.784
8213,CA-2013-116337,2013-08-11,,Standard Class,MC-17845,Michael Chen,Consumer,United States,Dallas,Texas,75220,Central,OFF-ST-10001272,Office Supplies,Storage,"Mini 13-1/2 Capacity Data Binder Rack, Pearl",314.088,3,0.2,19.6305
8218,CA-2011-120775,2011-03-10,2011-07-10,Standard Class,RD-19930,Russell D'Ascenzo,Consumer,United States,Dallas,Texas,75217,Central,OFF-FA-10002676,Office Supplies,Fasteners,Colored Push Pins,4.344,3,0.2,0.8688
8219,CA-2011-120775,2011-03-10,2011-07-10,Standard Class,RD-19930,Russell D'Ascenzo,Consumer,United States,Dallas,Texas,75217,Central,FUR-FU-10000758,Furniture,Furnishings,DAX Natural Wood-Tone Poster Frame,31.776,3,0.6,-19.0656
8220,CA-2011-120775,2011-03-10,2011-07-10,Standard Class,RD-19930,Russell D'Ascenzo,Consumer,United States,Dallas,Texas,75217,Central,OFF-LA-10002271,Office Supplies,Labels,Smead Alpha-Z Color-Coded Second Alphabetical Labels and Starter Set,4.928,2,0.2,1.7248
8221,CA-2011-120775,2011-03-10,2011-07-10,Standard Class,RD-19930,Russell D'Ascenzo,Consumer,United States,Dallas,Texas,75217,Central,OFF-BI-10002609,Office Supplies,Binders,Avery Hidden Tab Dividers for Binding Systems,1.788,3,0.8,-3.0396
8222,CA-2011-120775,2011-03-10,2011-07-10,Standard Class,RD-19930,Russell D'Ascenzo,Consumer,United States,Dallas,Texas,75217,Central,OFF-FA-10000254,Office Supplies,Fasteners,Sterling Rubber Bands by Alliance,15.072,4,0.2,-3.768
8226,CA-2014-104136,2014-02-11,2014-05-11,Second Class,SF-20065,Sandra Flanagan,Consumer,United States,Everett,Massachusetts,2149,East,OFF-PA-10004243,Office Supplies,Paper,Xerox 1939,189.7,10,0.0,91.056
8227,CA-2014-104136,2014-02-11,2014-05-11,Second Class,SF-20065,Sandra Flanagan,Consumer,United States,Everett,Massachusetts,2149,East,OFF-PA-10001033,Office Supplies,Paper,Xerox 1893,40.99,1,0.0,20.0851
8228,CA-2013-123050,2013-05-04,2013-09-04,Second Class,BC-11125,Becky Castell,Home Office,United States,Troy,New York,12180,East,FUR-FU-10000723,Furniture,Furnishings,"Deflect-o EconoMat Studded, No Bevel Mat for Low Pile Carpeting",82.64,2,0.0,7.4376
8229,CA-2013-123050,2013-05-04,2013-09-04,Second Class,BC-11125,Becky Castell,Home Office,United States,Troy,New York,12180,East,OFF-ST-10003455,Office Supplies,Storage,"Tenex File Box, Personal Filing Tote with Lid, Black",31.02,2,0.0,8.0652
8230,CA-2013-123050,2013-05-04,2013-09-04,Second Class,BC-11125,Becky Castell,Home Office,United States,Troy,New York,12180,East,TEC-AC-10001109,Technology,Accessories,Logitech Trackman Marble Mouse,89.97,3,0.0,37.7874
8231,CA-2013-162355,2013-01-07,2013-03-07,Second Class,PF-19165,Philip Fox,Consumer,United States,Sandy Springs,Georgia,30328,South,OFF-AR-10004344,Office Supplies,Art,Bulldog Vacuum Base Pencil Sharpener,35.97,3,0.0,9.7119
8232,CA-2013-162355,2013-01-07,2013-03-07,Second Class,PF-19165,Philip Fox,Consumer,United States,Sandy Springs,Georgia,30328,South,FUR-BO-10004695,Furniture,Bookcases,O'Sullivan 2-Door Barrister Bookcase in Odessa Pine,1266.86,7,0.0,291.3778
8235,CA-2014-102204,2014-02-05,2014-07-05,Standard Class,CJ-12010,Caroline Jumper,Consumer,United States,Jacksonville,Florida,32216,South,OFF-SU-10001212,Office Supplies,Supplies,Kleencut Forged Office Shears by Acme United Corporation,3.328,2,0.2,0.416
8236,CA-2014-102204,2014-02-05,2014-07-05,Standard Class,CJ-12010,Caroline Jumper,Consumer,United States,Jacksonville,Florida,32216,South,FUR-TA-10001889,Furniture,Tables,Bush Advantage Collection Racetrack Conference Table,933.262,4,0.45,-458.1468
8237,CA-2014-102204,2014-02-05,2014-07-05,Standard Class,CJ-12010,Caroline Jumper,Consumer,United States,Jacksonville,Florida,32216,South,FUR-CH-10002024,Furniture,Chairs,HON 5400 Series Task Chairs for Big and Tall,2803.92,5,0.2,0.0
8242,CA-2011-109855,2011-01-09,2011-05-09,Standard Class,LH-16900,Lena Hernandez,Consumer,United States,New York City,New York,10009,East,OFF-BI-10004716,Office Supplies,Binders,Wilson Jones Hanging Recycled Pressboard Data Binders,23.744,2,0.2,8.3104
8243,CA-2011-109855,2011-01-09,2011-05-09,Standard Class,LH-16900,Lena Hernandez,Consumer,United States,New York City,New York,10009,East,TEC-AC-10002842,Technology,Accessories,WD My Passport Ultra 2TB Portable External Hard Drive,357.0,3,0.0,57.12
8244,CA-2011-109897,2011-12-08,,Standard Class,BW-11200,Ben Wallace,Consumer,United States,San Francisco,California,94122,West,TEC-PH-10003691,Technology,Phones,BlackBerry Q10,806.336,8,0.2,50.396
8245,CA-2011-109897,2011-12-08,,Standard Class,BW-11200,Ben Wallace,Consumer,United States,San Francisco,California,94122,West,FUR-FU-10002878,Furniture,Furnishings,"Seth Thomas 14"" Day/Date Wall Clock",85.44,3,0.0,31.6128
8247,CA-2012-129217,2012-10-05,2012-10-05,Same Day,DP-13390,Dennis Pardue,Home Office,United States,Aurora,Illinois,60505,Central,OFF-AP-10002439,Office Supplies,Appliances,Tripp Lite Isotel 8 Ultra 8 Outlet Metal Surge,70.97,5,0.8,-191.619
8248,CA-2012-129217,2012-10-05,2012-10-05,Same Day,DP-13390,Dennis Pardue,Home Office,United States,Aurora,Illinois,60505,Central,OFF-AR-10004602,Office Supplies,Art,Boston KS Multi-Size Manual Pencil Sharpener,36.784,2,0.2,3.6784
8249,CA-2013-133816,2013-11-05,,Second Class,CS-12400,Christopher Schild,Home Office,United States,Philadelphia,Pennsylvania,19134,East,TEC-PH-10001795,Technology,Phones,ClearOne CHATAttach 160 - speaker phone,743.988,2,0.4,-123.998
8250,CA-2012-140221,2012-05-03,2012-09-03,Second Class,MS-17365,Maribeth Schnelling,Consumer,United States,Chicago,Illinois,60653,Central,OFF-BI-10002854,Office Supplies,Binders,"Performers Binder/Pad Holder, Black",11.212,2,0.8,-16.818
8251,CA-2012-140221,2012-05-03,2012-09-03,Second Class,MS-17365,Maribeth Schnelling,Consumer,United States,Chicago,Illinois,60653,Central,FUR-FU-10000023,Furniture,Furnishings,Eldon Wave Desk Accessories,4.712,2,0.6,-1.8848
8252,CA-2012-140221,2012-05-03,2012-09-03,Second Class,MS-17365,Maribeth Schnelling,Consumer,United States,Chicago,Illinois,60653,Central,OFF-AP-10000828,Office Supplies,Appliances,Avanti 4.4 Cu. Ft. Refrigerator,180.98,5,0.8,-470.548
8253,CA-2012-140221,2012-05-03,2012-09-03,Second Class,MS-17365,Maribeth Schnelling,Consumer,United States,Chicago,Illinois,60653,Central,OFF-ST-10000777,Office Supplies,Storage,"Companion Letter/Legal File, Black",60.416,2,0.2,6.0416
8275,CA-2014-164112,2014-01-07,2014-05-07,Standard Class,ND-18460,Neil Ducich,Corporate,United States,Mount Vernon,New York,10550,East,OFF-ST-10002615,Office Supplies,Storage,"Dual Level, Single-Width Filing Carts",1085.42,7,0.0,282.2092
8281,CA-2014-134810,2014-10-05,2014-11-05,First Class,MC-17605,Matt Connell,Corporate,United States,Jacksonville,North Carolina,28540,South,OFF-EN-10002504,Office Supplies,Envelopes,"Tyvek  Top-Opening Peel & Seel Envelopes, Plain White",65.232,3,0.2,22.0158
8282,CA-2014-134810,2014-10-05,2014-11-05,First Class,MC-17605,Matt Connell,Corporate,United States,Jacksonville,North Carolina,28540,South,FUR-CH-10001270,Furniture,Chairs,Harbour Creations Steel Folding Chair,207.0,3,0.2,25.875
8287,CA-2011-156244,2011-12-08,,Standard Class,DH-13675,Duane Huffman,Home Office,United States,Miami,Florida,33180,South,OFF-PA-10000295,Office Supplies,Paper,Xerox 229,31.104,6,0.2,10.8864
8288,CA-2011-156244,2011-12-08,,Standard Class,DH-13675,Duane Huffman,Home Office,United States,Miami,Florida,33180,South,OFF-AR-10004344,Office Supplies,Art,Bulldog Vacuum Base Pencil Sharpener,47.96,5,0.2,4.1965
8289,CA-2011-156244,2011-12-08,,Standard Class,DH-13675,Duane Huffman,Home Office,United States,Miami,Florida,33180,South,TEC-AC-10002473,Technology,Accessories,Maxell 4.7GB DVD-R,158.928,7,0.2,41.7186
8290,CA-2011-156244,2011-12-08,,Standard Class,DH-13675,Duane Huffman,Home Office,United States,Miami,Florida,33180,South,OFF-AP-10002403,Office Supplies,Appliances,Acco Smartsocket Color-Coded Six-Outlet AC Adapter Model Surge Protectors,211.248,6,0.2,15.8436
8291,CA-2011-156244,2011-12-08,,Standard Class,DH-13675,Duane Huffman,Home Office,United States,Miami,Florida,33180,South,OFF-SU-10000432,Office Supplies,Supplies,Acco Side-Punched Conventional Columnar Pads,5.552,2,0.2,-1.041
8292,CA-2011-156244,2011-12-08,,Standard Class,DH-13675,Duane Huffman,Home Office,United States,Miami,Florida,33180,South,OFF-LA-10000443,Office Supplies,Labels,Avery 501,2.952,1,0.2,0.9963
8293,CA-2012-106362,2012-11-12,,Standard Class,LC-16885,Lena Creighton,Consumer,United States,Troy,Ohio,45373,East,OFF-BI-10003166,Office Supplies,Binders,GBC Plasticlear Binding Covers,10.332,3,0.7,-7.5768
8294,US-2014-168802,2014-04-11,2014-08-11,Standard Class,JO-15145,Jack O'Briant,Corporate,United States,Seattle,Washington,98103,West,OFF-BI-10002393,Office Supplies,Binders,Binder Posts,18.368,4,0.2,5.9696
8298,US-2012-158911,2012-05-07,2012-11-07,Standard Class,RS-19765,Roland Schwarz,Corporate,United States,Charlotte,North Carolina,28205,South,FUR-FU-10003829,Furniture,Furnishings,Stackable Trays,4.928,2,0.2,0.7392
8299,US-2012-158911,2012-05-07,2012-11-07,Standard Class,RS-19765,Roland Schwarz,Corporate,United States,Charlotte,North Carolina,28205,South,OFF-LA-10003223,Office Supplies,Labels,Avery 508,11.784,3,0.2,4.2717
8300,US-2011-103338,2011-11-03,,Standard Class,RB-19435,Richard Bierner,Consumer,United States,Roseville,California,95661,West,OFF-AR-10001770,Office Supplies,Art,Economy #2 Pencils,7.98,3,0.0,2.0748
8305,CA-2014-135419,2014-04-11,2014-10-11,Standard Class,BG-11740,Bruce Geld,Consumer,United States,Bakersfield,California,93309,West,FUR-TA-10001086,Furniture,Tables,"SAFCO PlanMaster Boards, 60w x 37-1/2d, White Melamine",486.368,4,0.2,36.4776
8306,CA-2013-128671,2013-12-08,,Standard Class,MT-18070,Michelle Tran,Home Office,United States,Tulsa,Oklahoma,74133,Central,OFF-PA-10001870,Office Supplies,Paper,Xerox 202,32.4,5,0.0,15.552
8307,CA-2013-128671,2013-12-08,,Standard Class,MT-18070,Michelle Tran,Home Office,United States,Tulsa,Oklahoma,74133,Central,OFF-BI-10003305,Office Supplies,Binders,Avery Hanging File Binders,41.86,7,0.0,19.2556
8308,CA-2013-128671,2013-12-08,,Standard Class,MT-18070,Michelle Tran,Home Office,United States,Tulsa,Oklahoma,74133,Central,OFF-BI-10003007,Office Supplies,Binders,"Premium Transparent Presentation Covers, No Pattern/Clear, 8 1/2"" x 11""",77.56,2,0.0,35.6776
8310,CA-2011-168312,2011-01-03,2011-07-03,Standard Class,GW-14605,Giulietta Weimer,Consumer,United States,Houston,Texas,77036,Central,OFF-ST-10003692,Office Supplies,Storage,Recycled Steel Personal File for Hanging File Folders,137.352,3,0.2,8.5845
8311,CA-2011-168312,2011-01-03,2011-07-03,Standard Class,GW-14605,Giulietta Weimer,Consumer,United States,Houston,Texas,77036,Central,FUR-TA-10001866,Furniture,Tables,Bevis Round Conference Room Tables and Bases,376.509,3,0.3,-43.0296
8314,CA-2011-161508,2011-12-07,,Standard Class,PV-18985,Paul Van Hugh,Home Office,United States,League City,Texas,77573,Central,FUR-CH-10002126,Furniture,Chairs,Hon Deluxe Fabric Upholstered Stacking Chairs,512.358,3,0.3,-14.6388
8315,CA-2011-161508,2011-12-07,,Standard Class,PV-18985,Paul Van Hugh,Home Office,United States,League City,Texas,77573,Central,OFF-FA-10001561,Office Supplies,Fasteners,Stockwell Push Pins,3.488,2,0.2,0.5668
8316,CA-2011-161508,2011-12-07,,Standard Class,PV-18985,Paul Van Hugh,Home Office,United States,League City,Texas,77573,Central,OFF-AR-10003158,Office Supplies,Art,Fluorescent Highlighters by Dixon,22.288,7,0.2,3.9004
8317,CA-2011-161508,2011-12-07,,Standard Class,PV-18985,Paul Van Hugh,Home Office,United States,League City,Texas,77573,Central,OFF-PA-10001804,Office Supplies,Paper,Xerox 195,16.032,3,0.2,5.6112
8318,CA-2014-130904,2014-12-04,,Standard Class,HM-14980,Henry MacAllister,Consumer,United States,Burlington,North Carolina,27217,South,OFF-AR-10000422,Office Supplies,Art,Pencil and Crayon Sharpener,1.752,1,0.2,0.1533
8319,CA-2014-130904,2014-12-04,,Standard Class,HM-14980,Henry MacAllister,Consumer,United States,Burlington,North Carolina,27217,South,OFF-AR-10000127,Office Supplies,Art,Newell 321,20.992,8,0.2,2.3616
8321,CA-2012-142937,2012-05-12,2012-06-12,First Class,SF-20065,Sandra Flanagan,Consumer,United States,Dallas,Texas,75220,Central,OFF-AR-10003582,Office Supplies,Art,"Boston Electric Pencil Sharpener, Model 1818, Charcoal Black",45.04,2,0.2,4.504
8325,CA-2014-144456,2014-09-09,2014-10-09,First Class,FC-14245,Frank Carlisle,Home Office,United States,Hialeah,Florida,33012,South,OFF-ST-10001321,Office Supplies,Storage,"Decoflex Hanging Personal Folder File, Blue",61.68,5,0.2,5.397
8326,CA-2014-144456,2014-09-09,2014-10-09,First Class,FC-14245,Frank Carlisle,Home Office,United States,Hialeah,Florida,33012,South,TEC-PH-10001750,Technology,Phones,Samsung Rugby III,158.376,3,0.2,13.8579
8329,CA-2014-118577,2014-07-10,2014-12-10,Standard Class,XP-21865,Xylona Preis,Consumer,United States,Belleville,New Jersey,7109,East,OFF-PA-10001357,Office Supplies,Paper,Xerox 1886,143.7,3,0.0,68.976
8330,CA-2014-118577,2014-07-10,2014-12-10,Standard Class,XP-21865,Xylona Preis,Consumer,United States,Belleville,New Jersey,7109,East,OFF-PA-10004888,Office Supplies,Paper,Xerox 217,6.48,1,0.0,3.1104
8331,CA-2014-113572,2014-08-11,2014-12-11,Standard Class,FP-14320,Frank Preis,Consumer,United States,New York City,New York,10024,East,TEC-AC-10002370,Technology,Accessories,Maxell CD-R Discs,7.88,4,0.0,2.5216
8332,CA-2013-153269,2013-10-03,,First Class,PS-18760,Pamela Stobb,Consumer,United States,Andover,Massachusetts,1810,East,OFF-ST-10004634,Office Supplies,Storage,"Personal Folder Holder, Ebony",11.21,1,0.0,3.363
8333,CA-2013-153269,2013-10-03,,First Class,PS-18760,Pamela Stobb,Consumer,United States,Andover,Massachusetts,1810,East,FUR-CH-10002647,Furniture,Chairs,"Situations Contoured Folding Chairs, 4/Set",354.9,5,0.0,88.725
8334,CA-2013-153269,2013-10-03,,First Class,PS-18760,Pamela Stobb,Consumer,United States,Andover,Massachusetts,1810,East,OFF-PA-10001801,Office Supplies,Paper,Xerox 193,17.94,3,0.0,8.7906
8335,CA-2013-153269,2013-10-03,,First Class,PS-18760,Pamela Stobb,Consumer,United States,Andover,Massachusetts,1810,East,OFF-BI-10004632,Office Supplies,Binders,GBC Binding covers,51.8,4,0.0,23.31
8337,CA-2013-101469,2013-03-07,2013-09-07,Standard Class,KH-16360,Katherine Hughes,Consumer,United States,Arlington,Virginia,22204,South,OFF-AR-10003986,Office Supplies,Art,Avery Hi-Liter Pen Style Six-Color Fluorescent Set,7.7,2,0.0,3.157
8342,CA-2014-141481,2014-12-06,,First Class,ZD-21925,Zuschuss Donatelli,Consumer,United States,Los Angeles,California,90036,West,OFF-AP-10004532,Office Supplies,Appliances,Kensington 6 Outlet Guardian Standard Surge Protector,61.44,3,0.0,16.5888
8352,CA-2014-132199,2014-04-05,2014-09-05,Standard Class,BO-11350,Bill Overfelt,Corporate,United States,Philadelphia,Pennsylvania,19134,East,FUR-FU-10004245,Furniture,Furnishings,"Career Cubicle Clock, 8 1/4"", Black",32.448,2,0.2,7.3008
8353,CA-2014-132199,2014-04-05,2014-09-05,Standard Class,BO-11350,Bill Overfelt,Corporate,United States,Philadelphia,Pennsylvania,19134,East,OFF-BI-10003684,Office Supplies,Binders,Wilson Jones Legal Size Ring Binders,26.388,4,0.7,-17.592
8354,CA-2014-132199,2014-04-05,2014-09-05,Standard Class,BO-11350,Bill Overfelt,Corporate,United States,Philadelphia,Pennsylvania,19134,East,FUR-TA-10003748,Furniture,Tables,Bevis 36 x 72 Conference Tables,373.47,5,0.4,-112.041
8355,CA-2014-132199,2014-04-05,2014-09-05,Standard Class,BO-11350,Bill Overfelt,Corporate,United States,Philadelphia,Pennsylvania,19134,East,OFF-BI-10002133,Office Supplies,Binders,"Wilson Jones Elliptical Ring 3 1/2"" Capacity Binders, 800 sheets",64.2,5,0.7,-44.94
8356,CA-2014-132199,2014-04-05,2014-09-05,Standard Class,BO-11350,Bill Overfelt,Corporate,United States,Philadelphia,Pennsylvania,19134,East,OFF-FA-10002280,Office Supplies,Fasteners,Advantus Plastic Paper Clips,8.0,2,0.2,2.8
8358,CA-2011-110555,2011-11-04,,Standard Class,MM-18055,Michelle Moray,Consumer,United States,Great Falls,Montana,59405,West,OFF-ST-10000876,Office Supplies,Storage,Eldon Simplefile Box Office,87.08,7,0.0,24.3824
8359,CA-2011-110555,2011-11-04,,Standard Class,MM-18055,Michelle Moray,Consumer,United States,Great Falls,Montana,59405,West,TEC-PH-10000586,Technology,Phones,AT&T SB67148 SynJ,105.584,2,0.2,9.2386
8360,CA-2011-110555,2011-11-04,,Standard Class,MM-18055,Michelle Moray,Consumer,United States,Great Falls,Montana,59405,West,TEC-AC-10003399,Technology,Accessories,Memorex Mini Travel Drive 64 GB USB 2.0 Flash Drive,217.44,6,0.0,91.3248
8361,CA-2014-147207,2014-03-01,2014-05-01,Second Class,TS-21655,Trudy Schmidt,Consumer,United States,El Paso,Texas,79907,Central,OFF-AR-10001955,Office Supplies,Art,Newell 319,31.744,2,0.2,3.968
8362,CA-2014-147207,2014-03-01,2014-05-01,Second Class,TS-21655,Trudy Schmidt,Consumer,United States,El Paso,Texas,79907,Central,OFF-AP-10000027,Office Supplies,Appliances,Hoover Commercial SteamVac,5.432,2,0.8,-13.58
8363,CA-2014-147207,2014-03-01,2014-05-01,Second Class,TS-21655,Trudy Schmidt,Consumer,United States,El Paso,Texas,79907,Central,FUR-TA-10002958,Furniture,Tables,"Bevis Oval Conference Table, Walnut",913.43,5,0.3,-169.637
8364,CA-2014-147207,2014-03-01,2014-05-01,Second Class,TS-21655,Trudy Schmidt,Consumer,United States,El Paso,Texas,79907,Central,OFF-ST-10002615,Office Supplies,Storage,"Dual Level, Single-Width Filing Carts",372.144,3,0.2,27.9108
8367,CA-2011-109918,2011-07-09,2011-12-09,Second Class,LR-17035,Lisa Ryan,Corporate,United States,Santa Clara,California,95051,West,OFF-SU-10004290,Office Supplies,Supplies,"Acme Design Line 8"" Stainless Steel Bent Scissors w/Champagne Handles, 3-1/8"" Cut",27.36,4,0.0,7.3872
8368,CA-2011-109918,2011-07-09,2011-12-09,Second Class,LR-17035,Lisa Ryan,Corporate,United States,Santa Clara,California,95051,West,OFF-PA-10000174,Office Supplies,Paper,"Message Book, Wirebound, Four 5 1/2"" X 4"" Forms/Pg., 200 Dupl. Sets/Book",20.56,2,0.0,9.6632
8369,CA-2011-109918,2011-07-09,2011-12-09,Second Class,LR-17035,Lisa Ryan,Corporate,United States,Santa Clara,California,95051,West,OFF-BI-10004308,Office Supplies,Binders,Avery Legal 4-Ring Binder,83.92,5,0.2,31.47
8370,CA-2013-118745,2013-12-06,,Standard Class,SV-20365,Seth Vernon,Consumer,United States,Los Angeles,California,90049,West,FUR-TA-10003473,Furniture,Tables,Bretford Rectangular Conference Table Tops,902.712,3,0.2,33.8517
8374,CA-2013-152940,2013-11-11,,First Class,RO-19780,Rose O'Brian,Consumer,United States,San Francisco,California,94110,West,OFF-ST-10000352,Office Supplies,Storage,Acco Perma 2700 Stacking Storage Drawers,29.74,1,0.0,4.461
8375,CA-2012-158701,2012-05-01,2012-10-01,Standard Class,JL-15175,James Lanier,Home Office,United States,San Francisco,California,94110,West,OFF-AP-10004859,Office Supplies,Appliances,Acco 6 Outlet Guardian Premium Surge Suppressor,87.36,6,0.0,23.5872
8376,CA-2012-158701,2012-05-01,2012-10-01,Standard Class,JL-15175,James Lanier,Home Office,United States,San Francisco,California,94110,West,OFF-BI-10001294,Office Supplies,Binders,Fellowes Binding Cases,56.16,6,0.2,17.55
8378,CA-2012-162964,2012-12-11,,Standard Class,MF-18250,Monica Federle,Corporate,United States,Houston,Texas,77095,Central,OFF-ST-10002344,Office Supplies,Storage,"Carina 42""Hx23 3/4""W Media Storage Unit",64.784,1,0.2,-14.5764
8379,CA-2012-162964,2012-12-11,,Standard Class,MF-18250,Monica Federle,Corporate,United States,Houston,Texas,77095,Central,OFF-PA-10003349,Office Supplies,Paper,Xerox 1957,15.552,3,0.2,5.6376
8380,CA-2012-162964,2012-12-11,,Standard Class,MF-18250,Monica Federle,Corporate,United States,Houston,Texas,77095,Central,OFF-EN-10003055,Office Supplies,Envelopes,"Blue String-Tie & Button Interoffice Envelopes, 10 x 13",223.888,7,0.2,69.965
8381,CA-2011-103527,2011-09-09,,Second Class,CC-12220,Chris Cortes,Consumer,United States,Chicago,Illinois,60653,Central,OFF-PA-10001622,Office Supplies,Paper,"Ampad Poly Cover Wirebound Steno Book, 6"" x 9"" Assorted Colors, Gregg Ruled",10.896,3,0.2,3.405
8383,CA-2013-163048,2013-08-02,,Standard Class,MH-17440,Mark Haberlin,Corporate,United States,Houston,Texas,77036,Central,FUR-CH-10001270,Furniture,Chairs,Harbour Creations Steel Folding Chair,241.5,4,0.3,0.0
8386,CA-2014-137582,2014-05-09,2014-09-09,Standard Class,CV-12805,Cynthia Voltz,Corporate,United States,Oakland,California,94601,West,OFF-BI-10001757,Office Supplies,Binders,Pressboard Hanging Data Binders for Unburst Sheets,11.808,3,0.2,4.1328
8389,CA-2011-139423,2011-01-11,2011-05-11,Standard Class,DG-13300,Deirdre Greer,Corporate,United States,Orange,New Jersey,7050,East,OFF-AP-10004708,Office Supplies,Appliances,Fellowes Superior 10 Outlet Split Surge Protector,76.12,2,0.0,22.0748
8391,CA-2014-153227,2014-05-12,2014-07-12,First Class,CS-12250,Chris Selesnick,Corporate,United States,Los Angeles,California,90032,West,OFF-PA-10001838,Office Supplies,Paper,"Adams Telephone Message Book W/Dividers/Space For Phone Numbers, 5 1/4""X8 1/2"", 300/Messages",11.76,2,0.0,5.7624
8393,CA-2013-142594,2013-02-12,2013-07-12,Second Class,EJ-14155,Eva Jacobs,Consumer,United States,Franklin,Massachusetts,2038,East,TEC-PH-10000193,Technology,Phones,Jensen SMPS-640 - speaker phone,137.94,3,0.0,35.8644
8394,CA-2013-142594,2013-02-12,2013-07-12,Second Class,EJ-14155,Eva Jacobs,Consumer,United States,Franklin,Massachusetts,2038,East,FUR-FU-10002045,Furniture,Furnishings,"Executive Impressions 14""",111.15,5,0.0,48.906
8395,CA-2013-142594,2013-02-12,2013-07-12,Second Class,EJ-14155,Eva Jacobs,Consumer,United States,Franklin,Massachusetts,2038,East,OFF-AP-10002945,Office Supplies,Appliances,Honeywell Enviracaire Portable HEPA Air Cleaner for 17' x 22' Room,901.95,3,0.0,297.6435
8396,CA-2013-142594,2013-02-12,2013-07-12,Second Class,EJ-14155,Eva Jacobs,Consumer,United States,Franklin,Massachusetts,2038,East,FUR-TA-10001095,Furniture,Tables,Chromcraft Round Conference Tables,366.009,3,0.3,-47.0583
8398,US-2011-120236,2011-03-09,2011-04-09,First Class,MR-17545,Mathew Reese,Home Office,United States,Houston,Texas,77095,Central,OFF-BI-10004099,Office Supplies,Binders,GBC VeloBinder Strips,7.68,5,0.8,-11.52
8399,CA-2014-120061,2014-03-11,2014-08-11,Second Class,SR-20425,Sharelle Roach,Home Office,United States,Springfield,Ohio,45503,East,FUR-CH-10001973,Furniture,Chairs,Office Star Flex Back Scooter Chair with White Frame,155.372,2,0.3,-35.5136
8401,CA-2012-110814,2012-05-12,2012-09-12,Second Class,BD-11635,Brian Derr,Consumer,United States,New York City,New York,10009,East,OFF-BI-10002026,Office Supplies,Binders,Avery Arch Ring Binders,232.4,5,0.2,78.435
8402,CA-2012-110814,2012-05-12,2012-09-12,Second Class,BD-11635,Brian Derr,Consumer,United States,New York City,New York,10009,East,FUR-CH-10003535,Furniture,Chairs,"Global Armless Task Chair, Royal Blue",164.646,3,0.1,12.8058
8403,CA-2012-110814,2012-05-12,2012-09-12,Second Class,BD-11635,Brian Derr,Consumer,United States,New York City,New York,10009,East,OFF-PA-10004156,Office Supplies,Paper,Xerox 188,22.68,2,0.0,11.1132
8404,CA-2013-154067,2013-01-02,2013-07-02,Standard Class,SM-20950,Suzanne McNair,Corporate,United States,Los Angeles,California,90036,West,OFF-PA-10002254,Office Supplies,Paper,Xerox 1883,105.52,4,0.0,48.5392
8405,CA-2014-140480,2014-09-07,,Standard Class,HE-14800,Harold Engle,Corporate,United States,Newark,Delaware,19711,East,FUR-FU-10003247,Furniture,Furnishings,36X48 HARDFLOOR CHAIRMAT,83.92,4,0.0,5.8744
8406,CA-2014-140480,2014-09-07,,Standard Class,HE-14800,Harold Engle,Corporate,United States,Newark,Delaware,19711,East,TEC-AC-10002473,Technology,Accessories,Maxell 4.7GB DVD-R,141.9,5,0.0,58.179
8407,CA-2014-140480,2014-09-07,,Standard Class,HE-14800,Harold Engle,Corporate,United States,Newark,Delaware,19711,East,FUR-FU-10001057,Furniture,Furnishings,Tensor Track Tree Floor Lamp,39.98,2,0.0,9.1954
8408,CA-2014-140480,2014-09-07,,Standard Class,HE-14800,Harold Engle,Corporate,United States,Newark,Delaware,19711,East,OFF-AR-10001419,Office Supplies,Art,Newell 325,28.91,7,0.0,8.673
8409,CA-2014-140480,2014-09-07,,Standard Class,HE-14800,Harold Engle,Corporate,United States,Newark,Delaware,19711,East,OFF-AR-10004010,Office Supplies,Art,Hunt Boston Vacuum Mount KS Pencil Sharpener,174.95,5,0.0,45.487
8410,CA-2012-134082,2012-11-12,,Standard Class,JK-15640,Jim Kriz,Home Office,United States,San Bernardino,California,92404,West,OFF-BI-10004230,Office Supplies,Binders,GBC Recycled Grain Textured Covers,110.528,4,0.2,38.6848
8412,CA-2013-159765,2013-10-05,,Second Class,TH-21100,Thea Hendricks,Consumer,United States,Salem,Virginia,24153,South,OFF-AR-10003514,Office Supplies,Art,4009 Highlighters by Sanford,27.86,7,0.0,9.1938
8413,CA-2014-132290,2014-11-03,,Standard Class,MD-17350,Maribeth Dona,Consumer,United States,Dallas,Texas,75217,Central,FUR-TA-10002228,Furniture,Tables,"Bevis Traditional Conference Table Top, Plinth Base",933.408,4,0.3,-173.3472
8416,CA-2014-107265,2014-07-04,,Standard Class,ML-17755,Max Ludwig,Home Office,United States,Marion,Iowa,52302,Central,OFF-PA-10000474,Office Supplies,Paper,Staples,106.32,3,0.0,49.9704
8417,CA-2014-118199,2014-10-05,2014-12-05,First Class,LB-16795,Laurel Beltran,Home Office,United States,Seattle,Washington,98105,West,OFF-BI-10004330,Office Supplies,Binders,"GBC Velobind Prepunched Cover Sets, Regency Series",147.92,5,0.2,46.225
8418,CA-2014-118199,2014-10-05,2014-12-05,First Class,LB-16795,Laurel Beltran,Home Office,United States,Seattle,Washington,98105,West,OFF-ST-10000604,Office Supplies,Storage,Home/Office Personal File Carts,104.28,3,0.0,26.07
8419,CA-2014-118199,2014-10-05,2014-12-05,First Class,LB-16795,Laurel Beltran,Home Office,United States,Seattle,Washington,98105,West,FUR-TA-10004154,Furniture,Tables,"Riverside Furniture Oval Coffee Table, Oval End Table, End Table with Drawer",286.85,1,0.0,63.107
8420,CA-2014-118199,2014-10-05,2014-12-05,First Class,LB-16795,Laurel Beltran,Home Office,United States,Seattle,Washington,98105,West,OFF-ST-10000636,Office Supplies,Storage,Rogers Profile Extra Capacity Storage Tub,66.96,4,0.0,2.6784
8421,CA-2014-118199,2014-10-05,2014-12-05,First Class,LB-16795,Laurel Beltran,Home Office,United States,Seattle,Washington,98105,West,TEC-AC-10004171,Technology,Accessories,Razer Kraken 7.1 Surround Sound Over Ear USB Gaming Headset,199.98,2,0.0,87.9912
8427,CA-2012-128356,2012-02-10,2012-07-10,Standard Class,RP-19390,Resi Pölking,Consumer,United States,Thornton,Colorado,80229,West,OFF-SU-10004290,Office Supplies,Supplies,"Acme Design Line 8"" Stainless Steel Bent Scissors w/Champagne Handles, 3-1/8"" Cut",10.944,2,0.2,0.9576
8432,CA-2014-155621,2014-09-11,,Standard Class,KN-16450,Kean Nguyen,Corporate,United States,Baltimore,Maryland,21215,East,FUR-FU-10003535,Furniture,Furnishings,Howard Miller Distant Time Traveler Alarm Clock,274.2,10,0.0,112.422
8438,CA-2012-112823,2012-10-12,,Standard Class,RA-19945,Ryan Akin,Consumer,United States,Cleveland,Ohio,44105,East,TEC-AC-10002550,Technology,Accessories,Maxell 4.7GB DVD-RW 3/Pack,25.488,2,0.2,4.4604
8441,CA-2013-158302,2013-09-12,,Second Class,JB-16045,Julia Barnett,Home Office,United States,Columbus,Ohio,43229,East,OFF-PA-10002615,Office Supplies,Paper,"Ampad Gold Fibre Wirebound Steno Books, 6"" x 9"", Gregg Ruled",10.584,3,0.2,3.4398
8442,CA-2014-145779,2014-07-05,2014-11-05,Standard Class,DB-13615,Doug Bickford,Consumer,United States,Tucson,Arizona,85705,West,OFF-PA-10002254,Office Supplies,Paper,Xerox 1883,84.416,4,0.2,27.4352
8443,US-2013-155173,2013-07-03,2013-11-03,Standard Class,JB-16045,Julia Barnett,Home Office,United States,Philadelphia,Pennsylvania,19120,East,TEC-PH-10004586,Technology,Phones,Wilson SignalBoost 841262 DB PRO Amplifier Kit,431.94,2,0.4,-71.99
8444,US-2013-155173,2013-07-03,2013-11-03,Standard Class,JB-16045,Julia Barnett,Home Office,United States,Philadelphia,Pennsylvania,19120,East,OFF-BI-10002982,Office Supplies,Binders,Avery Self-Adhesive Photo Pockets for Polaroid Photos,2.043,1,0.7,-1.4982
8445,US-2013-155173,2013-07-03,2013-11-03,Standard Class,JB-16045,Julia Barnett,Home Office,United States,Philadelphia,Pennsylvania,19120,East,TEC-PH-10002538,Technology,Phones,Grandstream GXP1160 VoIP phone,68.238,3,0.4,-12.5103
8463,CA-2012-169537,2012-03-09,2012-07-09,Second Class,JH-15820,John Huston,Consumer,United States,Holland,Michigan,49423,Central,OFF-LA-10001982,Office Supplies,Labels,Smead Alpha-Z Color-Coded Name Labels First Letter Starter Set,7.5,2,0.0,3.6
8465,CA-2012-144043,2012-10-05,,Standard Class,AB-10165,Alan Barnes,Consumer,United States,Louisville,Colorado,80027,West,TEC-AC-10002718,Technology,Accessories,Belkin Standard 104 key USB Keyboard,46.688,4,0.2,-2.918
8466,CA-2012-116512,2012-09-04,,Standard Class,MC-18100,Mick Crebagga,Consumer,United States,New York City,New York,10024,East,OFF-ST-10001505,Office Supplies,Storage,"Perma STOR-ALL Hanging File Box, 13 1/8""W x 12 1/4""D x 10 1/2""H",17.94,3,0.0,3.0498
8467,CA-2012-101000,2012-09-04,,Standard Class,IG-15085,Ivan Gibson,Consumer,United States,Norwich,Connecticut,6360,East,OFF-AP-10000179,Office Supplies,Appliances,Honeywell Enviracaire Portable HEPA Air Cleaner for up to 10 x 16 Room,370.14,3,0.0,144.3546
8469,US-2013-164196,2013-12-11,,Standard Class,AS-10285,Alejandro Savely,Corporate,United States,Noblesville,Indiana,46060,Central,FUR-TA-10001950,Furniture,Tables,Balt Solid Wood Round Tables,2678.94,6,0.0,241.1046
8475,CA-2014-169404,2014-10-04,,Standard Class,NC-18625,Noah Childs,Corporate,United States,York,Pennsylvania,17403,East,OFF-BI-10004492,Office Supplies,Binders,Tuf-Vin Binders,37.896,4,0.7,-29.0536
8476,CA-2014-169404,2014-10-04,,Standard Class,NC-18625,Noah Childs,Corporate,United States,York,Pennsylvania,17403,East,OFF-PA-10001033,Office Supplies,Paper,Xerox 1893,65.584,2,0.2,23.7742
8483,US-2014-118535,2014-12-02,,Standard Class,DJ-13510,Don Jones,Corporate,United States,New York City,New York,10024,East,OFF-LA-10001297,Office Supplies,Labels,Avery 473,20.7,2,0.0,9.936
8489,CA-2013-158841,2013-02-02,2013-04-02,Second Class,SE-20110,Sanjit Engle,Consumer,United States,Arlington,Virginia,22204,South,TEC-MA-10001127,Technology,Machines,"HP Designjet T520 Inkjet Large Format Printer - 24"" Color",8749.95,5,0.0,2799.984
8490,CA-2013-158841,2013-02-02,2013-04-02,Second Class,SE-20110,Sanjit Engle,Consumer,United States,Arlington,Virginia,22204,South,OFF-BI-10002557,Office Supplies,Binders,Presstex Flexible Ring Binders,36.4,8,0.0,18.2
8491,CA-2013-158841,2013-02-02,2013-04-02,Second Class,SE-20110,Sanjit Engle,Consumer,United States,Arlington,Virginia,22204,South,FUR-FU-10001731,Furniture,Furnishings,Acrylic Self-Standing Desk Frames,18.69,7,0.0,7.1022
8492,CA-2014-106824,2014-08-07,2014-12-07,Standard Class,AT-10735,Annie Thurman,Consumer,United States,Los Angeles,California,90049,West,OFF-FA-10001135,Office Supplies,Fasteners,"Brites Rubber Bands, 1 1/2 oz. Box",5.94,3,0.0,0.1188
8496,CA-2013-143154,2013-03-12,2013-09-12,Standard Class,AS-10225,Alan Schoenberger,Corporate,United States,Longmont,Colorado,80501,West,TEC-AC-10002942,Technology,Accessories,WD My Passport Ultra 1TB Portable External Hard Drive,165.6,3,0.2,-6.21
8497,CA-2011-169061,2011-05-03,2011-08-03,Second Class,AB-10150,Aimee Bixby,Consumer,United States,Yonkers,New York,10701,East,OFF-AR-10000588,Office Supplies,Art,Newell 345,59.52,3,0.0,15.4752
8498,CA-2011-169061,2011-05-03,2011-08-03,Second Class,AB-10150,Aimee Bixby,Consumer,United States,Yonkers,New York,10701,East,TEC-AC-10002001,Technology,Accessories,Logitech Wireless Gaming Headset G930,479.97,3,0.0,177.5889
8499,CA-2011-169061,2011-05-03,2011-08-03,Second Class,AB-10150,Aimee Bixby,Consumer,United States,Yonkers,New York,10701,East,OFF-SU-10000381,Office Supplies,Supplies,Acme Forged Steel Scissors with Black Enamel Handles,18.62,2,0.0,5.3998
8500,CA-2011-169061,2011-05-03,2011-08-03,Second Class,AB-10150,Aimee Bixby,Consumer,United States,Yonkers,New York,10701,East,OFF-BI-10001617,Office Supplies,Binders,GBC Wire Binding Combs,49.632,6,0.2,16.7508
8501,CA-2011-169061,2011-05-03,2011-08-03,Second Class,AB-10150,Aimee Bixby,Consumer,United States,Yonkers,New York,10701,East,OFF-PA-10001878,Office Supplies,Paper,Xerox 1891,97.82,2,0.0,45.9754
8505,CA-2013-109400,2013-03-05,2013-07-05,Standard Class,NR-18550,Nick Radford,Consumer,United States,Amarillo,Texas,79109,Central,FUR-CH-10003298,Furniture,Chairs,"Office Star - Contemporary Task Swivel chair with Loop Arms, Charcoal",366.744,4,0.3,-110.0232
8506,CA-2013-130400,2013-09-03,,Standard Class,SJ-20125,Sanjit Jacobs,Home Office,United States,Dallas,Texas,75217,Central,OFF-BI-10001757,Office Supplies,Binders,Pressboard Hanging Data Binders for Unburst Sheets,8.856,9,0.8,-14.1696
8507,CA-2013-130400,2013-09-03,,Standard Class,SJ-20125,Sanjit Jacobs,Home Office,United States,Dallas,Texas,75217,Central,TEC-AC-10004633,Technology,Accessories,"Verbatim 25 GB 6x Blu-ray Single Layer Recordable Disc, 3/Pack",27.96,5,0.2,8.388
8508,CA-2013-130400,2013-09-03,,Standard Class,SJ-20125,Sanjit Jacobs,Home Office,United States,Dallas,Texas,75217,Central,OFF-EN-10001453,Office Supplies,Envelopes,"Tyvek Interoffice Envelopes, 9 1/2"" x 12 1/2"", 100/Box",146.352,3,0.2,49.3938
8509,CA-2012-135853,2012-11-12,,First Class,CA-12775,Cynthia Arntzen,Consumer,United States,Detroit,Michigan,48205,Central,TEC-AC-10004761,Technology,Accessories,Maxell 4.7GB DVD+RW 3/Pack,175.23,11,0.0,61.3305
8510,CA-2012-135853,2012-11-12,,First Class,CA-12775,Cynthia Arntzen,Consumer,United States,Detroit,Michigan,48205,Central,TEC-PH-10003691,Technology,Phones,BlackBerry Q10,125.99,1,0.0,31.4975
8511,CA-2012-135853,2012-11-12,,First Class,CA-12775,Cynthia Arntzen,Consumer,United States,Detroit,Michigan,48205,Central,OFF-BI-10004965,Office Supplies,Binders,Ibico Covers for Plastic or Wire Binding Elements,23.0,2,0.0,10.35
8513,CA-2013-144645,2013-02-02,2013-08-02,Standard Class,NS-18640,Noel Staavos,Corporate,United States,Houston,Texas,77041,Central,FUR-FU-10003601,Furniture,Furnishings,"Deflect-o RollaMat Studded, Beveled Mat for Medium Pile Carpeting",73.784,2,0.6,-77.4732
8514,CA-2014-141614,2014-06-06,2014-10-06,Standard Class,NS-18640,Noel Staavos,Corporate,United States,Orlando,Florida,32839,South,OFF-PA-10002787,Office Supplies,Paper,Xerox 227,20.736,4,0.2,7.2576
8517,CA-2013-132899,2013-08-04,2013-12-04,Standard Class,SF-20200,Sarah Foster,Consumer,United States,New York City,New York,10009,East,OFF-AR-10002833,Office Supplies,Art,Newell 322,3.64,2,0.0,0.9828
8518,CA-2014-149720,2014-05-06,2014-08-06,Second Class,EM-14065,Erin Mull,Consumer,United States,Frisco,Texas,75034,Central,FUR-FU-10002501,Furniture,Furnishings,Nu-Dell Executive Frame,30.336,6,0.6,-17.4432
8519,CA-2014-118003,2014-05-12,2014-11-12,Standard Class,DO-13645,Doug O'Connell,Consumer,United States,Paterson,New Jersey,7501,East,FUR-FU-10002506,Furniture,Furnishings,"Tensor ""Hersey Kiss"" Styled Floor Lamp",12.99,1,0.0,1.5588
8520,CA-2014-118003,2014-05-12,2014-11-12,Standard Class,DO-13645,Doug O'Connell,Consumer,United States,Paterson,New Jersey,7501,East,FUR-CH-10003817,Furniture,Chairs,"Global Value Steno Chair, Gray",182.22,3,0.0,45.555
8521,CA-2014-118003,2014-05-12,2014-11-12,Standard Class,DO-13645,Doug O'Connell,Consumer,United States,Paterson,New Jersey,7501,East,FUR-CH-10004860,Furniture,Chairs,Global Low Back Tilter Chair,302.94,3,0.0,18.1764
8522,CA-2013-141887,2013-11-01,,Standard Class,MP-17470,Mark Packer,Home Office,United States,Columbus,Ohio,43229,East,FUR-FU-10002268,Furniture,Furnishings,Ultra Door Push Plate,54.992,14,0.2,8.9362
8523,US-2013-160206,2013-02-04,2013-08-04,Standard Class,MY-18295,Muhammed Yedwab,Corporate,United States,Milwaukee,Wisconsin,53209,Central,TEC-PH-10000148,Technology,Phones,Cyber Acoustics AC-202b Speech Recognition Stereo Headset,12.99,1,0.0,0.2598
8530,CA-2014-137624,2014-11-11,,Standard Class,ME-17320,Maria Etezadi,Home Office,United States,Los Angeles,California,90008,West,FUR-CH-10001714,Furniture,Chairs,"Global Leather & Oak Executive Chair, Burgundy",241.424,2,0.2,-36.2136
8531,CA-2013-156748,2013-01-12,2013-07-12,Standard Class,BS-11755,Bruce Stewart,Consumer,United States,Detroit,Michigan,48227,Central,OFF-PA-10000380,Office Supplies,Paper,"REDIFORM Incoming/Outgoing Call Register, 11"" X 8 1/2"", 100 Messages",33.36,4,0.0,16.68
8532,CA-2013-156748,2013-01-12,2013-07-12,Standard Class,BS-11755,Bruce Stewart,Consumer,United States,Detroit,Michigan,48227,Central,OFF-PA-10002713,Office Supplies,Paper,"Adams Phone Message Book, 200 Message Capacity, 8 1/16 x 11",13.76,2,0.0,6.3296
8533,CA-2013-156748,2013-01-12,2013-07-12,Standard Class,BS-11755,Bruce Stewart,Consumer,United States,Detroit,Michigan,48227,Central,OFF-ST-10001370,Office Supplies,Storage,Sensible Storage WireTech Storage Systems,496.86,7,0.0,24.843
8534,CA-2013-156748,2013-01-12,2013-07-12,Standard Class,BS-11755,Bruce Stewart,Consumer,United States,Detroit,Michigan,48227,Central,FUR-CH-10000513,Furniture,Chairs,High-Back Leather Manager's Chair,389.97,3,0.0,35.0973
8537,CA-2012-157343,2012-07-06,2012-11-06,Standard Class,HD-14785,Harold Dahlen,Home Office,United States,Philadelphia,Pennsylvania,19143,East,OFF-BI-10003707,Office Supplies,Binders,Aluminum Screw Posts,18.312,4,0.7,-12.208
8538,CA-2012-157343,2012-07-06,2012-11-06,Standard Class,HD-14785,Harold Dahlen,Home Office,United States,Philadelphia,Pennsylvania,19143,East,OFF-PA-10000552,Office Supplies,Paper,Xerox 200,25.92,5,0.2,9.072
8539,CA-2012-157343,2012-07-06,2012-11-06,Standard Class,HD-14785,Harold Dahlen,Home Office,United States,Philadelphia,Pennsylvania,19143,East,OFF-AR-10003183,Office Supplies,Art,Avery Fluorescent Highlighter Four-Color Set,8.016,3,0.2,1.002
8540,CA-2014-147354,2014-10-03,,Standard Class,KB-16315,Karl Braun,Consumer,United States,Los Angeles,California,90008,West,TEC-CO-10000971,Technology,Copiers,Hewlett Packard 310 Color Digital Copier,479.984,2,0.2,59.998
8541,CA-2014-147354,2014-10-03,,Standard Class,KB-16315,Karl Braun,Consumer,United States,Los Angeles,California,90008,West,OFF-BI-10003910,Office Supplies,Binders,DXL Angle-View Binders with Locking Rings by Samsill,30.84,5,0.2,9.6375
8544,CA-2011-137575,2011-06-08,2011-11-08,Standard Class,TB-21625,Trudy Brown,Consumer,United States,New York City,New York,10035,East,TEC-AC-10004571,Technology,Accessories,Logitech G700s Rechargeable Gaming Mouse,199.98,2,0.0,83.9916
8548,CA-2012-149566,2012-05-12,2012-10-12,Standard Class,GB-14530,George Bell,Corporate,United States,Los Angeles,California,90049,West,TEC-AC-10001266,Technology,Accessories,Memorex Micro Travel Drive 8 GB,39.0,3,0.0,17.55
8549,CA-2012-149566,2012-05-12,2012-10-12,Standard Class,GB-14530,George Bell,Corporate,United States,Los Angeles,California,90049,West,OFF-LA-10000452,Office Supplies,Labels,Avery 488,12.6,4,0.0,6.048
8550,CA-2012-126186,2012-11-09,2012-12-09,First Class,GB-14530,George Bell,Corporate,United States,Aurora,Colorado,80013,West,FUR-FU-10000073,Furniture,Furnishings,Deflect-O Glasstique Clear Desk Accessories,24.64,4,0.2,4.004
8555,CA-2013-102092,2013-10-12,2013-12-12,First Class,PM-18940,Paul MacIntyre,Consumer,United States,Springfield,Virginia,22153,South,FUR-TA-10002530,Furniture,Tables,"Iceberg OfficeWorks 42"" Round Tables",1056.86,7,0.0,158.529
8563,CA-2013-123540,2013-03-04,2013-07-04,Second Class,DJ-13420,Denny Joy,Corporate,United States,Milwaukee,Wisconsin,53209,Central,FUR-CH-10000847,Furniture,Chairs,Global Executive Mid-Back Manager's Chair,1454.9,5,0.0,378.274
8564,US-2014-108315,2014-01-05,2014-05-05,Standard Class,MH-18115,Mick Hernandez,Home Office,United States,Sanford,Florida,32771,South,OFF-BI-10000822,Office Supplies,Binders,"Acco PRESSTEX Data Binder with Storage Hooks, Light Blue, 9 1/2"" X 11""",4.842,3,0.7,-3.5508
8565,US-2014-108315,2014-01-05,2014-05-05,Standard Class,MH-18115,Mick Hernandez,Home Office,United States,Sanford,Florida,32771,South,FUR-FU-10000747,Furniture,Furnishings,Tenex B1-RE Series Chair Mats for Low Pile Carpets,220.704,6,0.2,-8.2764
8568,US-2013-136581,2013-11-11,,First Class,SV-20365,Seth Vernon,Consumer,United States,Troy,Ohio,45373,East,OFF-PA-10002787,Office Supplies,Paper,Xerox 227,31.104,6,0.2,10.8864
8569,CA-2013-162390,2013-07-12,,Standard Class,DP-13105,Dave Poirier,Corporate,United States,Hempstead,New York,11550,East,OFF-BI-10004318,Office Supplies,Binders,Ibico EB-19 Dual Function Manual Binding System,968.744,7,0.2,314.8418
8570,CA-2013-162390,2013-07-12,,Standard Class,DP-13105,Dave Poirier,Corporate,United States,Hempstead,New York,11550,East,OFF-BI-10001721,Office Supplies,Binders,Trimflex Flexible Post Binders,222.352,13,0.2,77.8232
8571,CA-2013-162390,2013-07-12,,Standard Class,DP-13105,Dave Poirier,Corporate,United States,Hempstead,New York,11550,East,TEC-CO-10004202,Technology,Copiers,Brother DCP1000 Digital 3 in 1 Multifunction Machine,479.984,2,0.2,89.997
8572,CA-2013-162222,2013-04-04,2013-04-04,Same Day,SR-20740,Steven Roelle,Home Office,United States,Dallas,Texas,75081,Central,OFF-PA-10003893,Office Supplies,Paper,Xerox 1962,10.272,3,0.2,3.21
8577,CA-2014-106747,2014-04-07,2014-05-07,First Class,TS-21505,Tony Sayre,Consumer,United States,Concord,New Hampshire,3301,East,FUR-FU-10004188,Furniture,Furnishings,Luxo Professional Combination Clamp-On Lamps,102.3,1,0.0,26.598
8585,CA-2011-104808,2011-05-02,2011-09-02,Second Class,MH-17440,Mark Haberlin,Corporate,United States,Escondido,California,92025,West,OFF-BI-10003676,Office Supplies,Binders,"GBC Standard Recycled Report Covers, Clear Plastic Sheets",17.248,2,0.2,6.0368
8586,US-2014-132927,2014-10-12,,Standard Class,RD-19720,Roger Demir,Consumer,United States,Philadelphia,Pennsylvania,19134,East,OFF-BI-10001116,Office Supplies,Binders,"Wilson Jones 1"" Hanging DublLock Ring Binders",11.088,7,0.7,-8.1312
8587,CA-2014-162012,2014-12-07,,Standard Class,KB-16240,Karen Bern,Corporate,United States,Los Angeles,California,90049,West,TEC-AC-10003832,Technology,Accessories,Logitech P710e Mobile Speakerphone,1287.45,5,0.0,244.6155
8588,CA-2014-162012,2014-12-07,,Standard Class,KB-16240,Karen Bern,Corporate,United States,Los Angeles,California,90049,West,OFF-AP-10003040,Office Supplies,Appliances,Fellowes 8 Outlet Superior Workstation Surge Protector w/o Phone/Fax/Modem Protection,168.1,5,0.0,43.706
8594,CA-2014-159667,2014-10-11,,Standard Class,PM-19135,Peter McVee,Home Office,United States,Jacksonville,Florida,32216,South,TEC-AC-10002567,Technology,Accessories,Logitech G602 Wireless Gaming Mouse,191.976,3,0.2,38.3952
8595,CA-2014-159667,2014-10-11,,Standard Class,PM-19135,Peter McVee,Home Office,United States,Jacksonville,Florida,32216,South,TEC-PH-10004094,Technology,Phones,Motorola L703CM,499.168,4,0.2,31.198
8596,CA-2011-111934,2011-05-05,2011-07-05,First Class,GD-14590,Giulietta Dortch,Corporate,United States,Arlington,Virginia,22204,South,OFF-BI-10004364,Office Supplies,Binders,Storex Dura Pro Binders,11.88,2,0.0,5.346
8597,CA-2011-111934,2011-05-05,2011-07-05,First Class,GD-14590,Giulietta Dortch,Corporate,United States,Arlington,Virginia,22204,South,OFF-PA-10000474,Office Supplies,Paper,Staples,35.44,1,0.0,16.6568
8604,US-2013-116365,2013-03-01,2013-08-01,Standard Class,CA-12310,Christine Abelman,Corporate,United States,San Antonio,Texas,78207,Central,TEC-AC-10002217,Technology,Accessories,Imation Clip USB flash drive - 8 GB,30.08,2,0.2,-5.264
8605,US-2013-116365,2013-03-01,2013-08-01,Standard Class,CA-12310,Christine Abelman,Corporate,United States,San Antonio,Texas,78207,Central,TEC-AC-10002942,Technology,Accessories,WD My Passport Ultra 1TB Portable External Hard Drive,165.6,3,0.2,-6.21
8606,US-2013-116365,2013-03-01,2013-08-01,Standard Class,CA-12310,Christine Abelman,Corporate,United States,San Antonio,Texas,78207,Central,TEC-PH-10002890,Technology,Phones,AT&T 17929 Lendline Telephone,180.96,5,0.2,13.572
8608,CA-2011-151946,2011-04-06,2011-09-06,Standard Class,BT-11440,Bobby Trafton,Consumer,United States,New York City,New York,10035,East,FUR-FU-10002878,Furniture,Furnishings,"Seth Thomas 14"" Day/Date Wall Clock",56.96,2,0.0,21.0752
8609,CA-2011-151946,2011-04-06,2011-09-06,Standard Class,BT-11440,Bobby Trafton,Consumer,United States,New York City,New York,10035,East,OFF-AP-10001626,Office Supplies,Appliances,"Commercial WindTunnel Clean Air Upright Vacuum, Replacement Belts, Filtration Bags",15.56,4,0.0,4.0456
8610,CA-2011-151946,2011-04-06,2011-09-06,Standard Class,BT-11440,Bobby Trafton,Consumer,United States,New York City,New York,10035,East,FUR-BO-10003272,Furniture,Bookcases,O'Sullivan Living Dimensions 5-Shelf Bookcases,353.568,2,0.2,-44.196
8611,CA-2011-151946,2011-04-06,2011-09-06,Standard Class,BT-11440,Bobby Trafton,Consumer,United States,New York City,New York,10035,East,FUR-FU-10002191,Furniture,Furnishings,G.E. Halogen Desk Lamp Bulbs,13.96,2,0.0,6.7008
8614,CA-2013-138233,2013-10-11,,Standard Class,PF-19165,Philip Fox,Consumer,United States,Oakland,California,94601,West,TEC-AC-10002001,Technology,Accessories,Logitech Wireless Gaming Headset G930,479.97,3,0.0,177.5889
8615,CA-2013-165918,2013-11-09,,Standard Class,BD-11770,Bryan Davis,Consumer,United States,Edmonds,Washington,98026,West,OFF-LA-10003720,Office Supplies,Labels,Avery 487,7.38,2,0.0,3.4686
8616,CA-2013-165918,2013-11-09,,Standard Class,BD-11770,Bryan Davis,Consumer,United States,Edmonds,Washington,98026,West,OFF-BI-10004364,Office Supplies,Binders,Storex Dura Pro Binders,14.256,3,0.2,4.455
8617,CA-2013-165918,2013-11-09,,Standard Class,BD-11770,Bryan Davis,Consumer,United States,Edmonds,Washington,98026,West,OFF-PA-10000100,Office Supplies,Paper,Xerox 1945,81.98,2,0.0,40.1702
8618,CA-2013-165918,2013-11-09,,Standard Class,BD-11770,Bryan Davis,Consumer,United States,Edmonds,Washington,98026,West,OFF-BI-10004826,Office Supplies,Binders,JM Magazine Binder,39.624,3,0.2,13.8684
8619,CA-2014-117513,2014-04-03,2014-09-03,Standard Class,BT-11395,Bill Tyler,Corporate,United States,Los Angeles,California,90004,West,FUR-TA-10001520,Furniture,Tables,"Lesro Sheffield Collection Coffee Table, End Table, Center Table, Corner Table",399.672,7,0.2,-14.9877
8620,CA-2014-132437,2014-09-09,,Second Class,EM-14095,Eudokia Martin,Corporate,United States,New York City,New York,10024,East,OFF-ST-10001031,Office Supplies,Storage,Adjustable Personal File Tote,65.12,4,0.0,16.9312
8621,US-2014-119319,2014-07-11,2014-10-11,Second Class,LC-17050,Liz Carlisle,Consumer,United States,Dallas,Texas,75217,Central,FUR-FU-10003878,Furniture,Furnishings,"Linden 10"" Round Wall Clock, Black",30.56,5,0.6,-19.864
8626,CA-2012-156118,2012-08-12,2012-12-12,Standard Class,HG-14965,Henry Goldwyn,Corporate,United States,Colorado Springs,Colorado,80906,West,OFF-PA-10000533,Office Supplies,Paper,Southworth Parchment Paper & Envelopes,15.696,3,0.2,5.1012
8627,CA-2012-164084,2012-07-09,2012-12-09,Standard Class,AG-10525,Andy Gerbode,Corporate,United States,New York City,New York,10011,East,OFF-ST-10003638,Office Supplies,Storage,Mobile Personal File Cube,70.26,3,0.0,18.9702
8628,CA-2012-164084,2012-07-09,2012-12-09,Standard Class,AG-10525,Andy Gerbode,Corporate,United States,New York City,New York,10011,East,TEC-AC-10002305,Technology,Accessories,KeyTronic E03601U1 - Keyboard - Beige,90.0,5,0.0,16.2
8629,CA-2012-164084,2012-07-09,2012-12-09,Standard Class,AG-10525,Andy Gerbode,Corporate,United States,New York City,New York,10011,East,OFF-BI-10000605,Office Supplies,Binders,"Acco Pressboard Covers with Storage Hooks, 9 1/2"" x 11"", Executive Red",6.096,2,0.2,2.0574
8630,CA-2012-164084,2012-07-09,2012-12-09,Standard Class,AG-10525,Andy Gerbode,Corporate,United States,New York City,New York,10011,East,FUR-TA-10003569,Furniture,Tables,Bretford CR8500 Series Meeting Room Furniture,481.176,2,0.4,-120.294
8631,CA-2012-164084,2012-07-09,2012-12-09,Standard Class,AG-10525,Andy Gerbode,Corporate,United States,New York City,New York,10011,East,OFF-FA-10003059,Office Supplies,Fasteners,Assorted Color Push Pins,7.24,4,0.0,2.3892
8642,CA-2014-147767,2014-03-12,2014-03-12,Same Day,SV-20935,Susan Vittorini,Consumer,United States,Peoria,Arizona,85345,West,OFF-BI-10001670,Office Supplies,Binders,Vinyl Sectional Post Binders,67.86,6,0.7,-45.24
8643,CA-2012-108259,2012-08-11,,Standard Class,NS-18640,Noel Staavos,Corporate,United States,Jacksonville,North Carolina,28540,South,OFF-FA-10000624,Office Supplies,Fasteners,OIC Binder Clips,31.504,11,0.2,11.814
8644,CA-2012-108259,2012-08-11,,Standard Class,NS-18640,Noel Staavos,Corporate,United States,Jacksonville,North Carolina,28540,South,OFF-LA-10002945,Office Supplies,Labels,"Permanent Self-Adhesive File Folder Labels for Typewriters, 1 1/8 x 3 1/2, White",5.04,1,0.2,1.638
8645,CA-2012-108259,2012-08-11,,Standard Class,NS-18640,Noel Staavos,Corporate,United States,Jacksonville,North Carolina,28540,South,OFF-BI-10000315,Office Supplies,Binders,Poly Designer Cover & Back,39.879,7,0.7,-29.2446
8646,CA-2012-108259,2012-08-11,,Standard Class,NS-18640,Noel Staavos,Corporate,United States,Jacksonville,North Carolina,28540,South,FUR-FU-10000023,Furniture,Furnishings,Eldon Wave Desk Accessories,4.712,1,0.2,1.4136
8648,US-2012-131842,2012-05-12,2012-08-12,First Class,RR-19525,Rick Reed,Corporate,United States,Nashville,Tennessee,37211,South,FUR-CH-10004477,Furniture,Chairs,"Global Push Button Manager's Chair, Indigo",97.424,2,0.2,10.9602
8660,CA-2013-153185,2013-04-09,2013-09-09,Standard Class,MH-17620,Matt Hagelstein,Corporate,United States,Cincinnati,Ohio,45231,East,OFF-PA-10002246,Office Supplies,Paper,"Wirebound Four 2-3/4 x 5 Forms per Page, 400 Sets per Book",30.96,6,0.2,11.223
8662,CA-2012-131856,2012-12-05,,Standard Class,JG-15160,James Galang,Consumer,United States,Houston,Texas,77041,Central,FUR-FU-10000175,Furniture,Furnishings,DAX Wood Document Frame.,21.968,4,0.6,-15.9268
8663,CA-2012-131856,2012-12-05,,Standard Class,JG-15160,James Galang,Consumer,United States,Houston,Texas,77041,Central,TEC-PH-10001336,Technology,Phones,Digium D40 VoIP phone,619.152,6,0.2,69.6546
8664,CA-2012-131856,2012-12-05,,Standard Class,JG-15160,James Galang,Consumer,United States,Houston,Texas,77041,Central,OFF-PA-10001954,Office Supplies,Paper,Xerox 1964,127.904,7,0.2,41.5688
8679,CA-2013-112739,2013-03-09,2013-08-09,Second Class,RD-19810,Ross DeVincentis,Home Office,United States,Houston,Texas,77070,Central,OFF-BI-10001132,Office Supplies,Binders,"Acco PRESSTEX Data Binder with Storage Hooks, Dark Blue, 9 1/2"" X 11""",8.608,8,0.8,-13.3424
8680,CA-2013-112739,2013-03-09,2013-08-09,Second Class,RD-19810,Ross DeVincentis,Home Office,United States,Houston,Texas,77070,Central,TEC-AC-10001714,Technology,Accessories,Logitech MX Performance Wireless Mouse,159.56,5,0.2,33.9065
8681,CA-2013-143805,2013-02-12,2013-04-12,Second Class,JD-15895,Jonathan Doherty,Corporate,United States,Richmond,Virginia,23223,South,OFF-AP-10002945,Office Supplies,Appliances,Honeywell Enviracaire Portable HEPA Air Cleaner for 17' x 22' Room,2104.55,7,0.0,694.5015
8682,CA-2013-143805,2013-02-12,2013-04-12,Second Class,JD-15895,Jonathan Doherty,Corporate,United States,Richmond,Virginia,23223,South,OFF-SU-10004664,Office Supplies,Supplies,Acme Softgrip Scissors,40.7,5,0.0,11.803
8683,CA-2011-133634,2011-05-11,2011-10-11,Standard Class,SR-20740,Steven Roelle,Home Office,United States,Arlington,Virginia,22204,South,TEC-AC-10002550,Technology,Accessories,Maxell 4.7GB DVD-RW 3/Pack,47.79,3,0.0,16.2486
8704,CA-2012-133494,2012-01-03,2012-05-03,Standard Class,RP-19390,Resi Pölking,Consumer,United States,Philadelphia,Pennsylvania,19120,East,OFF-AP-10002906,Office Supplies,Appliances,Hoover Replacement Belt for Commercial Guardsman Heavy-Duty Upright Vacuum,3.552,2,0.2,0.444
8706,US-2011-132745,2011-01-10,2011-05-10,Standard Class,NF-18475,Neil Französisch,Home Office,United States,Reno,Nevada,89502,West,OFF-FA-10000254,Office Supplies,Fasteners,Sterling Rubber Bands by Alliance,4.71,1,0.0,0.0
8707,CA-2011-146815,2011-08-09,,Standard Class,PP-18955,Paul Prost,Home Office,United States,New York City,New York,10009,East,FUR-CH-10004289,Furniture,Chairs,Global Super Steno Chair,172.764,2,0.1,13.4372
8708,CA-2011-146815,2011-08-09,,Standard Class,PP-18955,Paul Prost,Home Office,United States,New York City,New York,10009,East,OFF-AR-10003469,Office Supplies,Art,Nontoxic Chalk,3.52,2,0.0,1.6896
8712,CA-2011-105648,2011-03-03,2011-07-03,Standard Class,EJ-14155,Eva Jacobs,Consumer,United States,San Diego,California,92037,West,FUR-TA-10002958,Furniture,Tables,"Bevis Oval Conference Table, Walnut",626.352,3,0.2,-23.4882
8713,US-2012-145422,2012-03-12,2012-07-12,Standard Class,PW-19240,Pierre Wener,Consumer,United States,San Francisco,California,94110,West,FUR-BO-10002213,Furniture,Bookcases,"Sauder Forest Hills Library, Woodland Oak Finish",359.499,3,0.15,-29.6058
8714,CA-2014-136623,2014-12-07,,Standard Class,TS-21430,Tom Stivers,Corporate,United States,San Diego,California,92105,West,TEC-PH-10000004,Technology,Phones,Belkin iPhone and iPad Lightning Cable,71.952,6,0.2,5.3964
8715,CA-2014-136623,2014-12-07,,Standard Class,TS-21430,Tom Stivers,Corporate,United States,San Diego,California,92105,West,OFF-BI-10003708,Office Supplies,Binders,"Acco Four Pocket Poly Ring Binder with Label Holder, Smoke, 1""",29.8,5,0.2,9.3125
8736,US-2011-169390,2011-08-02,2011-11-02,Second Class,CS-12250,Chris Selesnick,Corporate,United States,New York City,New York,10024,East,OFF-ST-10001558,Office Supplies,Storage,Acco Perma 4000 Stacking Storage Drawers,64.96,4,0.0,9.744
8737,CA-2013-168774,2013-05-09,2013-10-09,Standard Class,RP-19855,Roy Phan,Corporate,United States,Woodbury,Minnesota,55125,Central,OFF-ST-10001490,Office Supplies,Storage,"Hot File 7-Pocket, Floor Stand",535.41,3,0.0,160.623
8738,CA-2014-161592,2014-07-04,2014-11-04,Standard Class,CS-12175,Charles Sheldon,Corporate,United States,Chattanooga,Tennessee,37421,South,OFF-BI-10003669,Office Supplies,Binders,3M Organizer Strips,8.1,5,0.7,-5.94
8739,US-2014-131961,2014-09-12,2014-12-12,First Class,MJ-17740,Max Jones,Consumer,United States,Philadelphia,Pennsylvania,19140,East,OFF-AR-10004441,Office Supplies,Art,BIC Brite Liner Highlighters,13.248,4,0.2,3.6432
8740,US-2014-131961,2014-09-12,2014-12-12,First Class,MJ-17740,Max Jones,Consumer,United States,Philadelphia,Pennsylvania,19140,East,TEC-PH-10001924,Technology,Phones,iHome FM Clock Radio with Lightning Dock,83.988,2,0.4,-20.997
8742,CA-2012-113222,2012-09-11,2012-09-11,Same Day,AG-10765,Anthony Garverick,Home Office,United States,Lawrence,Indiana,46226,Central,OFF-BI-10001890,Office Supplies,Binders,Avery Poly Binder Pockets,10.74,3,0.0,5.1552
8743,US-2012-144771,2012-02-10,2012-04-10,First Class,CK-12205,Chloris Kastensmidt,Consumer,United States,Hillsboro,Oregon,97123,West,FUR-FU-10000629,Furniture,Furnishings,9-3/4 Diameter Round Wall Clock,11.032,1,0.2,3.0338
8744,US-2012-144771,2012-02-10,2012-04-10,First Class,CK-12205,Chloris Kastensmidt,Consumer,United States,Hillsboro,Oregon,97123,West,TEC-AC-10002323,Technology,Accessories,SanDisk Ultra 32 GB MicroSDHC Class 10 Memory Card,53.04,3,0.2,-4.641
8747,CA-2014-128076,2014-03-02,2014-08-02,Standard Class,BO-11350,Bill Overfelt,Corporate,United States,San Diego,California,92105,West,FUR-FU-10000293,Furniture,Furnishings,Eldon Antistatic Chair Mats for Low to Medium Pile Carpets,210.58,2,0.0,12.6348
8748,CA-2014-128076,2014-03-02,2014-08-02,Standard Class,BO-11350,Bill Overfelt,Corporate,United States,San Diego,California,92105,West,OFF-BI-10003638,Office Supplies,Binders,GBC Durable Plastic Covers,30.96,2,0.2,10.062
8749,CA-2014-128076,2014-03-02,2014-08-02,Standard Class,BO-11350,Bill Overfelt,Corporate,United States,San Diego,California,92105,West,TEC-MA-10002109,Technology,Machines,"HP Officejet Pro 8600 e-All-In-One Printer, Copier, Scanner, Fax",239.984,2,0.2,38.9974
8752,CA-2013-105662,2013-06-05,2013-10-05,Standard Class,RB-19465,Rick Bensley,Home Office,United States,Tallahassee,Florida,32303,South,OFF-PA-10001001,Office Supplies,Paper,"Snap-A-Way Black Print Carbonless Speed Message, No Reply Area, Duplicate",93.248,4,0.2,31.4712
8753,CA-2013-105662,2013-06-05,2013-10-05,Standard Class,RB-19465,Rick Bensley,Home Office,United States,Tallahassee,Florida,32303,South,TEC-PH-10001198,Technology,Phones,Avaya 4621SW VoIP phone,177.48,3,0.2,19.9665
8754,CA-2014-152198,2014-10-09,2014-11-09,First Class,JD-16015,Joy Daniels,Consumer,United States,Toledo,Ohio,43615,East,OFF-LA-10000443,Office Supplies,Labels,Avery 501,17.712,6,0.2,5.9778
8755,CA-2014-152198,2014-10-09,2014-11-09,First Class,JD-16015,Joy Daniels,Consumer,United States,Toledo,Ohio,43615,East,OFF-BI-10003669,Office Supplies,Binders,3M Organizer Strips,4.86,3,0.7,-3.564
8756,CA-2014-152198,2014-10-09,2014-11-09,First Class,JD-16015,Joy Daniels,Consumer,United States,Toledo,Ohio,43615,East,OFF-BI-10001628,Office Supplies,Binders,"Acco Data Flex Cable Posts For Top & Bottom Load Binders, 6"" Capacity",6.258,2,0.7,-5.215
8769,CA-2012-151722,2012-05-10,2012-09-10,Standard Class,IL-15100,Ivan Liston,Consumer,United States,Columbus,Ohio,43229,East,TEC-AC-10000892,Technology,Accessories,NETGEAR N750 Dual Band Wi-Fi Gigabit Router,288.0,4,0.2,57.6
8776,CA-2013-163636,2013-06-12,2013-10-12,Second Class,MP-18175,Mike Pelletier,Home Office,United States,Chicago,Illinois,60623,Central,OFF-AR-10001547,Office Supplies,Art,Newell 311,3.536,2,0.2,0.3094
8777,CA-2013-102813,2013-03-07,2013-04-07,First Class,EA-14035,Erin Ashbrook,Corporate,United States,Huntsville,Texas,77340,Central,FUR-CH-10000665,Furniture,Chairs,"Global Airflow Leather Mesh Back Chair, Black",528.43,5,0.3,0.0
8778,CA-2013-102813,2013-03-07,2013-04-07,First Class,EA-14035,Erin Ashbrook,Corporate,United States,Huntsville,Texas,77340,Central,OFF-PA-10000520,Office Supplies,Paper,Xerox 201,41.472,8,0.2,14.5152
8781,CA-2012-133585,2012-01-03,2012-04-03,First Class,CM-12715,Craig Molinari,Corporate,United States,Houston,Texas,77070,Central,OFF-AR-10003696,Office Supplies,Art,Panasonic KP-350BK Electric Pencil Sharpener with Auto Stop,55.328,2,0.2,6.2244
8782,CA-2012-133585,2012-01-03,2012-04-03,First Class,CM-12715,Craig Molinari,Corporate,United States,Houston,Texas,77070,Central,FUR-BO-10001811,Furniture,Bookcases,"Atlantic Metals Mobile 5-Shelf Bookcases, Custom Colors",1227.9984,6,0.32,-36.1176
8791,CA-2012-169572,2012-06-09,2012-12-09,Standard Class,AG-10525,Andy Gerbode,Corporate,United States,Richmond,Virginia,23223,South,OFF-BI-10002799,Office Supplies,Binders,"SlimView Poly Binder, 3/8""",46.62,9,0.0,21.4452
8797,CA-2013-106397,2013-08-07,,Standard Class,MJ-17740,Max Jones,Consumer,United States,Orem,Utah,84057,West,OFF-PA-10003441,Office Supplies,Paper,Xerox 226,12.96,2,0.0,6.2208
8798,CA-2013-106397,2013-08-07,,Standard Class,MJ-17740,Max Jones,Consumer,United States,Orem,Utah,84057,West,OFF-AR-10004602,Office Supplies,Art,Boston KS Multi-Size Manual Pencil Sharpener,45.98,2,0.0,12.8744
8799,US-2013-150140,2013-07-04,2013-11-04,Standard Class,VM-21685,Valerie Mitchum,Home Office,United States,Burlington,Vermont,5408,East,TEC-PH-10002555,Technology,Phones,Nortel Meridian M5316 Digital phone,1294.75,5,0.0,336.635
8800,CA-2011-116666,2011-08-05,2011-10-05,First Class,KT-16480,Kean Thornton,Consumer,United States,Philadelphia,Pennsylvania,19134,East,TEC-CO-10001449,Technology,Copiers,Hewlett Packard LaserJet 3310 Copier,1799.97,5,0.4,239.996
8802,CA-2013-140935,2013-11-11,,First Class,AB-10015,Aaron Bergman,Consumer,United States,Oklahoma City,Oklahoma,73120,Central,TEC-PH-10000562,Technology,Phones,Samsung Convoy 3,221.98,2,0.0,62.1544
8803,CA-2013-140935,2013-11-11,,First Class,AB-10015,Aaron Bergman,Consumer,United States,Oklahoma City,Oklahoma,73120,Central,FUR-BO-10003966,Furniture,Bookcases,"Sauder Facets Collection Library, Sky Alder Finish",341.96,2,0.0,54.7136
8812,US-2013-140172,2013-09-03,,Standard Class,SP-20650,Stephanie Phelps,Corporate,United States,Jackson,Michigan,49201,Central,OFF-AP-10004233,Office Supplies,Appliances,Honeywell Enviracaire Portable Air Cleaner for up to 8 x 10 Room,207.144,3,0.1,48.3336
8813,US-2013-140172,2013-09-03,,Standard Class,SP-20650,Stephanie Phelps,Corporate,United States,Jackson,Michigan,49201,Central,OFF-AR-10002766,Office Supplies,Art,Prang Drawing Pencil Set,13.9,5,0.0,3.753
8821,CA-2014-100622,2014-04-11,2014-08-11,Standard Class,DK-13090,Dave Kipp,Consumer,United States,Orlando,Florida,32839,South,TEC-CO-10003236,Technology,Copiers,Canon Image Class D660 Copier,959.984,2,0.2,311.9948
8822,CA-2014-100622,2014-04-11,2014-08-11,Standard Class,DK-13090,Dave Kipp,Consumer,United States,Orlando,Florida,32839,South,OFF-BI-10002982,Office Supplies,Binders,Avery Self-Adhesive Photo Pockets for Polaroid Photos,4.086,2,0.7,-2.9964
8823,CA-2014-100622,2014-04-11,2014-08-11,Standard Class,DK-13090,Dave Kipp,Consumer,United States,Orlando,Florida,32839,South,OFF-AR-10004010,Office Supplies,Art,Hunt Boston Vacuum Mount KS Pencil Sharpener,55.984,2,0.2,4.1988
8824,CA-2014-100622,2014-04-11,2014-08-11,Standard Class,DK-13090,Dave Kipp,Consumer,United States,Orlando,Florida,32839,South,OFF-PA-10002947,Office Supplies,Paper,Xerox 1923,10.688,2,0.2,3.7408
8827,US-2011-157847,2011-02-04,2011-06-04,Second Class,SC-20020,Sam Craven,Consumer,United States,Houston,Texas,77095,Central,OFF-PA-10002986,Office Supplies,Paper,Xerox 1898,26.72,5,0.2,9.352
8828,US-2011-157847,2011-02-04,2011-06-04,Second Class,SC-20020,Sam Craven,Consumer,United States,Houston,Texas,77095,Central,OFF-PA-10001593,Office Supplies,Paper,Xerox 1947,33.488,7,0.2,10.465
8829,CA-2012-115168,2012-05-06,2012-09-06,Standard Class,BB-11545,Brenda Bowman,Corporate,United States,Saint Charles,Missouri,63301,Central,OFF-PA-10000528,Office Supplies,Paper,Xerox 1981,10.56,2,0.0,4.752
8830,CA-2011-109680,2011-06-10,2011-09-10,First Class,VP-21760,Victoria Pisteka,Corporate,United States,Indianapolis,Indiana,46203,Central,OFF-ST-10001932,Office Supplies,Storage,Fellowes Staxonsteel Drawer Files,386.34,2,0.0,54.0876
8839,CA-2011-153808,2011-06-04,2011-10-04,Second Class,FH-14275,Frank Hawley,Corporate,United States,Los Angeles,California,90004,West,OFF-AR-10001725,Office Supplies,Art,Boston Home & Office Model 2000 Electric Pencil Sharpeners,70.95,3,0.0,18.447
8840,CA-2011-153808,2011-06-04,2011-10-04,Second Class,FH-14275,Frank Hawley,Corporate,United States,Los Angeles,California,90004,West,OFF-BI-10002794,Office Supplies,Binders,"Avery Trapezoid Ring Binder, 3"" Capacity, Black, 1040 sheets",65.568,2,0.2,23.7684
8841,CA-2011-153808,2011-06-04,2011-10-04,Second Class,FH-14275,Frank Hawley,Corporate,United States,Los Angeles,California,90004,West,TEC-AC-10004171,Technology,Accessories,Razer Kraken 7.1 Surround Sound Over Ear USB Gaming Headset,299.97,3,0.0,131.9868
8842,US-2013-112396,2013-09-02,,Standard Class,JR-16210,Justin Ritter,Corporate,United States,San Francisco,California,94110,West,TEC-AC-10003628,Technology,Accessories,Logitech 910-002974 M325 Wireless Mouse for Web Scrolling,89.97,3,0.0,39.5868
8843,US-2013-112396,2013-09-02,,Standard Class,JR-16210,Justin Ritter,Corporate,United States,San Francisco,California,94110,West,TEC-AC-10004761,Technology,Accessories,Maxell 4.7GB DVD+RW 3/Pack,31.86,2,0.0,11.151
8849,CA-2012-140718,2012-02-07,2012-04-07,First Class,FA-14230,Frank Atkinson,Corporate,United States,Raleigh,North Carolina,27604,South,TEC-PH-10003505,Technology,Phones,Geemarc AmpliPOWER60,74.24,1,0.2,8.352
8850,CA-2012-140718,2012-02-07,2012-04-07,First Class,FA-14230,Frank Atkinson,Corporate,United States,Raleigh,North Carolina,27604,South,FUR-FU-10000076,Furniture,Furnishings,24-Hour Round Wall Clock,159.84,10,0.2,45.954
8851,CA-2012-140718,2012-02-07,2012-04-07,First Class,FA-14230,Frank Atkinson,Corporate,United States,Raleigh,North Carolina,27604,South,OFF-BI-10004728,Office Supplies,Binders,Wilson Jones Turn Tabs Binder Tool for Ring Binders,2.892,2,0.7,-2.3136
8852,CA-2012-140718,2012-02-07,2012-04-07,First Class,FA-14230,Frank Atkinson,Corporate,United States,Raleigh,North Carolina,27604,South,OFF-PA-10002250,Office Supplies,Paper,Things To Do Today Pad,9.392,2,0.2,3.2872
8853,CA-2011-119977,2011-08-10,,Second Class,DN-13690,Duane Noonan,Consumer,United States,New York City,New York,10011,East,OFF-PA-10003823,Office Supplies,Paper,Xerox 197,123.92,4,0.0,55.764
8861,CA-2012-125934,2012-11-09,,Standard Class,SN-20560,Skye Norling,Home Office,United States,Paterson,New Jersey,7501,East,OFF-LA-10000414,Office Supplies,Labels,Avery 503,31.05,3,0.0,14.904
8862,CA-2012-125934,2012-11-09,,Standard Class,SN-20560,Skye Norling,Home Office,United States,Paterson,New Jersey,7501,East,FUR-FU-10002107,Furniture,Furnishings,Eldon Pizzaz Desk Accessories,8.92,4,0.0,3.9248
8863,CA-2012-125934,2012-11-09,,Standard Class,SN-20560,Skye Norling,Home Office,United States,Paterson,New Jersey,7501,East,OFF-BI-10004593,Office Supplies,Binders,Ibico Laser Imprintable Binding System Covers,209.6,4,0.0,96.416
8864,CA-2012-125934,2012-11-09,,Standard Class,SN-20560,Skye Norling,Home Office,United States,Paterson,New Jersey,7501,East,OFF-AP-10003860,Office Supplies,Appliances,Fellowes Advanced 8 Outlet Surge Suppressor with Phone/Fax Protection,111.04,4,0.0,29.9808
8865,CA-2012-125934,2012-11-09,,Standard Class,SN-20560,Skye Norling,Home Office,United States,Paterson,New Jersey,7501,East,OFF-PA-10000556,Office Supplies,Paper,Xerox 208,38.88,6,0.0,18.6624
8869,CA-2013-158260,2013-05-11,2013-09-11,Standard Class,CC-12475,Cindy Chapman,Consumer,United States,San Diego,California,92037,West,TEC-MA-10003176,Technology,Machines,Okidata B400 Printer,686.4,2,0.2,77.22
8870,CA-2014-101805,2014-02-12,2014-07-12,Standard Class,SH-19975,Sally Hughsby,Corporate,United States,Seattle,Washington,98105,West,OFF-BI-10002003,Office Supplies,Binders,Ibico Presentation Index for Binding Systems,15.92,5,0.2,5.373
8871,CA-2014-101805,2014-02-12,2014-07-12,Standard Class,SH-19975,Sally Hughsby,Corporate,United States,Seattle,Washington,98105,West,FUR-FU-10000023,Furniture,Furnishings,Eldon Wave Desk Accessories,70.68,12,0.0,31.0992
8872,CA-2014-101805,2014-02-12,2014-07-12,Standard Class,SH-19975,Sally Hughsby,Corporate,United States,Seattle,Washington,98105,West,OFF-ST-10002756,Office Supplies,Storage,"Tennsco Stur-D-Stor Boltless Shelving, 5 Shelves, 24"" Deep, Sand",541.24,4,0.0,5.4124
8873,US-2011-105137,2011-10-10,2011-10-10,Same Day,RB-19435,Richard Bierner,Consumer,United States,Columbus,Ohio,43229,East,TEC-MA-10002694,Technology,Machines,Hewlett-Packard Deskjet F4180 All-in-One Color Ink-jet - Printer / copier / scanner,101.994,2,0.7,-71.3958
8874,US-2011-105137,2011-10-10,2011-10-10,Same Day,RB-19435,Richard Bierner,Consumer,United States,Columbus,Ohio,43229,East,OFF-BI-10002429,Office Supplies,Binders,"Premier Elliptical Ring Binder, Black",18.264,2,0.7,-13.3936
8882,CA-2013-135594,2013-01-07,2013-04-07,Second Class,AH-10120,Adrian Hane,Home Office,United States,Aurora,Illinois,60505,Central,TEC-AC-10003038,Technology,Accessories,Kingston Digital DataTraveler 16GB USB 2.0,50.12,7,0.2,-0.6265
8889,CA-2014-103968,2014-02-12,2014-08-12,Standard Class,ML-17755,Max Ludwig,Home Office,United States,Stockton,California,95207,West,FUR-FU-10003394,Furniture,Furnishings,"Tenex ""The Solids"" Textured Chair Mats",629.64,9,0.0,107.0388
8893,CA-2012-111038,2012-01-12,2012-06-12,Standard Class,LC-16960,Lindsay Castell,Home Office,United States,San Diego,California,92037,West,FUR-CH-10003973,Furniture,Chairs,GuestStacker Chair with Chrome Finish Legs,2676.672,9,0.2,267.6672
8894,CA-2011-124723,2011-05-08,2011-12-08,Standard Class,GZ-14470,Gary Zandusky,Consumer,United States,Texas City,Texas,77590,Central,FUR-TA-10001307,Furniture,Tables,"SAFCO PlanMaster Heigh-Adjustable Drafting Table Base, 43w x 30d x 30-37h, Black",489.23,2,0.3,41.934
8899,CA-2012-163237,2012-07-08,2012-09-08,Second Class,EM-14095,Eudokia Martin,Corporate,United States,Springfield,Virginia,22153,South,TEC-PH-10003601,Technology,Phones,"Ativa D5772 2-Line 5.8GHz Digital Expandable Corded/Cordless Phone System with Answering & Caller ID/Call Waiting, Black/Silver",494.97,3,0.0,148.491
8900,CA-2012-163237,2012-07-08,2012-09-08,Second Class,EM-14095,Eudokia Martin,Corporate,United States,Springfield,Virginia,22153,South,OFF-LA-10004545,Office Supplies,Labels,Avery 50,25.06,2,0.0,11.7782
8901,CA-2013-150483,2013-01-06,2013-05-06,Standard Class,BP-11290,Beth Paige,Consumer,United States,Decatur,Illinois,62521,Central,FUR-FU-10001379,Furniture,Furnishings,"Executive Impressions 16-1/2"" Circular Wall Clock",32.064,3,0.6,-12.8256
8902,CA-2013-150483,2013-01-06,2013-05-06,Standard Class,BP-11290,Beth Paige,Consumer,United States,Decatur,Illinois,62521,Central,OFF-PA-10001846,Office Supplies,Paper,Xerox 1899,18.496,4,0.2,6.7048
8903,CA-2013-150483,2013-01-06,2013-05-06,Standard Class,BP-11290,Beth Paige,Consumer,United States,Decatur,Illinois,62521,Central,FUR-CH-10000422,Furniture,Chairs,Global Highback Leather Tilter in Burgundy,191.079,3,0.3,-38.2158
8904,CA-2013-150483,2013-01-06,2013-05-06,Standard Class,BP-11290,Beth Paige,Consumer,United States,Decatur,Illinois,62521,Central,OFF-PA-10004621,Office Supplies,Paper,Xerox 212,10.368,2,0.2,3.6288
8905,US-2013-126431,2013-02-07,2013-02-07,Same Day,SU-20665,Stephanie Ulpright,Home Office,United States,New York City,New York,10009,East,OFF-LA-10001474,Office Supplies,Labels,Avery 477,30.53,1,0.0,14.0438
8906,US-2013-126431,2013-02-07,2013-02-07,Same Day,SU-20665,Stephanie Ulpright,Home Office,United States,New York City,New York,10009,East,TEC-AC-10001635,Technology,Accessories,KeyTronic KT400U2 - Keyboard - Black,30.84,3,0.0,6.168
8907,US-2013-126431,2013-02-07,2013-02-07,Same Day,SU-20665,Stephanie Ulpright,Home Office,United States,New York City,New York,10009,East,OFF-PA-10001950,Office Supplies,Paper,Southworth 25% Cotton Antique Laid Paper & Envelopes,75.06,9,0.0,33.777
8911,CA-2014-102610,2014-05-11,2014-09-11,Standard Class,CA-12265,Christina Anderson,Consumer,United States,Chattanooga,Tennessee,37421,South,TEC-AC-10000303,Technology,Accessories,Logitech M510 Wireless Mouse,95.976,3,0.2,15.5961
8912,CA-2014-102610,2014-05-11,2014-09-11,Standard Class,CA-12265,Christina Anderson,Consumer,United States,Chattanooga,Tennessee,37421,South,TEC-PH-10000127,Technology,Phones,iOttie XL Car Mount,143.928,9,0.2,-32.3838
8913,CA-2014-102610,2014-05-11,2014-09-11,Standard Class,CA-12265,Christina Anderson,Consumer,United States,Chattanooga,Tennessee,37421,South,OFF-BI-10004364,Office Supplies,Binders,Storex Dura Pro Binders,3.564,2,0.7,-2.97
8914,CA-2014-102610,2014-05-11,2014-09-11,Standard Class,CA-12265,Christina Anderson,Consumer,United States,Chattanooga,Tennessee,37421,South,OFF-LA-10002195,Office Supplies,Labels,Avery 481,4.928,2,0.2,1.7248
8915,US-2013-144057,2013-10-05,,Standard Class,CV-12805,Cynthia Voltz,Corporate,United States,Austin,Texas,78745,Central,OFF-ST-10001490,Office Supplies,Storage,"Hot File 7-Pocket, Floor Stand",856.656,6,0.2,107.082
8916,US-2013-144057,2013-10-05,,Standard Class,CV-12805,Cynthia Voltz,Corporate,United States,Austin,Texas,78745,Central,OFF-BI-10002852,Office Supplies,Binders,Ibico Standard Transparent Covers,13.184,4,0.8,-20.4352
8917,US-2013-144057,2013-10-05,,Standard Class,CV-12805,Cynthia Voltz,Corporate,United States,Austin,Texas,78745,Central,OFF-AP-10000390,Office Supplies,Appliances,Euro Pro Shark Stick Mini Vacuum,48.784,4,0.8,-131.7168
8918,US-2013-144057,2013-10-05,,Standard Class,CV-12805,Cynthia Voltz,Corporate,United States,Austin,Texas,78745,Central,OFF-PA-10004327,Office Supplies,Paper,Xerox 1911,76.64,2,0.2,26.824
8919,US-2013-144057,2013-10-05,,Standard Class,CV-12805,Cynthia Voltz,Corporate,United States,Austin,Texas,78745,Central,OFF-BI-10002353,Office Supplies,Binders,GBC VeloBind Cover Sets,18.528,6,0.8,-27.792
8920,CA-2011-160276,2011-02-04,2011-08-04,Standard Class,AH-10690,Anna Häberlin,Corporate,United States,Virginia Beach,Virginia,23464,South,FUR-FU-10003192,Furniture,Furnishings,Luxo Adjustable Task Clamp Lamp,177.68,2,0.0,46.1968
8922,CA-2013-145709,2013-05-10,2013-09-10,Standard Class,AH-10690,Anna Häberlin,Corporate,United States,Coral Gables,Florida,33134,South,TEC-PH-10003095,Technology,Phones,Samsung HM1900 Bluetooth Headset,52.68,3,0.2,19.755
8923,CA-2013-145709,2013-05-10,2013-09-10,Standard Class,AH-10690,Anna Häberlin,Corporate,United States,Coral Gables,Florida,33134,South,FUR-FU-10002885,Furniture,Furnishings,Magna Visual Magnetic Picture Hangers,11.568,3,0.2,2.6028
8924,CA-2014-133928,2014-12-06,,Standard Class,ZC-21910,Zuschuss Carroll,Consumer,United States,Hickory,North Carolina,28601,South,OFF-BI-10001525,Office Supplies,Binders,"Acco Pressboard Covers with Storage Hooks, 14 7/8"" x 11"", Executive Red",4.572,4,0.7,-3.81
8942,CA-2013-159023,2013-04-11,2013-06-11,First Class,NW-18400,Natalie Webber,Consumer,United States,Portland,Oregon,97206,West,OFF-BI-10002813,Office Supplies,Binders,Avery Reinforcements for Hole-Punch Pages,4.158,7,0.7,-3.465
8943,CA-2013-159023,2013-04-11,2013-06-11,First Class,NW-18400,Natalie Webber,Consumer,United States,Portland,Oregon,97206,West,TEC-MA-10003337,Technology,Machines,Okidata B401 Printer,179.991,3,0.7,-251.9874
8944,CA-2014-111717,2014-11-10,,Standard Class,SW-20245,Scot Wooten,Consumer,United States,Aurora,Illinois,60505,Central,FUR-CH-10001545,Furniture,Chairs,Hon Comfortask Task/Swivel Chairs,239.358,3,0.3,-47.8716
8945,CA-2011-154592,2011-07-12,2011-08-12,First Class,EH-14005,Erica Hernandez,Home Office,United States,San Francisco,California,94109,West,OFF-PA-10000062,Office Supplies,Paper,Green Bar Computer Printout Paper,164.88,3,0.0,80.7912
8955,CA-2011-156790,2011-08-08,2011-10-08,Second Class,VG-21790,Vivek Gonzalez,Consumer,United States,Jacksonville,Florida,32216,South,FUR-BO-10000468,Furniture,Bookcases,O'Sullivan 2-Shelf Heavy-Duty Bookcases,155.456,4,0.2,-7.7728
8963,CA-2013-157280,2013-06-11,2013-08-11,First Class,LW-17125,Liz Willingham,Consumer,United States,Virginia Beach,Virginia,23464,South,FUR-FU-10004665,Furniture,Furnishings,"3M Polarizing Task Lamp with Clamp Arm, Light Gray",273.96,2,0.0,71.2296
8964,CA-2013-157280,2013-06-11,2013-08-11,First Class,LW-17125,Liz Willingham,Consumer,United States,Virginia Beach,Virginia,23464,South,TEC-AC-10000057,Technology,Accessories,Microsoft Natural Ergonomic Keyboard 4000,89.97,3,0.0,18.8937
8965,CA-2013-157280,2013-06-11,2013-08-11,First Class,LW-17125,Liz Willingham,Consumer,United States,Virginia Beach,Virginia,23464,South,FUR-FU-10003806,Furniture,Furnishings,"Tenex Chairmat w/ Average Lip, 45"" x 53""",756.8,5,0.0,75.68
8966,CA-2014-106691,2014-07-11,,Standard Class,CC-12370,Christopher Conant,Consumer,United States,Houston,Texas,77070,Central,OFF-BI-10000145,Office Supplies,Binders,Zipper Ring Binder Pockets,1.248,2,0.8,-1.9344
8967,CA-2013-134180,2013-04-11,2013-08-11,Standard Class,JP-16135,Julie Prescott,Home Office,United States,Philadelphia,Pennsylvania,19120,East,TEC-AC-10000892,Technology,Accessories,NETGEAR N750 Dual Band Wi-Fi Gigabit Router,72.0,1,0.2,14.4
8968,CA-2013-134180,2013-04-11,2013-08-11,Standard Class,JP-16135,Julie Prescott,Home Office,United States,Philadelphia,Pennsylvania,19120,East,FUR-CH-10004886,Furniture,Chairs,Bevis Steel Folding Chairs,470.155,7,0.3,-13.433
8970,CA-2014-157469,2014-03-12,2014-08-12,Standard Class,ES-14080,Erin Smith,Corporate,United States,Lakewood,Ohio,44107,East,OFF-AR-10001662,Office Supplies,Art,Rogers Handheld Barrel Pencil Sharpener,19.728,9,0.2,1.7262
8971,CA-2014-157469,2014-03-12,2014-08-12,Standard Class,ES-14080,Erin Smith,Corporate,United States,Lakewood,Ohio,44107,East,TEC-PH-10004531,Technology,Phones,AT&T CL2909,151.188,2,0.4,-25.198
8979,CA-2011-119529,2011-03-11,2011-05-11,Second Class,DM-13345,Denise Monton,Corporate,United States,Orange,New Jersey,7050,East,OFF-BI-10000546,Office Supplies,Binders,Avery Durable Binders,5.76,2,0.0,2.8224
8981,CA-2011-108182,2011-07-02,2011-11-02,Second Class,DL-13315,Delfina Latchford,Consumer,United States,Romeoville,Illinois,60441,Central,OFF-BI-10001196,Office Supplies,Binders,"Avery Flip-Chart Easel Binder, Black",8.952,2,0.8,-14.7708
8982,CA-2013-110898,2013-07-03,,Standard Class,LC-16870,Lena Cacioppo,Consumer,United States,Chicago,Illinois,60623,Central,OFF-AP-10001626,Office Supplies,Appliances,"Commercial WindTunnel Clean Air Upright Vacuum, Replacement Belts, Filtration Bags",2.334,3,0.8,-6.3018
8983,CA-2013-110898,2013-07-03,,Standard Class,LC-16870,Lena Cacioppo,Consumer,United States,Chicago,Illinois,60623,Central,OFF-BI-10004656,Office Supplies,Binders,Peel & Stick Add-On Corner Pockets,1.728,4,0.8,-2.7648
8984,CA-2013-110898,2013-07-03,,Standard Class,LC-16870,Lena Cacioppo,Consumer,United States,Chicago,Illinois,60623,Central,FUR-FU-10003773,Furniture,Furnishings,Eldon Cleatmat Plus Chair Mats for High Pile Carpets,159.04,5,0.6,-194.824
8985,CA-2013-110898,2013-07-03,,Standard Class,LC-16870,Lena Cacioppo,Consumer,United States,Chicago,Illinois,60623,Central,FUR-TA-10000849,Furniture,Tables,Bevis Rectangular Conference Tables,145.98,2,0.5,-99.2664
8986,CA-2012-123092,2012-03-12,2012-07-12,Standard Class,JG-15115,Jack Garza,Consumer,United States,Jacksonville,North Carolina,28540,South,FUR-FU-10000222,Furniture,Furnishings,"Seth Thomas 16"" Steel Case Clock",77.952,3,0.2,12.6672
8987,CA-2012-123092,2012-03-12,2012-07-12,Standard Class,JG-15115,Jack Garza,Consumer,United States,Jacksonville,North Carolina,28540,South,OFF-BI-10001718,Office Supplies,Binders,GBC DocuBind P50 Personal Binding Machine,95.97,5,0.7,-73.577
8988,CA-2012-123092,2012-03-12,2012-07-12,Standard Class,JG-15115,Jack Garza,Consumer,United States,Jacksonville,North Carolina,28540,South,TEC-PH-10001700,Technology,Phones,Panasonic KX-TG6844B Expandable Digital Cordless Telephone,105.584,2,0.2,9.2386
8989,CA-2012-123092,2012-03-12,2012-07-12,Standard Class,JG-15115,Jack Garza,Consumer,United States,Jacksonville,North Carolina,28540,South,OFF-AR-10004078,Office Supplies,Art,Newell 312,9.344,2,0.2,1.168
8992,US-2014-139577,2014-02-10,2014-07-10,Standard Class,TN-21040,Tanja Norvell,Home Office,United States,San Francisco,California,94110,West,TEC-AC-10004708,Technology,Accessories,Sony 32GB Class 10 Micro SDHC R40 Memory Card,104.75,5,0.0,21.9975
8997,US-2014-116491,2014-12-11,,First Class,PG-18820,Patrick Gardner,Consumer,United States,Dallas,Texas,75081,Central,TEC-PH-10004531,Technology,Phones,OtterBox Commuter Series Case - iPhone 5 & 5s,35.184,2,0.2,12.3144
9002,CA-2011-103807,2011-02-12,2011-09-12,Standard Class,EM-13825,Elizabeth Moffitt,Corporate,United States,Sandy Springs,Georgia,30328,South,TEC-AC-10000199,Technology,Accessories,Kingston Digital DataTraveler 8GB USB 2.0,5.95,1,0.0,0.833
9003,CA-2011-103807,2011-02-12,2011-09-12,Standard Class,EM-13825,Elizabeth Moffitt,Corporate,United States,Sandy Springs,Georgia,30328,South,OFF-PA-10002195,Office Supplies,Paper,"RSVP Cards & Envelopes, Blank White, 8-1/2"" X 11"", 24 Cards/25 Envelopes/Set",15.24,3,0.0,7.1628
9004,CA-2012-102855,2012-05-04,2012-06-04,Same Day,JF-15415,Jennifer Ferguson,Consumer,United States,Spokane,Washington,99207,West,TEC-AC-10001767,Technology,Accessories,SanDisk Ultra 64 GB MicroSDHC Class 10 Memory Card,239.94,6,0.0,26.3934
9005,CA-2012-102855,2012-05-04,2012-06-04,Same Day,JF-15415,Jennifer Ferguson,Consumer,United States,Spokane,Washington,99207,West,OFF-AR-10002467,Office Supplies,Art,Dixon Ticonderoga Pencils,23.84,8,0.0,6.4368
9031,CA-2014-128041,2014-02-09,2014-02-09,Same Day,RW-19540,Rick Wilson,Corporate,United States,Seattle,Washington,98103,West,OFF-AP-10001005,Office Supplies,Appliances,Honeywell Quietcare HEPA Air Cleaner,314.6,4,0.0,103.818
9032,CA-2014-128041,2014-02-09,2014-02-09,Same Day,RW-19540,Rick Wilson,Corporate,United States,Seattle,Washington,98103,West,FUR-TA-10002607,Furniture,Tables,KI Conference Tables,283.56,4,0.0,45.3696
9034,CA-2011-152268,2011-02-09,2011-07-09,Standard Class,SC-20095,Sanjit Chand,Consumer,United States,Fayetteville,Arkansas,72701,South,OFF-BI-10001359,Office Supplies,Binders,GBC DocuBind TL300 Electric Binding System,1793.98,2,0.0,843.1706
9035,CA-2012-148873,2012-01-10,2012-05-10,Standard Class,EM-13960,Eric Murdock,Consumer,United States,Quincy,Illinois,62301,Central,OFF-BI-10003196,Office Supplies,Binders,Accohide Poly Flexible Ring Binders,2.992,4,0.8,-4.488
9036,CA-2012-148873,2012-01-10,2012-05-10,Standard Class,EM-13960,Eric Murdock,Consumer,United States,Quincy,Illinois,62301,Central,TEC-AC-10003657,Technology,Accessories,Lenovo 17-Key USB Numeric Keypad,108.768,4,0.2,2.7192
9037,CA-2012-166492,2012-07-04,2012-10-04,First Class,RP-19390,Resi Pölking,Consumer,United States,New York City,New York,10035,East,OFF-PA-10002262,Office Supplies,Paper,Xerox 192,25.92,4,0.0,12.4416
9038,CA-2012-166492,2012-07-04,2012-10-04,First Class,RP-19390,Resi Pölking,Consumer,United States,New York City,New York,10035,East,OFF-ST-10002214,Office Supplies,Storage,X-Rack File for Hanging Folders,22.58,2,0.0,5.8708
9044,CA-2013-168830,2013-08-11,,Standard Class,ML-17395,Marina Lichtenstein,Corporate,United States,San Francisco,California,94122,West,TEC-AC-10003911,Technology,Accessories,NETGEAR AC1750 Dual Band Gigabit Smart WiFi Router,479.97,3,0.0,163.1898
9056,CA-2012-128993,2012-12-09,,Second Class,CC-12670,Craig Carreira,Consumer,United States,Seattle,Washington,98103,West,TEC-AC-10004209,Technology,Accessories,Memorex Froggy Flash Drive 4 GB,21.98,2,0.0,8.5722
9057,CA-2012-160227,2012-02-11,2012-04-11,First Class,ED-13885,Emily Ducich,Home Office,United States,New York City,New York,10011,East,FUR-CH-10002073,Furniture,Chairs,Hon Olson Stacker Chairs,2621.322,11,0.1,553.3902
9068,CA-2013-150077,2013-04-02,2013-10-02,Standard Class,MS-17365,Maribeth Schnelling,Consumer,United States,Rockville,Maryland,20852,East,TEC-PH-10002890,Technology,Phones,AT&T 17929 Lendline Telephone,90.48,2,0.0,23.5248
9069,CA-2013-106278,2013-03-09,2013-06-09,Second Class,BM-11140,Becky Martin,Consumer,United States,Des Moines,Washington,98198,West,FUR-CH-10003061,Furniture,Chairs,"Global Leather Task Chair, Black",215.976,3,0.2,-2.6997
9070,CA-2013-106278,2013-03-09,2013-06-09,Second Class,BM-11140,Becky Martin,Consumer,United States,Des Moines,Washington,98198,West,OFF-EN-10003567,Office Supplies,Envelopes,"Inter-Office Recycled Envelopes, Brown Kraft, Button-String,10"" x 13"" , 100/Box",65.94,3,0.0,30.9918
9071,CA-2014-147550,2014-05-12,2014-06-12,First Class,KE-16420,Katrina Edelman,Corporate,United States,Philadelphia,Pennsylvania,19134,East,FUR-FU-10001918,Furniture,Furnishings,C-Line Cubicle Keepers Polyproplyene Holder With Velcro Backings,11.352,3,0.2,2.6961
9072,CA-2012-136105,2012-12-06,,Standard Class,SZ-20035,Sam Zeldin,Home Office,United States,Columbus,Indiana,47201,Central,OFF-ST-10002444,Office Supplies,Storage,Recycled Eldon Regeneration Jumbo File,24.56,2,0.0,6.8768
9073,CA-2013-142524,2013-05-09,2013-09-09,Standard Class,MB-18085,Mick Brown,Consumer,United States,Springfield,Missouri,65807,Central,OFF-EN-10003286,Office Supplies,Envelopes,Staples,16.56,2,0.0,7.7832
9074,CA-2013-142524,2013-05-09,2013-09-09,Standard Class,MB-18085,Mick Brown,Consumer,United States,Springfield,Missouri,65807,Central,TEC-AC-10000109,Technology,Accessories,Sony Micro Vault Click 16 GB USB 2.0 Flash Drive,279.95,5,0.0,67.188
9076,US-2012-136259,2012-05-11,2012-08-11,First Class,CB-12415,Christy Brittain,Consumer,United States,Lakewood,Ohio,44107,East,OFF-BI-10000773,Office Supplies,Binders,Insertable Tab Post Binder Dividers,7.218,3,0.7,-5.5338
9077,US-2012-136259,2012-05-11,2012-08-11,First Class,CB-12415,Christy Brittain,Consumer,United States,Lakewood,Ohio,44107,East,OFF-SU-10004661,Office Supplies,Supplies,Acme Titanium Bonded Scissors,27.2,4,0.2,2.04
9078,US-2011-124625,2011-03-11,2011-07-11,Standard Class,SP-20650,Stephanie Phelps,Corporate,United States,Omaha,Nebraska,68104,Central,TEC-AC-10003280,Technology,Accessories,Belkin F8E887 USB Wired Ergonomic Keyboard,89.97,3,0.0,18.8937
9081,CA-2014-166898,2014-12-09,,Second Class,KH-16630,Ken Heidel,Corporate,United States,Santa Ana,California,92704,West,TEC-PH-10002564,Technology,Phones,OtterBox Defender Series Case - Samsung Galaxy S4,143.952,6,0.2,17.994
9082,CA-2014-166898,2014-12-09,,Second Class,KH-16630,Ken Heidel,Corporate,United States,Santa Ana,California,92704,West,OFF-PA-10002262,Office Supplies,Paper,Xerox 192,19.44,3,0.0,9.3312
9083,CA-2014-169005,2014-03-11,2014-07-11,Standard Class,BG-11035,Barry Gonzalez,Consumer,United States,Springfield,Virginia,22153,South,OFF-AR-10000246,Office Supplies,Art,Newell 318,5.56,2,0.0,1.4456
9084,CA-2012-104038,2012-06-02,2012-08-02,First Class,LO-17170,Lori Olson,Corporate,United States,Suffolk,Virginia,23434,South,OFF-ST-10002554,Office Supplies,Storage,Tennsco Industrial Shelving,146.73,3,0.0,2.9346
9085,CA-2012-104038,2012-06-02,2012-08-02,First Class,LO-17170,Lori Olson,Corporate,United States,Suffolk,Virginia,23434,South,OFF-PA-10002751,Office Supplies,Paper,Xerox 1920,29.9,5,0.0,13.455
9086,CA-2013-126102,2013-11-09,,Second Class,DV-13465,Dianna Vittorini,Consumer,United States,Los Angeles,California,90049,West,OFF-BI-10004318,Office Supplies,Binders,Ibico EB-19 Dual Function Manual Binding System,276.784,2,0.2,89.9548
9094,US-2012-132836,2012-01-06,2012-05-06,Standard Class,AJ-10945,Ashley Jarboe,Consumer,United States,Detroit,Michigan,48227,Central,TEC-PH-10001299,Technology,Phones,Polycom CX300 Desktop Phone USB VoIP phone,299.98,2,0.0,83.9944
9095,US-2012-132836,2012-01-06,2012-05-06,Standard Class,AJ-10945,Ashley Jarboe,Consumer,United States,Detroit,Michigan,48227,Central,OFF-BI-10004224,Office Supplies,Binders,Catalog Binders with Expanding Posts,403.68,6,0.0,181.656
9096,US-2012-132836,2012-01-06,2012-05-06,Standard Class,AJ-10945,Ashley Jarboe,Consumer,United States,Detroit,Michigan,48227,Central,TEC-PH-10001300,Technology,Phones,"iKross Bluetooth Portable Keyboard + Cell Phone Stand Holder + Brush for Apple iPhone 5S 5C 5, 4S 4",41.9,2,0.0,11.732
9097,US-2012-132836,2012-01-06,2012-05-06,Standard Class,AJ-10945,Ashley Jarboe,Consumer,United States,Detroit,Michigan,48227,Central,OFF-LA-10004178,Office Supplies,Labels,Avery 491,28.91,7,0.0,13.2986
9098,US-2011-158365,2011-12-04,,Standard Class,SV-20785,Stewart Visinsky,Consumer,United States,Bloomington,Indiana,47401,Central,OFF-PA-10000289,Office Supplies,Paper,Xerox 213,32.4,5,0.0,15.552
9102,CA-2012-163181,2012-07-11,2012-12-11,Standard Class,AB-10105,Adrian Barton,Consumer,United States,Houston,Texas,77041,Central,OFF-AR-10001683,Office Supplies,Art,Lumber Crayons,23.64,3,0.2,5.319
9103,CA-2012-163181,2012-07-11,2012-12-11,Standard Class,AB-10105,Adrian Barton,Consumer,United States,Houston,Texas,77041,Central,OFF-ST-10001713,Office Supplies,Storage,"Gould Plastics 9-Pocket Panel Bin, 18-3/8w x 5-1/4d x 20-1/2h, Black",84.784,2,0.2,-16.9568
9104,CA-2012-163181,2012-07-11,2012-12-11,Standard Class,AB-10105,Adrian Barton,Consumer,United States,Houston,Texas,77041,Central,FUR-FU-10000193,Furniture,Furnishings,Tenex Chairmats For Use with Hard Floors,64.96,5,0.6,-84.448
9105,CA-2012-163181,2012-07-11,2012-12-11,Standard Class,AB-10105,Adrian Barton,Consumer,United States,Houston,Texas,77041,Central,OFF-BI-10000474,Office Supplies,Binders,Avery Recycled Flexi-View Covers for Binding Systems,32.06,10,0.8,-51.296
9106,CA-2012-163181,2012-07-11,2012-12-11,Standard Class,AB-10105,Adrian Barton,Consumer,United States,Houston,Texas,77041,Central,OFF-ST-10000129,Office Supplies,Storage,Fellowes Recycled Storage Drawers,177.648,2,0.2,-28.8678
9107,CA-2012-163181,2012-07-11,2012-12-11,Standard Class,AB-10105,Adrian Barton,Consumer,United States,Houston,Texas,77041,Central,TEC-MA-10001016,Technology,Machines,Canon PC170 Desktop Personal Copier,287.91,3,0.4,33.5895
9115,CA-2013-135461,2013-07-02,2013-10-02,Second Class,EB-13975,Erica Bern,Corporate,United States,Los Angeles,California,90049,West,TEC-PH-10004094,Technology,Phones,Motorola L703CM,623.96,5,0.2,38.9975
9120,US-2013-155971,2013-07-06,,Standard Class,RB-19795,Ross Baird,Home Office,United States,Los Angeles,California,90036,West,OFF-LA-10000452,Office Supplies,Labels,Avery 488,22.05,7,0.0,10.584
9121,US-2013-155971,2013-07-06,,Standard Class,RB-19795,Ross Baird,Home Office,United States,Los Angeles,California,90036,West,OFF-PA-10000210,Office Supplies,Paper,Xerox Blank Computer Paper,99.9,5,0.0,46.953
9129,US-2014-147655,2014-05-09,2014-06-09,First Class,AS-10045,Aaron Smayling,Corporate,United States,Redmond,Oregon,97756,West,OFF-BI-10002931,Office Supplies,Binders,"Avery Trapezoid Extra Heavy Duty 4"" Binders",88.074,7,0.7,-58.716
9138,CA-2011-123400,2011-03-02,2011-10-02,Standard Class,EB-13930,Eric Barreto,Consumer,United States,Saint Petersburg,Florida,33710,South,OFF-BI-10000666,Office Supplies,Binders,Surelock Post Binders,18.336,2,0.7,-12.224
9139,CA-2011-123400,2011-03-02,2011-10-02,Standard Class,EB-13930,Eric Barreto,Consumer,United States,Saint Petersburg,Florida,33710,South,TEC-PH-10002890,Technology,Phones,AT&T 17929 Lendline Telephone,180.96,5,0.2,13.572
9140,CA-2011-106971,2011-02-09,2011-08-09,Standard Class,BM-11785,Bryan Mills,Consumer,United States,Buffalo Grove,Illinois,60089,Central,TEC-AC-10000844,Technology,Accessories,Logitech Gaming G510s - Keyboard,475.944,7,0.2,95.1888
9141,CA-2014-123029,2014-01-10,2014-03-10,Second Class,BT-11530,Bradley Talbott,Home Office,United States,Los Angeles,California,90049,West,TEC-AC-10002402,Technology,Accessories,Razer Kraken PRO Over Ear PC and Music Headset,159.98,2,0.0,47.994
9142,CA-2013-139409,2013-06-09,2013-08-09,First Class,FW-14395,Fred Wasserman,Corporate,United States,New York City,New York,10011,East,TEC-PH-10003988,Technology,Phones,"LF Elite 3D Dazzle Designer Hard Case Cover, Lf Stylus Pen and Wiper For Apple Iphone 5c Mini Lite",43.6,4,0.0,12.208
9150,US-2011-157070,2011-01-06,2011-06-06,Standard Class,QJ-19255,Quincy Jones,Corporate,United States,Detroit,Michigan,48234,Central,OFF-BI-10001765,Office Supplies,Binders,Wilson Jones Heavy-Duty Casebound Ring Binders with Metal Hinges,138.56,4,0.0,66.5088
9151,US-2011-157070,2011-01-06,2011-06-06,Standard Class,QJ-19255,Quincy Jones,Corporate,United States,Detroit,Michigan,48234,Central,OFF-AP-10004859,Office Supplies,Appliances,Acco 6 Outlet Guardian Premium Surge Suppressor,65.52,5,0.1,12.376
9155,CA-2013-132990,2013-02-08,2013-04-08,Second Class,KM-16660,Khloe Miller,Consumer,United States,Philadelphia,Pennsylvania,19140,East,FUR-FU-10004864,Furniture,Furnishings,Eldon 500 Class Desk Accessories,19.312,2,0.2,3.1382
9157,CA-2011-134215,2011-04-08,2011-08-08,Standard Class,ML-17395,Marina Lichtenstein,Corporate,United States,Bangor,Maine,4401,East,OFF-AP-10001271,Office Supplies,Appliances,Eureka The Boss Cordless Rechargeable Stick Vac,101.96,2,0.0,27.5292
9158,CA-2011-134215,2011-04-08,2011-08-08,Standard Class,ML-17395,Marina Lichtenstein,Corporate,United States,Bangor,Maine,4401,East,OFF-PA-10004353,Office Supplies,Paper,Southworth 25% Cotton Premium Laser Paper and Envelopes,259.74,13,0.0,124.6752
9159,CA-2011-134215,2011-04-08,2011-08-08,Standard Class,ML-17395,Marina Lichtenstein,Corporate,United States,Bangor,Maine,4401,East,TEC-AC-10002473,Technology,Accessories,Maxell 4.7GB DVD-R,255.42,9,0.0,104.7222
9160,CA-2013-118934,2013-10-08,,Standard Class,GH-14410,Gary Hansen,Home Office,United States,Hendersonville,Tennessee,37075,South,OFF-BI-10003314,Office Supplies,Binders,Tuff Stuff Recycled Round Ring Binders,4.338,3,0.7,-3.0366
9161,CA-2013-118934,2013-10-08,,Standard Class,GH-14410,Gary Hansen,Home Office,United States,Hendersonville,Tennessee,37075,South,OFF-BI-10004465,Office Supplies,Binders,Avery Durable Slant Ring Binders,11.88,5,0.7,-7.92
9162,CA-2013-160108,2013-09-12,,Standard Class,AG-10900,Arthur Gainer,Consumer,United States,Eau Claire,Wisconsin,54703,Central,FUR-BO-10003450,Furniture,Bookcases,"Bush Westfield Collection Bookcases, Dark Cherry Finish",405.86,7,0.0,32.4688
9163,CA-2013-160108,2013-09-12,,Standard Class,AG-10900,Arthur Gainer,Consumer,United States,Eau Claire,Wisconsin,54703,Central,FUR-CH-10002335,Furniture,Chairs,Hon GuestStacker Chair,680.01,3,0.0,176.8026
9164,CA-2012-164007,2012-08-06,2012-12-06,Standard Class,MG-17695,Maureen Gnade,Consumer,United States,Chicago,Illinois,60610,Central,TEC-AC-10003433,Technology,Accessories,Maxell 4.7GB DVD+R 5/Pack,2.376,3,0.2,0.7425
9165,CA-2012-164007,2012-08-06,2012-12-06,Standard Class,MG-17695,Maureen Gnade,Consumer,United States,Chicago,Illinois,60610,Central,OFF-AP-10003849,Office Supplies,Appliances,Hoover Shoulder Vac Commercial Portable Vacuum,143.128,2,0.8,-393.602
9171,US-2013-155768,2013-02-12,2013-02-12,Same Day,LB-16795,Laurel Beltran,Home Office,United States,Oxnard,California,93030,West,FUR-FU-10000448,Furniture,Furnishings,Tenex Chairmats For Use With Carpeted Floors,31.96,2,0.0,1.598
9172,US-2013-155768,2013-02-12,2013-02-12,Same Day,LB-16795,Laurel Beltran,Home Office,United States,Oxnard,California,93030,West,OFF-PA-10001357,Office Supplies,Paper,Xerox 1886,47.9,1,0.0,22.992
9173,US-2013-155768,2013-02-12,2013-02-12,Same Day,LB-16795,Laurel Beltran,Home Office,United States,Oxnard,California,93030,West,OFF-ST-10002292,Office Supplies,Storage,"Sauder Facets Collection Locker/File Cabinet, Sky Alder Finish",1112.94,3,0.0,222.588
9174,US-2013-155768,2013-02-12,2013-02-12,Same Day,LB-16795,Laurel Beltran,Home Office,United States,Oxnard,California,93030,West,OFF-EN-10001219,Office Supplies,Envelopes,"#10- 4 1/8"" x 9 1/2"" Security-Tint Envelopes",22.92,3,0.0,11.2308
9180,CA-2014-156776,2014-08-08,2014-12-08,Standard Class,JL-15505,Jeremy Lonsdale,Consumer,United States,Westminster,California,92683,West,TEC-PH-10002415,Technology,Phones,Polycom VoiceStation 500 Conference phone,707.88,3,0.2,44.2425
9181,CA-2014-156776,2014-08-08,2014-12-08,Standard Class,JL-15505,Jeremy Lonsdale,Consumer,United States,Westminster,California,92683,West,OFF-BI-10003355,Office Supplies,Binders,Cardinal Holdit Business Card Pockets,11.952,3,0.2,4.1832
9182,CA-2014-156776,2014-08-08,2014-12-08,Standard Class,JL-15505,Jeremy Lonsdale,Consumer,United States,Westminster,California,92683,West,OFF-BI-10000216,Office Supplies,Binders,"Mead 1st Gear 2"" Zipper Binder, Asst. Colors",31.128,3,0.2,11.673
9183,CA-2014-156776,2014-08-08,2014-12-08,Standard Class,JL-15505,Jeremy Lonsdale,Consumer,United States,Westminster,California,92683,West,TEC-AC-10004803,Technology,Accessories,Sony Micro Vault Click 4 GB USB 2.0 Flash Drive,55.76,4,0.0,7.8064
9184,CA-2014-156776,2014-08-08,2014-12-08,Standard Class,JL-15505,Jeremy Lonsdale,Consumer,United States,Westminster,California,92683,West,OFF-PA-10001970,Office Supplies,Paper,Xerox 1881,24.56,2,0.0,11.5432
9185,CA-2014-156776,2014-08-08,2014-12-08,Standard Class,JL-15505,Jeremy Lonsdale,Consumer,United States,Westminster,California,92683,West,FUR-FU-10004848,Furniture,Furnishings,"Howard Miller 13-3/4"" Diameter Brushed Chrome Round Wall Clock",51.75,1,0.0,15.525
9186,CA-2014-156776,2014-08-08,2014-12-08,Standard Class,JL-15505,Jeremy Lonsdale,Consumer,United States,Westminster,California,92683,West,FUR-CH-10002317,Furniture,Chairs,Global Enterprise Series Seating Low-Back Swivel/Tilt Chairs,207.184,1,0.2,25.898
9187,CA-2014-156776,2014-08-08,2014-12-08,Standard Class,JL-15505,Jeremy Lonsdale,Consumer,United States,Westminster,California,92683,West,OFF-AP-10002534,Office Supplies,Appliances,3.6 Cubic Foot Counter Height Office Refrigerator,1473.1,5,0.0,412.468
9193,CA-2012-141810,2012-02-11,2012-07-11,Standard Class,BB-10990,Barry Blumstein,Corporate,United States,San Antonio,Texas,78207,Central,OFF-BI-10001524,Office Supplies,Binders,GBC Premium Transparent Covers with Diagonal Lined Pattern,29.372,7,0.8,-46.9952
9194,CA-2012-141810,2012-02-11,2012-07-11,Standard Class,BB-10990,Barry Blumstein,Corporate,United States,San Antonio,Texas,78207,Central,TEC-PH-10002200,Technology,Phones,Aastra 6757i CT Wireless VoIP phone,344.704,2,0.2,38.7792
9197,CA-2011-103310,2011-10-05,,Standard Class,GM-14680,Greg Matthias,Consumer,United States,San Jose,California,95123,West,OFF-PA-10004353,Office Supplies,Paper,Southworth 25% Cotton Premium Laser Paper and Envelopes,39.96,2,0.0,19.1808
9198,CA-2011-103310,2011-10-05,,Standard Class,GM-14680,Greg Matthias,Consumer,United States,San Jose,California,95123,West,TEC-PH-10001817,Technology,Phones,Wilson Electronics DB Pro Signal Booster,1432.0,5,0.2,125.3
9199,CA-2011-103310,2011-10-05,,Standard Class,GM-14680,Greg Matthias,Consumer,United States,San Jose,California,95123,West,OFF-SU-10004737,Office Supplies,Supplies,Acme Design Stainless Steel Bent Scissors,41.04,6,0.0,11.0808
9200,CA-2011-103310,2011-10-05,,Standard Class,GM-14680,Greg Matthias,Consumer,United States,San Jose,California,95123,West,FUR-CH-10002320,Furniture,Chairs,Hon Pagoda Stacking Chairs,256.784,1,0.2,32.098
9205,CA-2013-104689,2013-02-12,2013-06-12,Standard Class,FH-14365,Fred Hopkins,Corporate,United States,Los Angeles,California,90004,West,OFF-AR-10001149,Office Supplies,Art,"Sanford Colorific Colored Pencils, 12/Box",23.04,8,0.0,6.912
9208,CA-2014-140781,2014-04-08,2014-08-08,Standard Class,AB-10105,Adrian Barton,Consumer,United States,Bloomington,Illinois,61701,Central,TEC-AC-10000682,Technology,Accessories,Kensington K72356US Mouse-in-a-Box USB Desktop Mouse,39.816,3,0.2,7.4655
9209,CA-2014-141747,2014-04-08,2014-09-08,Second Class,SC-20230,Scot Coram,Corporate,United States,Seattle,Washington,98105,West,OFF-ST-10003996,Office Supplies,Storage,"Letter/Legal File Tote with Clear Snap-On Lid, Black Granite",16.06,1,0.0,4.1756
9210,CA-2014-142776,2014-12-12,,Second Class,RS-19870,Roy Skaria,Home Office,United States,Burlington,Iowa,52601,Central,OFF-EN-10003160,Office Supplies,Envelopes,Pastel Pink Envelopes,7.28,1,0.0,3.4944
9211,CA-2014-142776,2014-12-12,,Second Class,RS-19870,Roy Skaria,Home Office,United States,Burlington,Iowa,52601,Central,OFF-BI-10002012,Office Supplies,Binders,Wilson Jones Easy Flow II Sheet Lifters,5.4,3,0.0,2.592
9213,CA-2011-144071,2011-08-12,,Standard Class,DJ-13420,Denny Joy,Corporate,United States,San Francisco,California,94110,West,FUR-FU-10000397,Furniture,Furnishings,Luxo Economy Swing Arm Lamp,39.88,2,0.0,11.1664
9214,CA-2011-144071,2011-08-12,,Standard Class,DJ-13420,Denny Joy,Corporate,United States,San Francisco,California,94110,West,FUR-FU-10000758,Furniture,Furnishings,DAX Natural Wood-Tone Poster Frame,79.44,3,0.0,28.5984
9215,US-2014-120908,2014-01-10,2014-03-10,First Class,BF-10975,Barbara Fisher,Corporate,United States,Philadelphia,Pennsylvania,19120,East,OFF-LA-10004677,Office Supplies,Labels,Self-Adhesive Address Labels for Typewriters with Dispenser Box,20.664,7,0.2,6.9741
9224,CA-2014-121160,2014-05-11,2014-05-11,Same Day,FM-14290,Frank Merwin,Home Office,United States,Bryan,Texas,77803,Central,OFF-BI-10001308,Office Supplies,Binders,GBC Standard Plastic Binding Systems' Combs,7.536,6,0.8,-13.188
9225,CA-2014-121160,2014-05-11,2014-05-11,Same Day,FM-14290,Frank Merwin,Home Office,United States,Bryan,Texas,77803,Central,OFF-BI-10003094,Office Supplies,Binders,Self-Adhesive Ring Binder Labels,1.408,2,0.8,-2.3232
9226,CA-2014-121160,2014-05-11,2014-05-11,Same Day,FM-14290,Frank Merwin,Home Office,United States,Bryan,Texas,77803,Central,OFF-BI-10004040,Office Supplies,Binders,Wilson Jones Impact Binders,4.144,4,0.8,-6.4232
9227,CA-2014-121160,2014-05-11,2014-05-11,Same Day,FM-14290,Frank Merwin,Home Office,United States,Bryan,Texas,77803,Central,OFF-ST-10002485,Office Supplies,Storage,Rogers Deluxe File Chest,52.752,3,0.2,-12.5286
9229,CA-2011-153619,2011-03-11,2011-03-11,Same Day,TC-21535,Tracy Collins,Home Office,United States,Los Angeles,California,90049,West,OFF-AR-10001868,Office Supplies,Art,Prang Dustless Chalk Sticks,6.72,4,0.0,3.36
9233,CA-2013-126732,2013-03-09,2013-07-09,Standard Class,LR-16915,Lena Radford,Consumer,United States,Los Angeles,California,90036,West,FUR-FU-10001889,Furniture,Furnishings,Ultra Door Pull Handle,94.68,9,0.0,31.2444
9234,CA-2013-126732,2013-03-09,2013-07-09,Standard Class,LR-16915,Lena Radford,Consumer,United States,Los Angeles,California,90036,West,OFF-ST-10000321,Office Supplies,Storage,Akro Stacking Bins,23.67,3,0.0,0.9468
9235,CA-2013-126732,2013-03-09,2013-07-09,Standard Class,LR-16915,Lena Radford,Consumer,United States,Los Angeles,California,90036,West,TEC-PH-10001530,Technology,Phones,Cisco Unified IP Phone 7945G VoIP phone,1091.168,4,0.2,68.198
9236,CA-2013-126732,2013-03-09,2013-07-09,Standard Class,LR-16915,Lena Radford,Consumer,United States,Los Angeles,California,90036,West,OFF-AR-10004752,Office Supplies,Art,Blackstonian Pencils,18.69,7,0.0,5.2332
9237,CA-2013-126732,2013-03-09,2013-07-09,Standard Class,LR-16915,Lena Radford,Consumer,United States,Los Angeles,California,90036,West,FUR-TA-10001539,Furniture,Tables,Chromcraft Rectangular Conference Tables,568.728,3,0.2,28.4364
9238,CA-2013-126732,2013-03-09,2013-07-09,Standard Class,LR-16915,Lena Radford,Consumer,United States,Los Angeles,California,90036,West,OFF-BI-10001553,Office Supplies,Binders,SpineVue Locking Slant-D Ring Binders by Cardinal,7.312,1,0.2,2.5592
9239,CA-2014-138156,2014-12-02,,First Class,MM-17260,Magdelene Morse,Consumer,United States,Columbus,Ohio,43229,East,FUR-FU-10003601,Furniture,Furnishings,"Deflect-o RollaMat Studded, Beveled Mat for Medium Pile Carpeting",147.568,2,0.2,-3.6892
9243,CA-2011-113271,2011-09-07,,Standard Class,DS-13030,Darrin Sayre,Home Office,United States,San Francisco,California,94122,West,OFF-BI-10002609,Office Supplies,Binders,Avery Hidden Tab Dividers for Binding Systems,14.304,6,0.2,4.6488
9244,CA-2011-113271,2011-09-07,,Standard Class,DS-13030,Darrin Sayre,Home Office,United States,San Francisco,California,94122,West,FUR-BO-10004218,Furniture,Bookcases,"Bush Heritage Pine Collection 5-Shelf Bookcase, Albany Pine Finish, *Special Order",119.833,1,0.15,7.049
9245,CA-2011-113271,2011-09-07,,Standard Class,DS-13030,Darrin Sayre,Home Office,United States,San Francisco,California,94122,West,OFF-AR-10003251,Office Supplies,Art,Prang Drawing Pencil Set,5.56,2,0.0,2.224
9246,CA-2011-113271,2011-09-07,,Standard Class,DS-13030,Darrin Sayre,Home Office,United States,San Francisco,California,94122,West,OFF-PA-10002365,Office Supplies,Paper,Xerox 1967,32.4,5,0.0,15.552
9249,CA-2013-127761,2013-11-11,,Standard Class,SW-20275,Scott Williamson,Consumer,United States,New York City,New York,10009,East,OFF-BI-10002557,Office Supplies,Binders,Presstex Flexible Ring Binders,3.64,1,0.2,1.365
9250,CA-2013-127761,2013-11-11,,Standard Class,SW-20275,Scott Williamson,Consumer,United States,New York City,New York,10009,East,TEC-PH-10003691,Technology,Phones,BlackBerry Q10,881.93,7,0.0,220.4825
9251,CA-2013-105354,2013-03-12,2013-07-12,Standard Class,PW-19030,Pauline Webber,Corporate,United States,Marion,Iowa,52302,Central,OFF-BI-10001107,Office Supplies,Binders,"GBC White Gloss Covers, Plain Front",115.84,8,0.0,54.4448
9252,CA-2014-155712,2014-03-03,2014-09-03,Standard Class,KD-16615,Ken Dana,Corporate,United States,Los Angeles,California,90008,West,OFF-BI-10004224,Office Supplies,Binders,Catalog Binders with Expanding Posts,107.648,2,0.2,33.64
9255,CA-2011-168368,2011-12-02,,Second Class,GA-14725,Guy Armstrong,Consumer,United States,Columbia,Missouri,65203,Central,FUR-CH-10001146,Furniture,Chairs,"Global Value Mid-Back Manager's Chair, Gray",60.89,1,0.0,15.2225
9256,CA-2011-168368,2011-12-02,,Second Class,GA-14725,Guy Armstrong,Consumer,United States,Columbia,Missouri,65203,Central,OFF-LA-10004853,Office Supplies,Labels,Avery 483,14.94,3,0.0,6.8724
9257,CA-2011-168368,2011-12-02,,Second Class,GA-14725,Guy Armstrong,Consumer,United States,Columbia,Missouri,65203,Central,OFF-BI-10004728,Office Supplies,Binders,Wilson Jones Turn Tabs Binder Tool for Ring Binders,9.64,2,0.0,4.4344
9258,CA-2011-168368,2011-12-02,,Second Class,GA-14725,Guy Armstrong,Consumer,United States,Columbia,Missouri,65203,Central,FUR-FU-10002298,Furniture,Furnishings,"Rubbermaid ClusterMat Chairmats, Mat Size- 66"" x 60"", Lip 20"" x 11"" -90 Degree Angle",332.94,3,0.0,53.2704
9259,CA-2011-168368,2011-12-02,,Second Class,GA-14725,Guy Armstrong,Consumer,United States,Columbia,Missouri,65203,Central,OFF-BI-10004654,Office Supplies,Binders,VariCap6 Expandable Binder,51.9,3,0.0,24.393
9260,CA-2011-168368,2011-12-02,,Second Class,GA-14725,Guy Armstrong,Consumer,United States,Columbia,Missouri,65203,Central,OFF-ST-10002583,Office Supplies,Storage,Fellowes Neat Ideas Storage Cubes,64.96,2,0.0,2.5984
9261,CA-2014-167976,2014-12-11,,Second Class,JL-15505,Jeremy Lonsdale,Consumer,United States,Aberdeen,South Dakota,57401,Central,OFF-SU-10004661,Office Supplies,Supplies,Acme Titanium Bonded Scissors,25.5,3,0.0,6.63
9262,CA-2014-111388,2014-03-09,2014-03-09,Same Day,SU-20665,Stephanie Ulpright,Home Office,United States,Seattle,Washington,98103,West,FUR-CH-10003061,Furniture,Chairs,"Global Leather Task Chair, Black",215.976,3,0.2,-2.6997
9263,CA-2012-124499,2012-09-10,,Standard Class,FM-14380,Fred McMath,Consumer,United States,Detroit,Michigan,48227,Central,FUR-CH-10000513,Furniture,Chairs,High-Back Leather Manager's Chair,389.97,3,0.0,35.0973
9264,CA-2012-124499,2012-09-10,,Standard Class,FM-14380,Fred McMath,Consumer,United States,Detroit,Michigan,48227,Central,OFF-AP-10002191,Office Supplies,Appliances,Belkin 8 Outlet SurgeMaster II Gold Surge Protector,269.91,5,0.1,53.982
9267,CA-2011-125759,2011-09-02,2011-10-02,First Class,NM-18445,Nathan Mautz,Home Office,United States,North Las Vegas,Nevada,89031,West,FUR-FU-10002111,Furniture,Furnishings,"Master Caster Door Stop, Large Brown",14.56,2,0.0,5.5328
9274,CA-2014-146983,2014-03-09,2014-07-09,Standard Class,AH-10210,Alan Hwang,Consumer,United States,Henderson,Kentucky,42420,South,OFF-BI-10003650,Office Supplies,Binders,GBC DocuBind 300 Electric Binding Machine,1577.94,3,0.0,757.4112
9275,US-2011-134054,2011-10-10,2011-10-10,Same Day,FC-14335,Fred Chung,Corporate,United States,Albuquerque,New Mexico,87105,West,OFF-AR-10000937,Office Supplies,Art,"Dixon Ticonderoga Core-Lock Colored Pencils, 48-Color Set",255.85,7,0.0,112.574
9278,CA-2014-122539,2014-02-12,2014-06-12,Standard Class,SC-20305,Sean Christensen,Consumer,United States,Philadelphia,Pennsylvania,19140,East,OFF-LA-10004853,Office Supplies,Labels,Avery 483,15.936,4,0.2,5.1792
9279,CA-2014-122539,2014-02-12,2014-06-12,Standard Class,SC-20305,Sean Christensen,Consumer,United States,Philadelphia,Pennsylvania,19140,East,OFF-BI-10001759,Office Supplies,Binders,"Acco Pressboard Covers with Storage Hooks, 14 7/8"" x 11"", Dark Blue",8.001,7,0.7,-5.6007
9280,CA-2014-122539,2014-02-12,2014-06-12,Standard Class,SC-20305,Sean Christensen,Consumer,United States,Philadelphia,Pennsylvania,19140,East,FUR-CH-10003379,Furniture,Chairs,Global Commerce Series High-Back Swivel/Tilt Chairs,398.972,2,0.3,-28.498
9282,US-2014-152898,2014-12-09,,Standard Class,CB-12025,Cassandra Brandow,Consumer,United States,Richmond,Virginia,23223,South,OFF-AP-10000027,Office Supplies,Appliances,Hoover Commercial SteamVac,67.9,5,0.0,20.37
9284,CA-2014-102218,2014-03-09,2014-05-09,Second Class,LW-17215,Luke Weiss,Consumer,United States,Fort Collins,Colorado,80525,West,OFF-LA-10002475,Office Supplies,Labels,Avery 519,11.696,2,0.2,3.9474
9289,US-2014-165456,2014-01-12,2014-04-12,First Class,TB-21625,Trudy Brown,Consumer,United States,Philadelphia,Pennsylvania,19134,East,FUR-CH-10003981,Furniture,Chairs,Global Commerce Series Low-Back Swivel/Tilt Chairs,1079.316,6,0.3,-15.4188
9293,CA-2014-124114,2014-03-03,2014-03-03,Same Day,RS-19765,Roland Schwarz,Corporate,United States,Waco,Texas,76706,Central,OFF-BI-10004022,Office Supplies,Binders,Acco Suede Grain Vinyl Round Ring Binder,0.556,1,0.8,-0.9452
9312,CA-2014-148642,2014-07-03,,Standard Class,DW-13540,Don Weiss,Consumer,United States,Dallas,Texas,75220,Central,OFF-LA-10000134,Office Supplies,Labels,Avery 511,4.928,2,0.2,1.7248
9313,CA-2014-148642,2014-07-03,,Standard Class,DW-13540,Don Weiss,Consumer,United States,Dallas,Texas,75220,Central,OFF-AR-10000588,Office Supplies,Art,Newell 345,63.488,4,0.2,4.7616
9314,CA-2012-111948,2012-11-11,2012-11-11,Same Day,AG-10495,Andrew Gjertsen,Corporate,United States,Detroit,Michigan,48234,Central,OFF-ST-10003282,Office Supplies,Storage,"Advantus 10-Drawer Portable Organizer, Chrome Metal Frame, Smoke Drawers",418.32,7,0.0,117.1296
9315,CA-2012-111948,2012-11-11,2012-11-11,Same Day,AG-10495,Andrew Gjertsen,Corporate,United States,Detroit,Michigan,48234,Central,OFF-AP-10002311,Office Supplies,Appliances,"Holmes Replacement Filter for HEPA Air Cleaner, Very Large Room, HEPA Filter",123.858,2,0.1,46.7908
9316,CA-2013-161907,2013-06-04,2013-10-04,Standard Class,JH-16180,Justin Hirsh,Consumer,United States,Philadelphia,Pennsylvania,19140,East,TEC-PH-10000141,Technology,Phones,Clearsounds A400,118.782,3,0.4,-27.7158
9317,CA-2013-161907,2013-06-04,2013-10-04,Standard Class,JH-16180,Justin Hirsh,Consumer,United States,Philadelphia,Pennsylvania,19140,East,OFF-SU-10000646,Office Supplies,Supplies,Premier Automatic Letter Opener,769.184,4,0.2,-163.4516
9322,US-2013-111563,2013-05-11,2013-09-11,Standard Class,SM-20005,Sally Matthias,Consumer,United States,Houston,Texas,77041,Central,FUR-FU-10002445,Furniture,Furnishings,"DAX Two-Tone Rosewood/Black Document Frame, Desktop, 5 x 7",11.376,3,0.6,-5.688
9323,US-2013-111563,2013-05-11,2013-09-11,Standard Class,SM-20005,Sally Matthias,Consumer,United States,Houston,Texas,77041,Central,FUR-FU-10000723,Furniture,Furnishings,"Deflect-o EconoMat Studded, No Bevel Mat for Low Pile Carpeting",66.112,4,0.6,-84.2928
9327,US-2014-130687,2014-08-09,2014-11-09,First Class,PF-19225,Phillip Flathmann,Consumer,United States,Edmonds,Washington,98026,West,FUR-FU-10004053,Furniture,Furnishings,DAX Two-Tone Silver Metal Document Frame,80.96,4,0.0,34.8128
9328,US-2014-130687,2014-08-09,2014-11-09,First Class,PF-19225,Phillip Flathmann,Consumer,United States,Edmonds,Washington,98026,West,TEC-PH-10002033,Technology,Phones,Konftel 250 Conference phone - Charcoal black,455.712,2,0.2,34.1784
9329,US-2014-130687,2014-08-09,2014-11-09,First Class,PF-19225,Phillip Flathmann,Consumer,United States,Edmonds,Washington,98026,West,OFF-AR-10004260,Office Supplies,Art,Boston 1799 Powerhouse Electric Pencil Sharpener,25.98,1,0.0,7.2744
9331,US-2012-153283,2012-12-11,,Standard Class,EB-14110,Eugene Barchas,Consumer,United States,New York City,New York,10035,East,OFF-EN-10001539,Office Supplies,Envelopes,Staples,15.56,2,0.0,7.3132
9333,CA-2014-127726,2014-12-09,,Second Class,SS-20410,Shahid Shariari,Consumer,United States,Georgetown,Kentucky,40324,South,OFF-AP-10002578,Office Supplies,Appliances,"Fellowes Premier Superior Surge Suppressor, 10-Outlet, With Phone and Remote",195.68,4,0.0,50.8768
9334,CA-2014-127726,2014-12-09,,Second Class,SS-20410,Shahid Shariari,Consumer,United States,Georgetown,Kentucky,40324,South,OFF-FA-10000992,Office Supplies,Fasteners,"Acco Clips to Go Binder Clips, 24 Clips in Two Sizes",14.2,4,0.0,6.674
9335,CA-2014-110198,2014-02-05,2014-03-05,First Class,AG-10900,Arthur Gainer,Consumer,United States,Coral Springs,Florida,33065,South,FUR-BO-10001798,Furniture,Bookcases,Bush Somerset Collection Bookcase,314.352,3,0.2,-15.7176
9336,CA-2014-110198,2014-02-05,2014-03-05,First Class,AG-10900,Arthur Gainer,Consumer,United States,Coral Springs,Florida,33065,South,OFF-LA-10004409,Office Supplies,Labels,Avery 492,4.608,2,0.2,1.4976
9355,CA-2012-110324,2012-01-12,2012-05-12,Standard Class,MA-17560,Matt Abelman,Home Office,United States,Jackson,Michigan,49201,Central,OFF-PA-10001826,Office Supplies,Paper,Xerox 207,19.44,3,0.0,9.3312
9356,CA-2012-110324,2012-01-12,2012-05-12,Standard Class,MA-17560,Matt Abelman,Home Office,United States,Jackson,Michigan,49201,Central,OFF-AR-10000823,Office Supplies,Art,Newell 307,3.64,2,0.0,1.0192
9357,CA-2012-110324,2012-01-12,2012-05-12,Standard Class,MA-17560,Matt Abelman,Home Office,United States,Jackson,Michigan,49201,Central,OFF-PA-10001776,Office Supplies,Paper,"Wirebound Message Books, Four 2 3/4"" x 5"" Forms per Page, 600 Sets per Book",18.54,2,0.0,8.7138
9367,CA-2011-108147,2011-08-06,,Standard Class,RD-19480,Rick Duston,Consumer,United States,Long Beach,New York,11561,East,OFF-BI-10003876,Office Supplies,Binders,"Green Canvas Binder for 8-1/2"" x 14"" Sheets",68.48,2,0.2,25.68
9368,CA-2011-108147,2011-08-06,,Standard Class,RD-19480,Rick Duston,Consumer,United States,Long Beach,New York,11561,East,OFF-ST-10003470,Office Supplies,Storage,"Tennsco Snap-Together Open Shelving Units, Starter Sets and Add-On Units",1676.88,6,0.0,83.844
9369,CA-2013-154998,2013-08-04,2013-10-04,First Class,ES-14080,Erin Smith,Corporate,United States,Lakewood,New Jersey,8701,East,OFF-PA-10004243,Office Supplies,Paper,Xerox 1939,37.94,2,0.0,18.2112
9370,CA-2014-113460,2014-08-11,2014-10-11,Second Class,KN-16390,Katherine Nockton,Corporate,United States,Clinton,Maryland,20735,East,FUR-CH-10000422,Furniture,Chairs,Global Highback Leather Tilter in Burgundy,272.97,3,0.0,43.6752
9374,CA-2014-102820,2014-08-05,2014-12-05,Standard Class,CS-11950,Carlos Soltero,Consumer,United States,Pasadena,California,91104,West,TEC-PH-10003437,Technology,Phones,Blue Parrot B250XT Professional Grade Wireless Bluetooth Headset with,419.944,7,0.2,52.493
9375,CA-2013-149671,2013-06-06,2013-10-06,Standard Class,KB-16600,Ken Brennan,Corporate,United States,Seattle,Washington,98105,West,OFF-SU-10002537,Office Supplies,Supplies,Acme Box Cutter Scissors,61.38,6,0.0,15.9588
9379,CA-2013-117625,2013-11-05,,Standard Class,GM-14500,Gene McClure,Consumer,United States,Chicago,Illinois,60610,Central,OFF-EN-10001535,Office Supplies,Envelopes,Grip Seal Envelopes,7.072,2,0.2,2.3868
9385,CA-2014-100433,2014-12-08,,Standard Class,SJ-20125,Sanjit Jacobs,Home Office,United States,New York City,New York,10009,East,OFF-PA-10003441,Office Supplies,Paper,Xerox 226,25.92,4,0.0,12.4416
9400,CA-2013-103128,2013-12-11,,Standard Class,SC-20845,Sung Chung,Consumer,United States,Arlington Heights,Illinois,60004,Central,OFF-AR-10003394,Office Supplies,Art,Newell 332,14.112,6,0.2,1.2348
9410,US-2014-110149,2014-11-12,,First Class,WB-21850,William Brown,Consumer,United States,Philadelphia,Pennsylvania,19143,East,OFF-BI-10000014,Office Supplies,Binders,Heavy-Duty E-Z-D Binders,3.273,1,0.7,-2.5093
9411,US-2014-110149,2014-11-12,,First Class,WB-21850,William Brown,Consumer,United States,Philadelphia,Pennsylvania,19143,East,FUR-FU-10001475,Furniture,Furnishings,"Contract Clock, 14"", Brown",87.92,5,0.2,15.386
9412,CA-2013-108959,2013-11-03,,Second Class,MH-17785,Maya Herman,Corporate,United States,Glendale,Arizona,85301,West,OFF-ST-10001272,Office Supplies,Storage,"Mini 13-1/2 Capacity Data Binder Rack, Pearl",104.696,1,0.2,6.5435
9420,CA-2014-152926,2014-03-10,2014-05-10,Second Class,SC-20695,Steve Chapman,Corporate,United States,Houston,Texas,77041,Central,OFF-AP-10004708,Office Supplies,Appliances,Fellowes Superior 10 Outlet Split Surge Protector,15.224,2,0.8,-38.8212
9421,CA-2014-152926,2014-03-10,2014-05-10,Second Class,SC-20695,Steve Chapman,Corporate,United States,Houston,Texas,77041,Central,OFF-AP-10001947,Office Supplies,Appliances,Acco 6 Outlet Guardian Premium Plus Surge Suppressor,21.984,6,0.8,-56.0592
9426,CA-2011-116246,2011-12-09,,Second Class,LW-17215,Luke Weiss,Consumer,United States,New York City,New York,10035,East,FUR-CH-10002024,Furniture,Chairs,HON 5400 Series Task Chairs for Big and Tall,3785.292,6,0.1,420.588
9429,CA-2011-152100,2011-11-05,,Standard Class,VW-21775,Victoria Wilson,Corporate,United States,Huntsville,Texas,77340,Central,FUR-CH-10000015,Furniture,Chairs,Hon Multipurpose Stacking Arm Chairs,1212.96,8,0.3,-69.312
9439,CA-2014-126144,2014-01-08,2014-06-08,Standard Class,GM-14680,Greg Matthias,Consumer,United States,Philadelphia,Pennsylvania,19134,East,TEC-PH-10001079,Technology,Phones,Polycom SoundPoint Pro SE-225 Corded phone,285.576,4,0.4,-57.1152
9440,US-2011-154655,2011-12-10,,Standard Class,BP-11050,Barry Pond,Corporate,United States,Chicago,Illinois,60623,Central,OFF-SU-10000898,Office Supplies,Supplies,"Acme Hot Forged Carbon Steel Scissors with Nickel-Plated Handles, 3 7/8"" Cut, 8""L",22.24,2,0.2,2.502
9443,CA-2014-165904,2014-08-04,2014-12-04,Standard Class,HR-14770,Hallie Redmond,Home Office,United States,Jacksonville,Florida,32216,South,OFF-AR-10003156,Office Supplies,Art,50 Colored Long Pencils,16.256,2,0.2,1.2192
9444,CA-2014-165904,2014-08-04,2014-12-04,Standard Class,HR-14770,Hallie Redmond,Home Office,United States,Jacksonville,Florida,32216,South,TEC-PH-10000576,Technology,Phones,AT&T 1080 Corded phone,219.184,2,0.2,19.1786
9445,CA-2012-104052,2012-01-03,2012-02-03,First Class,TP-21565,Tracy Poddar,Corporate,United States,Coppell,Texas,75019,Central,TEC-PH-10003215,Technology,Phones,Jackery Bar Premium Fast-charging Portable Charger,95.84,4,0.2,34.742
9450,CA-2011-140032,2011-08-09,,Standard Class,TS-21340,Toby Swindell,Consumer,United States,San Francisco,California,94109,West,OFF-BI-10000822,Office Supplies,Binders,"Acco PRESSTEX Data Binder with Storage Hooks, Light Blue, 9 1/2"" X 11""",8.608,2,0.2,3.0128
9451,CA-2014-145506,2014-04-06,2014-08-06,Standard Class,MO-17800,Meg O'Connel,Home Office,United States,Spokane,Washington,99207,West,OFF-ST-10004963,Office Supplies,Storage,Eldon Gobal File Keepers,136.26,9,0.0,5.4504
9459,CA-2011-138240,2011-09-10,,Standard Class,SJ-20500,Shirley Jackson,Consumer,United States,San Francisco,California,94122,West,OFF-AR-10002135,Office Supplies,Art,Boston Heavy-Duty Trimline Electric Pencil Sharpeners,144.6,3,0.0,41.934
9460,CA-2011-138240,2011-09-10,,Standard Class,SJ-20500,Shirley Jackson,Consumer,United States,San Francisco,California,94122,West,TEC-PH-10002583,Technology,Phones,iOttie HLCRIO102 Car Mount,15.992,1,0.2,-2.9985
9467,CA-2014-102925,2014-06-11,2014-11-11,Second Class,CD-12280,Christina DeMoss,Consumer,United States,New York City,New York,10024,East,OFF-BI-10002735,Office Supplies,Binders,GBC Prestige Therm-A-Bind Covers,164.688,6,0.2,55.5822
9468,CA-2014-102925,2014-06-11,2014-11-11,Second Class,CD-12280,Christina DeMoss,Consumer,United States,New York City,New York,10024,East,FUR-TA-10003469,Furniture,Tables,Balt Split Level Computer Training Table,166.5,2,0.4,-66.6
9469,CA-2014-102925,2014-06-11,2014-11-11,Second Class,CD-12280,Christina DeMoss,Consumer,United States,New York City,New York,10024,East,OFF-PA-10001870,Office Supplies,Paper,Xerox 202,12.96,2,0.0,6.2208
9470,CA-2014-102925,2014-06-11,2014-11-11,Second Class,CD-12280,Christina DeMoss,Consumer,United States,New York City,New York,10024,East,OFF-PA-10004071,Office Supplies,Paper,"Eaton Premium Continuous-Feed Paper, 25% Cotton, Letter Size, White, 1000 Shts/Box",110.96,2,0.0,53.2608
9471,CA-2014-102925,2014-06-11,2014-11-11,Second Class,CD-12280,Christina DeMoss,Consumer,United States,New York City,New York,10024,East,TEC-PH-10001448,Technology,Phones,Anker Astro 15000mAh USB Portable Charger,99.98,2,0.0,3.9992
9472,CA-2014-102925,2014-06-11,2014-11-11,Second Class,CD-12280,Christina DeMoss,Consumer,United States,New York City,New York,10024,East,OFF-BI-10002706,Office Supplies,Binders,Avery Premier Heavy-Duty Binder with Round Locking Rings,11.424,1,0.2,3.7128
9473,CA-2014-102925,2014-06-11,2014-11-11,Second Class,CD-12280,Christina DeMoss,Consumer,United States,New York City,New York,10024,East,FUR-CH-10004875,Furniture,Chairs,Harbour Creations 67200 Series Stacking Chairs,128.124,2,0.1,24.2012
9474,CA-2014-102925,2014-06-11,2014-11-11,Second Class,CD-12280,Christina DeMoss,Consumer,United States,New York City,New York,10024,East,FUR-FU-10004245,Furniture,Furnishings,"Career Cubicle Clock, 8 1/4"", Black",101.4,5,0.0,38.532
9479,CA-2011-126193,2011-07-09,,Standard Class,SS-20410,Shahid Shariari,Consumer,United States,Oswego,Illinois,60543,Central,OFF-FA-10000936,Office Supplies,Fasteners,Acco Hot Clips Clips to Go,13.16,5,0.2,4.1125
9480,CA-2011-126193,2011-07-09,,Standard Class,SS-20410,Shahid Shariari,Consumer,United States,Oswego,Illinois,60543,Central,OFF-BI-10001249,Office Supplies,Binders,Avery Heavy-Duty EZD View Binder with Locking Rings,3.828,3,0.8,-6.5076
9481,CA-2011-126193,2011-07-09,,Standard Class,SS-20410,Shahid Shariari,Consumer,United States,Oswego,Illinois,60543,Central,OFF-BI-10004632,Office Supplies,Binders,Ibico Hi-Tech Manual Binding System,304.99,5,0.8,-533.7325
9482,CA-2014-150504,2014-07-11,,Standard Class,HG-14845,Harry Greene,Consumer,United States,Dallas,Texas,75220,Central,OFF-ST-10000615,Office Supplies,Storage,"SimpliFile Personal File, Black Granite, 15w x 6-15/16d x 11-1/4h",18.16,2,0.2,1.816
9485,CA-2013-164770,2013-03-12,2013-05-12,Second Class,MY-18295,Muhammed Yedwab,Corporate,United States,Houston,Texas,77036,Central,FUR-BO-10003893,Furniture,Bookcases,Sauder Camden County Collection Library,781.864,10,0.32,-137.976
9486,CA-2013-164770,2013-03-12,2013-05-12,Second Class,MY-18295,Muhammed Yedwab,Corporate,United States,Houston,Texas,77036,Central,OFF-PA-10003893,Office Supplies,Paper,Xerox 1962,30.816,9,0.2,9.63
9488,US-2014-125213,2014-12-12,,First Class,NB-18655,Nona Balk,Corporate,United States,Paterson,New Jersey,7501,East,OFF-FA-10001561,Office Supplies,Fasteners,Stockwell Push Pins,6.54,3,0.0,2.1582
9489,CA-2012-156566,2012-01-10,2012-04-10,First Class,EM-13960,Eric Murdock,Consumer,United States,Portland,Oregon,97206,West,TEC-PH-10001817,Technology,Phones,Wilson Electronics DB Pro Signal Booster,572.8,2,0.2,50.12
9490,US-2013-102232,2013-06-08,2013-12-08,Standard Class,MF-17665,Maureen Fritzler,Corporate,United States,Huntsville,Alabama,35810,South,OFF-AR-10000538,Office Supplies,Art,"Boston Model 1800 Electric Pencil Sharpener, Gray",197.05,7,0.0,59.115
9491,CA-2014-111738,2014-04-01,2014-08-01,Standard Class,CM-12385,Christopher Martinez,Consumer,United States,San Francisco,California,94110,West,OFF-BI-10004584,Office Supplies,Binders,GBC ProClick 150 Presentation Binding System,2022.272,8,0.2,682.5168
9492,CA-2014-111738,2014-04-01,2014-08-01,Standard Class,CM-12385,Christopher Martinez,Consumer,United States,San Francisco,California,94110,West,OFF-AR-10000817,Office Supplies,Art,Manco Dry-Lighter Erasable Highlighter,9.12,3,0.0,3.1008
9493,CA-2014-163188,2014-08-11,2014-08-11,Same Day,EC-14050,Erin Creighton,Consumer,United States,Oklahoma City,Oklahoma,73120,Central,OFF-BI-10000756,Office Supplies,Binders,Storex DuraTech Recycled Plastic Frosted Binders,38.16,9,0.0,19.08
9494,CA-2013-105207,2013-03-01,2013-08-01,Standard Class,BO-11350,Bill Overfelt,Corporate,United States,Broken Arrow,Oklahoma,74012,Central,FUR-TA-10000617,Furniture,Tables,"Hon Practical Foundations 30 x 60 Training Table, Light Gray/Charcoal",1592.85,7,0.0,350.427
9495,CA-2013-105207,2013-03-01,2013-08-01,Standard Class,BO-11350,Bill Overfelt,Corporate,United States,Broken Arrow,Oklahoma,74012,Central,OFF-BI-10004364,Office Supplies,Binders,Storex Dura Pro Binders,11.88,2,0.0,5.346
9498,CA-2014-118213,2014-06-11,2014-08-11,First Class,AB-10060,Adam Bellavance,Home Office,United States,Greenwood,Indiana,46142,Central,OFF-PA-10002615,Office Supplies,Paper,"Ampad Gold Fibre Wirebound Steno Books, 6"" x 9"", Gregg Ruled",4.41,1,0.0,2.0286
9499,CA-2014-118213,2014-06-11,2014-08-11,First Class,AB-10060,Adam Bellavance,Home Office,United States,Greenwood,Indiana,46142,Central,OFF-PA-10000565,Office Supplies,Paper,Staples,167.94,3,0.0,82.2906
9500,CA-2014-118213,2014-06-11,2014-08-11,First Class,AB-10060,Adam Bellavance,Home Office,United States,Greenwood,Indiana,46142,Central,OFF-PA-10003673,Office Supplies,Paper,Strathmore Photo Mount Cards,67.8,10,0.0,31.188
9507,CA-2011-149104,2011-05-04,2011-07-04,Second Class,RD-19900,Ruben Dartt,Consumer,United States,Dearborn Heights,Michigan,48127,Central,OFF-AR-10002952,Office Supplies,Art,Stanley Contemporary Battery Pencil Sharpeners,26.7,2,0.0,7.476
9508,CA-2011-149104,2011-05-04,2011-07-04,Second Class,RD-19900,Ruben Dartt,Consumer,United States,Dearborn Heights,Michigan,48127,Central,OFF-BI-10004209,Office Supplies,Binders,"Fellowes Twister Kit, Gray/Clear, 3/pkg",40.2,5,0.0,18.09
9509,CA-2011-149104,2011-05-04,2011-07-04,Second Class,RD-19900,Ruben Dartt,Consumer,United States,Dearborn Heights,Michigan,48127,Central,OFF-AR-10004685,Office Supplies,Art,"Binney & Smith Crayola Metallic Colored Pencils, 8-Color Set",13.89,3,0.0,4.5837
9510,CA-2011-149104,2011-05-04,2011-07-04,Second Class,RD-19900,Ruben Dartt,Consumer,United States,Dearborn Heights,Michigan,48127,Central,OFF-ST-10000991,Office Supplies,Storage,Space Solutions HD Industrial Steel Shelving.,689.82,6,0.0,20.6946
9511,CA-2013-105263,2013-07-08,2013-12-08,Standard Class,LM-17065,Liz MacKendrick,Consumer,United States,New York City,New York,10024,East,OFF-AR-10002399,Office Supplies,Art,"Dixon Prang Watercolor Pencils, 10-Color Set with Brush",38.34,9,0.0,15.7194
9520,US-2014-104451,2014-09-05,,Second Class,MM-18055,Michelle Moray,Consumer,United States,San Francisco,California,94110,West,OFF-AP-10000692,Office Supplies,Appliances,Fellowes Mighty 8 Compact Surge Protector,81.08,4,0.0,22.7024
9521,CA-2013-101189,2013-04-02,2013-09-02,Standard Class,JB-15400,Jennifer Braxton,Corporate,United States,Los Angeles,California,90049,West,OFF-ST-10004180,Office Supplies,Storage,Safco Commercial Shelving,93.02,2,0.0,3.7208
9525,CA-2014-156958,2014-06-12,2014-07-12,First Class,PB-18805,Patrick Bzostek,Home Office,United States,Seattle,Washington,98115,West,OFF-BI-10001524,Office Supplies,Binders,GBC Premium Transparent Covers with Diagonal Lined Pattern,83.92,5,0.2,29.372
9526,CA-2014-156958,2014-06-12,2014-07-12,First Class,PB-18805,Patrick Bzostek,Home Office,United States,Seattle,Washington,98115,West,FUR-FU-10003268,Furniture,Furnishings,Eldon Radial Chair Mat for Low to Medium Pile Carpets,199.9,5,0.0,39.98
9527,CA-2014-156958,2014-06-12,2014-07-12,First Class,PB-18805,Patrick Bzostek,Home Office,United States,Seattle,Washington,98115,West,TEC-PH-10000148,Technology,Phones,Cyber Acoustics AC-202b Speech Recognition Stereo Headset,31.176,3,0.2,-7.0146
9528,CA-2014-156958,2014-06-12,2014-07-12,First Class,PB-18805,Patrick Bzostek,Home Office,United States,Seattle,Washington,98115,West,OFF-BI-10001543,Office Supplies,Binders,GBC VeloBinder Manual Binding System,172.752,6,0.2,60.4632
9529,CA-2014-156958,2014-06-12,2014-07-12,First Class,PB-18805,Patrick Bzostek,Home Office,United States,Seattle,Washington,98115,West,OFF-BI-10002071,Office Supplies,Binders,Fellowes Black Plastic Comb Bindings,9.296,2,0.2,3.0212
9531,CA-2014-111759,2014-09-07,,Standard Class,MR-17545,Mathew Reese,Home Office,United States,Seattle,Washington,98103,West,OFF-PA-10003127,Office Supplies,Paper,Staples,52.76,2,0.0,24.2696
9539,US-2014-169488,2014-08-09,2014-10-09,First Class,AA-10375,Allen Armold,Consumer,United States,Providence,Rhode Island,2908,East,OFF-PA-10002659,Office Supplies,Paper,Avoid Verbal Orders Carbonless Minifold Book,16.9,5,0.0,7.774
9540,US-2014-169488,2014-08-09,2014-10-09,First Class,AA-10375,Allen Armold,Consumer,United States,Providence,Rhode Island,2908,East,OFF-PA-10000157,Office Supplies,Paper,Xerox 191,39.96,2,0.0,18.7812
9541,CA-2012-135727,2012-11-05,,Second Class,PS-18970,Paul Stevenson,Home Office,United States,Phoenix,Arizona,85023,West,FUR-CH-10004540,Furniture,Chairs,Global Chrome Stack Chair,191.968,7,0.2,16.7972
9542,CA-2012-135251,2012-06-08,2012-10-08,Standard Class,RP-19270,Rachel Payne,Corporate,United States,Houston,Texas,77095,Central,OFF-LA-10004544,Office Supplies,Labels,Avery 505,35.52,3,0.2,13.32
9543,CA-2012-135251,2012-06-08,2012-10-08,Standard Class,RP-19270,Rachel Payne,Corporate,United States,Houston,Texas,77095,Central,OFF-BI-10001097,Office Supplies,Binders,Avery Hole Reinforcements,6.23,5,0.8,-9.6565
9544,CA-2012-135251,2012-06-08,2012-10-08,Standard Class,RP-19270,Rachel Payne,Corporate,United States,Houston,Texas,77095,Central,OFF-PA-10003302,Office Supplies,Paper,Xerox 1906,56.704,2,0.2,19.1376
9545,CA-2012-135251,2012-06-08,2012-10-08,Standard Class,RP-19270,Rachel Payne,Corporate,United States,Houston,Texas,77095,Central,FUR-BO-10003965,Furniture,Bookcases,O'Sullivan Manor Hill 2-Door Library in Brianna Oak,369.1992,3,0.32,-114.0174
9551,CA-2012-160864,2012-03-05,2012-06-05,First Class,NF-18595,Nicole Fjeld,Home Office,United States,San Jose,California,95123,West,OFF-BI-10004654,Office Supplies,Binders,Avery Binding System Hidden Tab Executive Style Index Sets,13.848,3,0.2,5.193
9552,CA-2012-147690,2012-10-11,,Standard Class,SC-20020,Sam Craven,Consumer,United States,Philadelphia,Pennsylvania,19140,East,OFF-ST-10001526,Office Supplies,Storage,Iceberg Mobile Mega Data/Printer Cart,577.584,6,0.2,43.3188
9557,CA-2012-156853,2012-03-12,2012-05-12,Second Class,HP-14815,Harold Pawlan,Home Office,United States,Concord,New Hampshire,3301,East,OFF-PA-10003656,Office Supplies,Paper,Xerox 1935,184.66,7,0.0,84.9436
9559,CA-2013-129280,2013-04-05,2013-06-05,First Class,SM-20905,Susan MacKendrick,Consumer,United States,Newark,Ohio,43055,East,TEC-AC-10003832,Technology,Accessories,Imation 16GB Mini TravelDrive USB 2.0 Flash Drive,132.52,5,0.2,34.7865
9560,CA-2013-129280,2013-04-05,2013-06-05,First Class,SM-20905,Susan MacKendrick,Consumer,United States,Newark,Ohio,43055,East,OFF-ST-10002554,Office Supplies,Storage,Tennsco Industrial Shelving,195.64,5,0.2,-44.019
9561,CA-2013-129280,2013-04-05,2013-06-05,First Class,SM-20905,Susan MacKendrick,Consumer,United States,Newark,Ohio,43055,East,FUR-FU-10001876,Furniture,Furnishings,"Computer Room Manger, 14""",51.968,2,0.2,10.3936
9562,CA-2013-129280,2013-04-05,2013-06-05,First Class,SM-20905,Susan MacKendrick,Consumer,United States,Newark,Ohio,43055,East,TEC-AC-10002637,Technology,Accessories,Logitech VX Revolution Cordless Laser Mouse for Notebooks (Black),431.976,3,0.2,-75.5958
9563,CA-2013-129280,2013-04-05,2013-06-05,First Class,SM-20905,Susan MacKendrick,Consumer,United States,Newark,Ohio,43055,East,TEC-MA-10003589,Technology,Machines,Cisco 8961 IP Phone Charcoal,224.937,3,0.7,-164.9538
9564,CA-2013-129280,2013-04-05,2013-06-05,First Class,SM-20905,Susan MacKendrick,Consumer,United States,Newark,Ohio,43055,East,OFF-LA-10000081,Office Supplies,Labels,Avery 496,6.0,2,0.2,2.1
9565,CA-2012-161242,2012-01-06,2012-08-06,Standard Class,CG-12040,Catherine Glotzbach,Home Office,United States,Los Angeles,California,90045,West,OFF-PA-10001838,Office Supplies,Paper,"Adams Telephone Message Book W/Dividers/Space For Phone Numbers, 5 1/4""X8 1/2"", 300/Messages",11.76,2,0.0,5.7624
9569,CA-2014-104388,2014-06-07,2014-08-07,First Class,DK-12835,Damala Kotsonis,Corporate,United States,Fremont,Nebraska,68025,Central,TEC-PH-10002293,Technology,Phones,Anker 36W 4-Port USB Wall Charger Travel Power Adapter for iPhone 5s 5c 5,79.96,4,0.0,22.3888
9583,CA-2013-107475,2013-08-06,2013-12-06,Standard Class,RS-19870,Roy Skaria,Home Office,United States,Philadelphia,Pennsylvania,19120,East,OFF-FA-10002988,Office Supplies,Fasteners,Ideal Clamps,9.648,6,0.2,3.4974
9590,CA-2011-119172,2011-11-05,,Standard Class,HD-14785,Harold Dahlen,Home Office,United States,Chicago,Illinois,60610,Central,OFF-PA-10003036,Office Supplies,Paper,"Black Print Carbonless 8 1/2"" x 8 1/4"" Rapid Memo Book",17.472,3,0.2,5.6784
9591,CA-2011-119172,2011-11-05,,Standard Class,HD-14785,Harold Dahlen,Home Office,United States,Chicago,Illinois,60610,Central,OFF-BI-10002026,Office Supplies,Binders,Avery Arch Ring Binders,104.58,9,0.8,-172.557
9601,CA-2014-107797,2014-09-05,2014-12-05,Second Class,EB-13705,Ed Braxton,Corporate,United States,Mansfield,Texas,76063,Central,OFF-PA-10003848,Office Supplies,Paper,Xerox 1997,41.472,8,0.2,14.5152
9602,CA-2013-117604,2013-05-09,2013-10-09,Standard Class,JP-15520,Jeremy Pistek,Consumer,United States,Jonesboro,Arkansas,72401,South,OFF-PA-10001357,Office Supplies,Paper,Xerox 1886,239.5,5,0.0,114.96
9605,CA-2012-138625,2012-02-11,2012-05-11,First Class,EG-13900,Emily Grady,Consumer,United States,Chesapeake,Virginia,23320,South,OFF-AP-10003099,Office Supplies,Appliances,"Eureka Hand Vacuum, Bagless",197.72,4,0.0,55.3616
9606,US-2014-122672,2014-05-11,2014-10-11,Standard Class,HG-14965,Henry Goldwyn,Corporate,United States,Lancaster,Ohio,43130,East,TEC-AC-10002323,Technology,Accessories,SanDisk Ultra 32 GB MicroSDHC Class 10 Memory Card,70.72,4,0.2,-6.188
9607,US-2014-122672,2014-05-11,2014-10-11,Standard Class,HG-14965,Henry Goldwyn,Corporate,United States,Lancaster,Ohio,43130,East,OFF-ST-10002344,Office Supplies,Storage,"Carina 42""Hx23 3/4""W Media Storage Unit",194.352,3,0.2,-43.7292
9608,CA-2014-117128,2014-06-12,2014-09-12,Second Class,BF-11080,Bart Folk,Consumer,United States,New York City,New York,10024,East,OFF-PA-10000007,Office Supplies,Paper,"Telephone Message Books with Fax/Mobile Section, 4 1/4"" x 6""",21.6,6,0.0,9.936
9609,CA-2014-117128,2014-06-12,2014-09-12,Second Class,BF-11080,Bart Folk,Consumer,United States,New York City,New York,10024,East,OFF-LA-10000248,Office Supplies,Labels,Avery 52,11.07,3,0.0,5.2029
9614,CA-2011-128524,2011-11-11,,First Class,MZ-17515,Mary Zewe,Corporate,United States,Seattle,Washington,98115,West,OFF-AP-10002892,Office Supplies,Appliances,Belkin F5C206VTEL 6 Outlet Surge,22.98,1,0.0,6.894
9615,CA-2011-128524,2011-11-11,,First Class,MZ-17515,Mary Zewe,Corporate,United States,Seattle,Washington,98115,West,TEC-AC-10002718,Technology,Accessories,Belkin Standard 104 key USB Keyboard,102.13,7,0.0,15.3195
9616,CA-2011-128524,2011-11-11,,First Class,MZ-17515,Mary Zewe,Corporate,United States,Seattle,Washington,98115,West,OFF-BI-10003527,Office Supplies,Binders,Fellowes PB500 Electric Punch Plastic Comb Binding Machine with Manual Bind,2033.584,2,0.2,762.594
9631,CA-2013-168844,2013-01-06,2013-07-06,Standard Class,NM-18520,Neoma Murray,Consumer,United States,New York City,New York,10011,East,OFF-BI-10002609,Office Supplies,Binders,Avery Hidden Tab Dividers for Binding Systems,7.152,3,0.2,2.3244
9632,CA-2013-168844,2013-01-06,2013-07-06,Standard Class,NM-18520,Neoma Murray,Consumer,United States,New York City,New York,10011,East,TEC-PH-10003215,Technology,Phones,Jackery Bar Premium Fast-charging Portable Charger,179.7,6,0.0,88.053
9641,CA-2011-104563,2011-07-03,2011-12-03,Standard Class,CM-12715,Craig Molinari,Corporate,United States,Seattle,Washington,98103,West,OFF-AR-10000390,Office Supplies,Art,Newell Chalk Holder,20.65,5,0.0,9.499
9642,CA-2011-104563,2011-07-03,2011-12-03,Standard Class,CM-12715,Craig Molinari,Corporate,United States,Seattle,Washington,98103,West,OFF-ST-10000934,Office Supplies,Storage,"Contico 72""H Heavy-Duty Storage System",204.9,5,0.0,0.0
9643,CA-2011-104563,2011-07-03,2011-12-03,Standard Class,CM-12715,Craig Molinari,Corporate,United States,Seattle,Washington,98103,West,FUR-CH-10002780,Furniture,Chairs,Office Star - Task Chair with Contemporary Loop Arms,436.704,6,0.2,21.8352
9644,CA-2011-104563,2011-07-03,2011-12-03,Standard Class,CM-12715,Craig Molinari,Corporate,United States,Seattle,Washington,98103,West,FUR-CH-10004495,Furniture,Chairs,"Global Leather and Oak Executive Chair, Black",481.568,2,0.2,54.1764
9645,US-2014-107979,2014-09-06,,Standard Class,FO-14305,Frank Olsen,Consumer,United States,Glendale,Arizona,85301,West,TEC-AC-10002006,Technology,Accessories,Memorex Micro Travel Drive 16 GB,89.544,7,0.2,12.3123
9646,US-2014-107979,2014-09-06,,Standard Class,FO-14305,Frank Olsen,Consumer,United States,Glendale,Arizona,85301,West,OFF-ST-10002485,Office Supplies,Storage,Rogers Deluxe File Chest,35.168,2,0.2,-8.3524
9647,US-2014-107979,2014-09-06,,Standard Class,FO-14305,Frank Olsen,Consumer,United States,Glendale,Arizona,85301,West,OFF-BI-10000778,Office Supplies,Binders,GBC VeloBinder Electric Binding Machine,72.588,2,0.7,-48.392
9661,CA-2013-160717,2013-07-06,2013-12-06,Standard Class,ME-17320,Maria Etezadi,Home Office,United States,Santa Barbara,California,93101,West,TEC-PH-10001459,Technology,Phones,Samsung Galaxy Mega 6.3,3023.928,9,0.2,226.7946
9662,CA-2013-160717,2013-07-06,2013-12-06,Standard Class,ME-17320,Maria Etezadi,Home Office,United States,Santa Barbara,California,93101,West,TEC-AC-10002134,Technology,Accessories,Rosewill 107 Normal Keys USB Wired Standard Keyboard,26.96,2,0.0,3.7744
9663,CA-2013-160717,2013-07-06,2013-12-06,Standard Class,ME-17320,Maria Etezadi,Home Office,United States,Santa Barbara,California,93101,West,TEC-PH-10001760,Technology,Phones,Bose SoundLink Bluetooth Speaker,477.6,3,0.2,161.19
9664,CA-2014-132619,2014-01-09,2014-06-09,Standard Class,MS-17770,Maxwell Schwartz,Consumer,United States,San Francisco,California,94109,West,OFF-ST-10001511,Office Supplies,Storage,Space Solutions Commercial Steel Shelving,193.95,3,0.0,9.6975
9665,US-2012-120957,2012-07-12,2012-07-12,Same Day,KH-16690,Kristen Hastings,Corporate,United States,Riverside,California,92503,West,OFF-PA-10003953,Office Supplies,Paper,Xerox 218,12.96,2,0.0,6.2208
9670,CA-2014-145275,2014-03-04,2014-07-04,Standard Class,AH-10465,Amy Hunt,Consumer,United States,Decatur,Alabama,35601,South,OFF-LA-10001569,Office Supplies,Labels,Avery 499,14.94,3,0.0,6.8724
9676,CA-2013-137393,2013-07-05,2013-11-05,Standard Class,GM-14500,Gene McClure,Consumer,United States,Bakersfield,California,93309,West,FUR-FU-10001617,Furniture,Furnishings,"Executive Impressions 8-1/2"" Career Panel/Partition Cubicle Clock",41.6,4,0.0,14.144
9686,CA-2014-118668,2014-03-01,2014-05-01,Second Class,FW-14395,Fred Wasserman,Corporate,United States,Los Angeles,California,90032,West,TEC-AC-10000682,Technology,Accessories,Kensington K72356US Mouse-in-a-Box USB Desktop Mouse,16.59,1,0.0,5.8065
9688,US-2014-130603,2014-01-10,2014-07-10,Standard Class,SC-20050,Sample Company A,Home Office,United States,Arlington,Texas,76017,Central,OFF-BI-10000301,Office Supplies,Binders,GBC Instant Report Kit,11.646,9,0.8,-17.469
9691,CA-2014-140536,2014-05-04,2014-06-04,First Class,TA-21385,Tom Ashbrook,Home Office,United States,New York City,New York,10035,East,OFF-AR-10001545,Office Supplies,Art,Newell 326,7.04,4,0.0,2.0416
9696,US-2013-151260,2013-12-12,,First Class,SC-20695,Steve Chapman,Corporate,United States,Springfield,Ohio,45503,East,OFF-AP-10002892,Office Supplies,Appliances,Belkin F5C206VTEL 6 Outlet Surge,73.536,4,0.2,9.192
9697,CA-2011-144281,2011-10-06,,Second Class,HK-14890,Heather Kirkland,Corporate,United States,Detroit,Michigan,48234,Central,OFF-LA-10003930,Office Supplies,Labels,"Dot Matrix Printer Tape Reel Labels, White, 5000/Box",491.55,5,0.0,240.8595
9698,CA-2013-122511,2013-12-03,2013-12-03,Same Day,BT-11485,Brad Thomas,Home Office,United States,Philadelphia,Pennsylvania,19140,East,FUR-FU-10001037,Furniture,Furnishings,"DAX Charcoal/Nickel-Tone Document Frame, 5 x 7",30.336,4,0.2,9.48
9703,CA-2014-147032,2014-01-08,2014-05-08,Standard Class,LB-16795,Laurel Beltran,Home Office,United States,Wilmington,Delaware,19805,East,OFF-PA-10003256,Office Supplies,Paper,Avery Personal Creations Heavyweight Cards,11.54,1,0.0,5.5392
9704,CA-2014-147032,2014-01-08,2014-05-08,Standard Class,LB-16795,Laurel Beltran,Home Office,United States,Wilmington,Delaware,19805,East,OFF-BI-10003656,Office Supplies,Binders,Fellowes PB200 Plastic Comb Binding Machine,849.95,5,0.0,390.977
9705,CA-2014-147032,2014-01-08,2014-05-08,Standard Class,LB-16795,Laurel Beltran,Home Office,United States,Wilmington,Delaware,19805,East,OFF-BI-10002897,Office Supplies,Binders,"Black Avery Memo-Size 3-Ring Binder, 5 1/2"" x 8 1/2""",11.01,3,0.0,5.3949
9711,CA-2011-114251,2011-05-11,2011-10-11,Standard Class,MD-17350,Maribeth Dona,Consumer,United States,Philadelphia,Pennsylvania,19143,East,FUR-FU-10001468,Furniture,Furnishings,Tenex Antistatic Computer Chair Mats,273.568,2,0.2,-34.196
9712,CA-2011-114251,2011-05-11,2011-10-11,Standard Class,MD-17350,Maribeth Dona,Consumer,United States,Philadelphia,Pennsylvania,19143,East,OFF-BI-10003684,Office Supplies,Binders,Wilson Jones Legal Size Ring Binders,13.194,2,0.7,-8.796
9713,CA-2011-114251,2011-05-11,2011-10-11,Standard Class,MD-17350,Maribeth Dona,Consumer,United States,Philadelphia,Pennsylvania,19143,East,OFF-ST-10003716,Office Supplies,Storage,Tennsco Double-Tier Lockers,1080.096,6,0.2,-94.5084
9714,CA-2011-114251,2011-05-11,2011-10-11,Standard Class,MD-17350,Maribeth Dona,Consumer,United States,Philadelphia,Pennsylvania,19143,East,TEC-AC-10001101,Technology,Accessories,Sony 16GB Class 10 Micro SDHC R40 Memory Card,51.56,5,0.2,-6.445
9715,CA-2011-114251,2011-05-11,2011-10-11,Standard Class,MD-17350,Maribeth Dona,Consumer,United States,Philadelphia,Pennsylvania,19143,East,TEC-AC-10004864,Technology,Accessories,Memorex Micro Travel Drive 32 GB,58.416,2,0.2,16.7946
9716,CA-2013-116379,2013-08-11,,Standard Class,LD-17005,Lisa DeCherney,Consumer,United States,San Francisco,California,94122,West,OFF-BI-10001543,Office Supplies,Binders,GBC VeloBinder Manual Binding System,57.584,2,0.2,20.1544
9725,CA-2012-117898,2012-05-12,2012-11-12,Standard Class,TB-21250,Tim Brockman,Consumer,United States,Bloomington,Illinois,61701,Central,OFF-EN-10004459,Office Supplies,Envelopes,Security-Tint Envelopes,12.224,2,0.2,4.4312
9727,CA-2014-167395,2014-03-12,2014-05-12,First Class,KM-16720,Kunst Miller,Consumer,United States,Lowell,Massachusetts,1852,East,OFF-AP-10001293,Office Supplies,Appliances,Belkin 8 Outlet Surge Protector,286.86,7,0.0,80.3208
9728,CA-2014-167395,2014-03-12,2014-05-12,First Class,KM-16720,Kunst Miller,Consumer,United States,Lowell,Massachusetts,1852,East,TEC-PH-10004977,Technology,Phones,GE 30524EE4,979.95,5,0.0,284.1855
9729,CA-2014-167395,2014-03-12,2014-05-12,First Class,KM-16720,Kunst Miller,Consumer,United States,Lowell,Massachusetts,1852,East,OFF-SU-10001935,Office Supplies,Supplies,Staples,4.36,2,0.0,0.1744
9742,CA-2012-117086,2012-08-11,2012-12-11,Standard Class,QJ-19255,Quincy Jones,Corporate,United States,Burlington,Vermont,5408,East,FUR-BO-10004834,Furniture,Bookcases,"Riverside Palais Royal Lawyers Bookcase, Royale Cherry Finish",4404.9,5,0.0,1013.127
9748,US-2011-140914,2011-11-11,,Standard Class,BH-11710,Brosina Hoffman,Consumer,United States,Chicago,Illinois,60653,Central,FUR-FU-10000175,Furniture,Furnishings,DAX Wood Document Frame.,10.984,2,0.6,-7.9634
9749,US-2011-140914,2011-11-11,,Standard Class,BH-11710,Brosina Hoffman,Consumer,United States,Chicago,Illinois,60653,Central,FUR-CH-10003379,Furniture,Chairs,Global Commerce Series High-Back Swivel/Tilt Chairs,797.944,4,0.3,-56.996
9750,CA-2013-158358,2013-05-03,2013-09-03,Standard Class,EM-13810,Eleni McCrary,Corporate,United States,Dover,New Hampshire,3820,East,TEC-AC-10002567,Technology,Accessories,Logitech G602 Wireless Gaming Mouse,159.98,2,0.0,57.5928
9751,CA-2013-113390,2013-12-10,,Standard Class,EP-13915,Emily Phan,Consumer,United States,Chicago,Illinois,60610,Central,OFF-AR-10003183,Office Supplies,Art,Avery Fluorescent Highlighter Four-Color Set,5.344,2,0.2,0.668
9752,CA-2013-113390,2013-12-10,,Standard Class,EP-13915,Emily Phan,Consumer,United States,Chicago,Illinois,60610,Central,OFF-AR-10001446,Office Supplies,Art,Newell 309,27.72,3,0.2,3.465
9753,US-2013-158680,2013-02-07,2013-03-07,First Class,NZ-18565,Nick Zandusky,Home Office,United States,Seattle,Washington,98115,West,OFF-BI-10000145,Office Supplies,Binders,Zipper Ring Binder Pockets,2.496,1,0.2,0.9048
9760,CA-2013-146913,2013-01-11,2013-06-11,Standard Class,SF-20965,Sylvia Foulston,Corporate,United States,San Francisco,California,94109,West,FUR-CH-10001854,Furniture,Chairs,Office Star - Professional Matrix Back Chair with 2-to-1 Synchro Tilt and Mesh Fabric Seat,1403.92,5,0.2,70.196
9761,CA-2014-159135,2014-05-11,2014-09-11,Standard Class,KM-16375,Katherine Murray,Home Office,United States,Springdale,Arkansas,72762,South,OFF-AR-10000657,Office Supplies,Art,"Binney & Smith inkTank Desk Highlighter, Chisel Tip, Yellow, 12/Box",4.3,2,0.0,1.419
9766,CA-2014-101959,2014-01-03,2014-07-03,Standard Class,DB-13660,Duane Benoit,Consumer,United States,Middletown,Connecticut,6457,East,OFF-BI-10001757,Office Supplies,Binders,Pressboard Hanging Data Binders for Unburst Sheets,9.84,2,0.0,4.7232
9767,CA-2014-101959,2014-01-03,2014-07-03,Standard Class,DB-13660,Duane Benoit,Consumer,United States,Middletown,Connecticut,6457,East,OFF-PA-10002137,Office Supplies,Paper,"Southworth 100% Résumé Paper, 24lb.",7.78,1,0.0,3.501
9768,CA-2014-102659,2014-10-12,,Standard Class,LW-17215,Luke Weiss,Consumer,United States,Grand Rapids,Michigan,49505,Central,OFF-BI-10000088,Office Supplies,Binders,GBC Imprintable Covers,54.9,5,0.0,26.901
9769,CA-2014-142328,2014-08-12,,Standard Class,TC-21535,Tracy Collins,Home Office,United States,San Francisco,California,94122,West,OFF-PA-10000380,Office Supplies,Paper,"REDIFORM Incoming/Outgoing Call Register, 11"" X 8 1/2"", 100 Messages",50.04,6,0.0,25.02
9773,CA-2013-104983,2013-04-07,2013-04-07,Same Day,FM-14215,Filia McAdams,Corporate,United States,Philadelphia,Pennsylvania,19143,East,OFF-PA-10000167,Office Supplies,Paper,Xerox 1925,123.92,5,0.2,38.725
9786,CA-2012-155635,2012-09-05,,Standard Class,ME-17725,Max Engle,Consumer,United States,Louisville,Kentucky,40214,South,OFF-BI-10000962,Office Supplies,Binders,"Acco Flexible ACCOHIDE Square Ring Data Binder, Dark Blue, 11 1/2"" X 14"" 7/8""",48.81,3,0.0,23.9169
9787,US-2011-114377,2011-05-11,2011-05-11,Same Day,BG-11035,Barry Gonzalez,Consumer,United States,Hampton,Virginia,23666,South,FUR-CH-10004754,Furniture,Chairs,"Global Stack Chair with Arms, Black",149.9,5,0.0,40.473
9797,CA-2012-128608,2012-12-01,,Standard Class,CS-12490,Cindy Schnelling,Corporate,United States,Toledo,Ohio,43615,East,OFF-AR-10001374,Office Supplies,Art,"BIC Brite Liner Highlighters, Chisel Tip",10.368,2,0.2,1.5552
9798,CA-2012-128608,2012-12-01,,Standard Class,CS-12490,Cindy Schnelling,Corporate,United States,Toledo,Ohio,43615,East,TEC-PH-10004977,Technology,Phones,GE 30524EE4,235.188,2,0.4,-43.1178
9799,CA-2012-128608,2012-12-01,,Standard Class,CS-12490,Cindy Schnelling,Corporate,United States,Toledo,Ohio,43615,East,TEC-PH-10000912,Technology,Phones,Anker 24W Portable Micro USB Car Charger,26.376,4,0.4,2.6376
9800,CA-2012-128608,2012-12-01,,Standard Class,CS-12490,Cindy Schnelling,Corporate,United States,Toledo,Ohio,43615,East,TEC-AC-10000487,Technology,Accessories,SanDisk Cruzer 4 GB USB Flash Drive,10.384,2,0.2,2.2066
9801,CA-2012-128608,2012-12-01,,Standard Class,CS-12490,Cindy Schnelling,Corporate,United States,Toledo,Ohio,43615,East,TEC-PH-10002262,Technology,Phones,LG Electronics Tone+ HBS-730 Bluetooth Headset,107.118,3,0.4,-21.4236
9810,US-2011-139640,2011-07-11,2011-11-11,Second Class,TB-21595,Troy Blackwell,Consumer,United States,Portland,Oregon,97206,West,OFF-PA-10000304,Office Supplies,Paper,Xerox 1995,25.92,5,0.2,9.072
9811,US-2011-139640,2011-07-11,2011-11-11,Second Class,TB-21595,Troy Blackwell,Consumer,United States,Portland,Oregon,97206,West,OFF-AR-10002240,Office Supplies,Art,Panasonic KP-150 Electric Pencil Sharpener,120.768,4,0.2,9.0576
9816,CA-2012-162201,2012-08-06,2012-12-06,Standard Class,AG-10495,Andrew Gjertsen,Corporate,United States,Saint Petersburg,Florida,33710,South,OFF-PA-10002581,Office Supplies,Paper,Xerox 1951,173.488,7,0.2,54.215
9817,CA-2012-162201,2012-08-06,2012-12-06,Standard Class,AG-10495,Andrew Gjertsen,Corporate,United States,Saint Petersburg,Florida,33710,South,OFF-ST-10000046,Office Supplies,Storage,Fellowes Super Stor/Drawer Files,516.96,4,0.2,-6.462
9818,CA-2012-162201,2012-08-06,2012-12-06,Standard Class,AG-10495,Andrew Gjertsen,Corporate,United States,Saint Petersburg,Florida,33710,South,FUR-FU-10001185,Furniture,Furnishings,"Advantus Employee of the Month Certificate Frame, 11 x 13-1/2",173.208,7,0.2,45.4671
9819,CA-2012-162201,2012-08-06,2012-12-06,Standard Class,AG-10495,Andrew Gjertsen,Corporate,United States,Saint Petersburg,Florida,33710,South,OFF-AR-10003856,Office Supplies,Art,Newell 344,4.448,2,0.2,0.3336
9820,CA-2012-162201,2012-08-06,2012-12-06,Standard Class,AG-10495,Andrew Gjertsen,Corporate,United States,Saint Petersburg,Florida,33710,South,OFF-LA-10001982,Office Supplies,Labels,Smead Alpha-Z Color-Coded Name Labels First Letter Starter Set,9.0,3,0.2,3.15
9821,CA-2012-162201,2012-08-06,2012-12-06,Standard Class,AG-10495,Andrew Gjertsen,Corporate,United States,Saint Petersburg,Florida,33710,South,OFF-PA-10001215,Office Supplies,Paper,Xerox 1963,42.24,10,0.2,13.2
9822,CA-2012-162201,2012-08-06,2012-12-06,Standard Class,AG-10495,Andrew Gjertsen,Corporate,United States,Saint Petersburg,Florida,33710,South,OFF-BI-10002429,Office Supplies,Binders,"Premier Elliptical Ring Binder, Black",18.264,2,0.7,-13.3936
9835,CA-2013-126627,2013-11-10,,First Class,WB-21850,William Brown,Consumer,United States,La Porte,Texas,77571,Central,FUR-FU-10004963,Furniture,Furnishings,"Eldon 400 Class Desk Accessories, Black Carbon",14.0,4,0.6,-6.3
9836,CA-2013-126627,2013-11-10,,First Class,WB-21850,William Brown,Consumer,United States,La Porte,Texas,77571,Central,OFF-BI-10001597,Office Supplies,Binders,"Wilson Jones Ledger-Size, Piano-Hinge Binder, 2"", Blue",16.392,2,0.8,-26.2272
9844,CA-2011-163867,2011-03-06,2011-06-06,First Class,RE-19450,Richard Eichhorn,Consumer,United States,Decatur,Illinois,62521,Central,OFF-LA-10001771,Office Supplies,Labels,Avery 513,15.936,4,0.2,5.1792
9845,CA-2011-163867,2011-03-06,2011-06-06,First Class,RE-19450,Richard Eichhorn,Consumer,United States,Decatur,Illinois,62521,Central,FUR-FU-10001475,Furniture,Furnishings,"Contract Clock, 14"", Brown",61.544,7,0.6,-40.0036
9846,CA-2011-163867,2011-03-06,2011-06-06,First Class,RE-19450,Richard Eichhorn,Consumer,United States,Decatur,Illinois,62521,Central,OFF-ST-10000877,Office Supplies,Storage,Recycled Steel Personal File for Standard File Folders,132.696,3,0.2,9.9522
9847,CA-2014-169327,2014-03-09,2014-05-09,Second Class,MH-17290,Marc Harrigan,Home Office,United States,Los Angeles,California,90008,West,OFF-AP-10001492,Office Supplies,Appliances,"Acco Six-Outlet Power Strip, 4' Cord Length",43.1,5,0.0,11.206
9848,CA-2014-169327,2014-03-09,2014-05-09,Second Class,MH-17290,Marc Harrigan,Home Office,United States,Los Angeles,California,90008,West,FUR-FU-10004188,Furniture,Furnishings,Luxo Professional Combination Clamp-On Lamps,511.5,5,0.0,132.99
9849,CA-2014-169327,2014-03-09,2014-05-09,Second Class,MH-17290,Marc Harrigan,Home Office,United States,Los Angeles,California,90008,West,OFF-BI-10004330,Office Supplies,Binders,"GBC Velobind Prepunched Cover Sets, Regency Series",147.92,5,0.2,46.225
9850,CA-2011-142979,2011-12-04,,Standard Class,EH-13765,Edward Hooks,Corporate,United States,Lodi,California,95240,West,OFF-AR-10002987,Office Supplies,Art,Prismacolor Color Pencil Set,39.68,2,0.0,16.2688
9851,CA-2013-158155,2013-03-05,2013-07-05,Standard Class,EH-13765,Edward Hooks,Corporate,United States,New York City,New York,10009,East,FUR-FU-10000732,Furniture,Furnishings,Eldon 200 Class Desk Accessories,12.56,2,0.0,4.0192
9852,CA-2013-158155,2013-03-05,2013-07-05,Standard Class,EH-13765,Edward Hooks,Corporate,United States,New York City,New York,10009,East,OFF-BI-10001670,Office Supplies,Binders,Vinyl Sectional Post Binders,90.48,3,0.2,33.93
9853,CA-2013-158155,2013-03-05,2013-07-05,Standard Class,EH-13765,Edward Hooks,Corporate,United States,New York City,New York,10009,East,OFF-PA-10000533,Office Supplies,Paper,Southworth Parchment Paper & Envelopes,13.08,2,0.0,6.0168
9854,CA-2013-158155,2013-03-05,2013-07-05,Standard Class,EH-13765,Edward Hooks,Corporate,United States,New York City,New York,10009,East,FUR-FU-10002253,Furniture,Furnishings,"Howard Miller 13"" Diameter Pewter Finish Round Wall Clock",214.7,5,0.0,83.733
9857,CA-2011-120950,2011-06-11,2011-11-11,Standard Class,GA-14515,George Ashbrook,Consumer,United States,Columbus,Georgia,31907,South,OFF-PA-10000587,Office Supplies,Paper,"Array Parchment Paper, Assorted Colors",43.68,6,0.0,20.9664
9869,CA-2011-114195,2011-01-11,2011-03-11,First Class,EA-14035,Erin Ashbrook,Corporate,United States,Mason,Ohio,45040,East,FUR-FU-10002253,Furniture,Furnishings,"Howard Miller 13"" Diameter Pewter Finish Round Wall Clock",68.704,2,0.2,16.3172
9870,CA-2011-114195,2011-01-11,2011-03-11,First Class,EA-14035,Erin Ashbrook,Corporate,United States,Mason,Ohio,45040,East,OFF-BI-10000494,Office Supplies,Binders,Acco Economy Flexible Poly Round Ring Binder,3.132,2,0.7,-2.61
9871,CA-2011-114195,2011-01-11,2011-03-11,First Class,EA-14035,Erin Ashbrook,Corporate,United States,Mason,Ohio,45040,East,OFF-BI-10001658,Office Supplies,Binders,GBC Standard Therm-A-Bind Covers,22.428,3,0.7,-17.9424
9872,CA-2014-146269,2014-07-10,2014-07-10,Same Day,MH-17455,Mark Hamilton,Consumer,United States,Chicago,Illinois,60623,Central,OFF-ST-10003208,Office Supplies,Storage,Adjustable Depth Letter/Legal Cart,290.336,2,0.2,32.6628
9873,CA-2014-146269,2014-07-10,2014-07-10,Same Day,MH-17455,Mark Hamilton,Consumer,United States,Chicago,Illinois,60623,Central,OFF-AR-10004790,Office Supplies,Art,Staples,19.152,2,0.2,1.197
9874,CA-2013-100587,2013-11-12,,Standard Class,SL-20155,Sara Luxemburg,Home Office,United States,New York City,New York,10024,East,OFF-PA-10004609,Office Supplies,Paper,Xerox 221,6.48,1,0.0,3.1104
9882,CA-2011-153927,2011-12-08,,First Class,LL-16840,Lauren Leatherbury,Consumer,United States,Woodstock,Georgia,30188,South,OFF-BI-10000138,Office Supplies,Binders,Acco Translucent Poly Ring Binders,14.04,3,0.0,6.7392
9883,CA-2011-153927,2011-12-08,,First Class,LL-16840,Lauren Leatherbury,Consumer,United States,Woodstock,Georgia,30188,South,TEC-AC-10000023,Technology,Accessories,"Maxell 74 Minute CD-R Spindle, 50/Pack",272.61,13,0.0,98.1396
9884,CA-2011-112291,2011-03-04,2011-08-04,Standard Class,KE-16420,Katrina Edelman,Corporate,United States,Los Angeles,California,90008,West,OFF-EN-10001415,Office Supplies,Envelopes,Staples,11.16,2,0.0,5.58
9885,CA-2011-112291,2011-03-04,2011-08-04,Standard Class,KE-16420,Katrina Edelman,Corporate,United States,Los Angeles,California,90008,West,TEC-AC-10001284,Technology,Accessories,Enermax Briskie RF Wireless Keyboard and Mouse Combo,62.31,3,0.0,22.4316
9886,CA-2011-112291,2011-03-04,2011-08-04,Standard Class,KE-16420,Katrina Edelman,Corporate,United States,Los Angeles,California,90008,West,TEC-AC-10000736,Technology,Accessories,Logitech G600 MMO Gaming Mouse,159.98,2,0.0,57.5928
9889,CA-2012-127544,2012-08-08,2012-12-08,Standard Class,RD-19585,Rob Dowd,Consumer,United States,Utica,New York,13501,East,TEC-AC-10000736,Technology,Accessories,Logitech G600 MMO Gaming Mouse,79.99,1,0.0,28.7964
9898,CA-2013-112830,2013-07-06,2013-11-06,Standard Class,LP-17095,Liz Preis,Consumer,United States,Fairfield,Ohio,45014,East,FUR-FU-10004306,Furniture,Furnishings,Electrix Halogen Magnifier Lamp,466.32,3,0.2,34.974
9899,CA-2013-112830,2013-07-06,2013-11-06,Standard Class,LP-17095,Liz Preis,Consumer,United States,Fairfield,Ohio,45014,East,FUR-FU-10004845,Furniture,Furnishings,"Deflect-o EconoMat Nonstudded, No Bevel Mat",82.64,2,0.2,0.0
9904,CA-2011-122609,2011-12-11,,Standard Class,DP-13000,Darren Powers,Consumer,United States,Carrollton,Texas,75007,Central,FUR-FU-10004587,Furniture,Furnishings,"GE General Use Halogen Bulbs, 100 Watts, 1 Bulb per Pack",25.128,3,0.6,-6.9102
9905,CA-2011-122609,2011-12-11,,Standard Class,DP-13000,Darren Powers,Consumer,United States,Carrollton,Texas,75007,Central,TEC-AC-10002567,Technology,Accessories,Logitech G602 Wireless Gaming Mouse,127.984,2,0.2,25.5968
9912,US-2011-157231,2011-05-04,2011-09-04,Standard Class,RP-19855,Roy Phan,Corporate,United States,Richmond,Kentucky,40475,South,OFF-BI-10002852,Office Supplies,Binders,Ibico Standard Transparent Covers,115.36,7,0.0,56.5264
9913,CA-2012-132388,2012-10-10,2012-12-10,First Class,KN-16390,Katherine Nockton,Corporate,United States,Santa Barbara,California,93101,West,FUR-CH-10001714,Furniture,Chairs,"Global Leather & Oak Executive Chair, Burgundy",362.136,3,0.2,-54.3204
9914,CA-2012-132388,2012-10-10,2012-12-10,First Class,KN-16390,Katherine Nockton,Corporate,United States,Santa Barbara,California,93101,West,OFF-LA-10000414,Office Supplies,Labels,Avery 503,31.05,3,0.0,14.904
9923,US-2014-162124,2014-07-05,2014-11-05,Standard Class,JF-15490,Jeremy Farry,Consumer,United States,Chicago,Illinois,60653,Central,TEC-AC-10001990,Technology,Accessories,Kensington Orbit Wireless Mobile Trackball for PC and Mac,191.968,4,0.2,28.7952
9929,CA-2013-129630,2013-05-09,2013-05-09,Same Day,IM-15055,Ionia McGrath,Consumer,United States,San Francisco,California,94122,West,FUR-FU-10000260,Furniture,Furnishings,"6"" Cubicle Wall Clock, Black",24.27,3,0.0,8.7372
9930,CA-2013-129630,2013-05-09,2013-05-09,Same Day,IM-15055,Ionia McGrath,Consumer,United States,San Francisco,California,94122,West,TEC-CO-10003763,Technology,Copiers,Canon PC1060 Personal Laser Copier,2799.96,5,0.2,944.9865
9934,CA-2011-166555,2011-11-07,,First Class,JK-15205,Jamie Kunitz,Consumer,United States,Niagara Falls,New York,14304,East,TEC-PH-10004912,Technology,Phones,Cisco SPA112 2 Port Phone Adapter,164.85,3,0.0,47.8065
9935,CA-2013-114405,2013-08-04,,Standard Class,AS-10240,Alan Shonely,Consumer,United States,Philadelphia,Pennsylvania,19120,East,OFF-AP-10003278,Office Supplies,Appliances,Belkin 7-Outlet SurgeMaster Home Series,33.528,3,0.2,2.5146
9936,CA-2013-114405,2013-08-04,,Standard Class,AS-10240,Alan Shonely,Consumer,United States,Philadelphia,Pennsylvania,19120,East,OFF-ST-10001627,Office Supplies,Storage,Eldon Jumbo ProFile Portable File Boxes Graphite/Black,36.744,3,0.2,3.6744
9938,CA-2013-164889,2013-04-06,2013-07-06,Second Class,CP-12340,Christine Phan,Corporate,United States,Los Angeles,California,90049,West,FUR-TA-10001676,Furniture,Tables,Hon 61000 Series Interactive Training Tables,71.088,2,0.2,-1.7772
9945,CA-2012-145415,2012-12-04,,Second Class,RD-19660,Robert Dilbeck,Home Office,United States,Seattle,Washington,98103,West,OFF-ST-10000419,Office Supplies,Storage,"Rogers Jumbo File, Granite",40.74,3,0.0,0.4074
9946,CA-2011-111157,2011-02-03,2011-06-03,Standard Class,NH-18610,Nicole Hansen,Corporate,United States,Philadelphia,Pennsylvania,19120,East,OFF-PA-10000327,Office Supplies,Paper,Xerox 1971,3.424,1,0.2,1.07
9947,CA-2011-111157,2011-02-03,2011-06-03,Standard Class,NH-18610,Nicole Hansen,Corporate,United States,Philadelphia,Pennsylvania,19120,East,TEC-AC-10004353,Technology,Accessories,Hypercom P1300 Pinpad,151.2,3,0.2,32.13
9948,CA-2014-121559,2014-02-06,2014-04-06,Second Class,HW-14935,Helen Wasserman,Corporate,United States,Indianapolis,Indiana,46203,Central,FUR-CH-10003746,Furniture,Chairs,Hon 4070 Series Pagoda Round Back Stacking Chairs,1925.88,6,0.0,539.2464
9949,CA-2014-121559,2014-02-06,2014-04-06,Second Class,HW-14935,Helen Wasserman,Corporate,United States,Indianapolis,Indiana,46203,Central,OFF-AP-10002945,Office Supplies,Appliances,Honeywell Enviracaire Portable HEPA Air Cleaner for 17' x 22' Room,2405.2,8,0.0,793.716
9950,CA-2014-121559,2014-02-06,2014-04-06,Second Class,HW-14935,Helen Wasserman,Corporate,United States,Indianapolis,Indiana,46203,Central,TEC-AC-10004568,Technology,Accessories,Maxell LTO Ultrium - 800 GB,83.97,3,0.0,15.9543
9951,CA-2014-121559,2014-02-06,2014-04-06,Second Class,HW-14935,Helen Wasserman,Corporate,United States,Indianapolis,Indiana,46203,Central,TEC-AC-10001714,Technology,Accessories,Logitech MX Performance Wireless Mouse,39.89,1,0.0,14.7593
9952,CA-2014-121559,2014-02-06,2014-04-06,Second Class,HW-14935,Helen Wasserman,Corporate,United States,Indianapolis,Indiana,46203,Central,OFF-BI-10002072,Office Supplies,Binders,Cardinal Slant-D Ring Binders,17.38,2,0.0,8.69
9957,US-2011-143287,2011-11-11,,Standard Class,KN-16705,Kristina Nunn,Home Office,United States,New Rochelle,New York,10801,East,OFF-PA-10001776,Office Supplies,Paper,"Wirebound Message Books, Four 2 3/4"" x 5"" Forms per Page, 600 Sets per Book",46.35,5,0.0,21.7845
9958,US-2011-143287,2011-11-11,,Standard Class,KN-16705,Kristina Nunn,Home Office,United States,New Rochelle,New York,10801,East,OFF-PA-10004039,Office Supplies,Paper,Xerox 1882,223.92,4,0.0,109.7208
9959,US-2011-143287,2011-11-11,,Standard Class,KN-16705,Kristina Nunn,Home Office,United States,New Rochelle,New York,10801,East,OFF-SU-10001574,Office Supplies,Supplies,Acme Value Line Scissors,7.3,2,0.0,2.19
9960,CA-2014-137421,2014-07-10,2014-12-10,Standard Class,AJ-10945,Ashley Jarboe,Consumer,United States,Chandler,Arizona,85224,West,OFF-AR-10001761,Office Supplies,Art,Avery Hi-Liter Smear-Safe Highlighters,9.344,2,0.2,1.8688
9965,CA-2013-146374,2013-06-12,2013-11-12,Second Class,HE-14800,Harold Engle,Corporate,United States,Newark,Delaware,19711,East,FUR-FU-10002671,Furniture,Furnishings,Electrix 20W Halogen Replacement Bulb for Zoom-In Desk Lamp,13.4,1,0.0,6.432
9966,CA-2013-146374,2013-06-12,2013-11-12,Second Class,HE-14800,Harold Engle,Corporate,United States,Newark,Delaware,19711,East,OFF-PA-10000349,Office Supplies,Paper,Staples,4.98,1,0.0,2.3406
9967,CA-2013-146374,2013-06-12,2013-11-12,Second Class,HE-14800,Harold Engle,Corporate,United States,Newark,Delaware,19711,East,OFF-EN-10004483,Office Supplies,Envelopes,"#10 White Business Envelopes,4 1/8 x 9 1/2",109.69,7,0.0,51.5543
9968,CA-2014-153871,2014-12-12,,Standard Class,RB-19435,Richard Bierner,Consumer,United States,Plainfield,New Jersey,7060,East,OFF-BI-10004209,Office Supplies,Binders,"Fellowes Twister Kit, Gray/Clear, 3/pkg",40.2,5,0.0,18.09
9969,CA-2014-153871,2014-12-12,,Standard Class,RB-19435,Richard Bierner,Consumer,United States,Plainfield,New Jersey,7060,East,OFF-BI-10004600,Office Supplies,Binders,Ibico Ibimaster 300 Manual Binding System,735.98,2,0.0,331.191
9970,CA-2014-153871,2014-12-12,,Standard Class,RB-19435,Richard Bierner,Consumer,United States,Plainfield,New Jersey,7060,East,OFF-AP-10003622,Office Supplies,Appliances,"Bravo II Megaboss 12-Amp Hard Body Upright, Replacement Belts, 2 Belts per Pack",22.75,7,0.0,6.5975
9973,CA-2013-130225,2013-12-09,,Standard Class,RC-19960,Ryan Crowe,Consumer,United States,Houston,Texas,77041,Central,OFF-EN-10000056,Office Supplies,Envelopes,Cameo Buff Policy Envelopes,99.568,2,0.2,33.6042
9974,US-2013-103674,2013-07-12,2013-11-12,Standard Class,AP-10720,Anne Pryor,Home Office,United States,Los Angeles,California,90032,West,TEC-PH-10004080,Technology,Phones,Avaya 5410 Digital phone,271.96,5,0.2,27.196
9975,US-2013-103674,2013-07-12,2013-11-12,Standard Class,AP-10720,Anne Pryor,Home Office,United States,Los Angeles,California,90032,West,OFF-AR-10004752,Office Supplies,Art,Blackstonian Pencils,18.69,7,0.0,5.2332
9976,US-2013-103674,2013-07-12,2013-11-12,Standard Class,AP-10720,Anne Pryor,Home Office,United States,Los Angeles,California,90032,West,OFF-PA-10000743,Office Supplies,Paper,Xerox 1977,13.36,2,0.0,6.4128
9977,US-2013-103674,2013-07-12,2013-11-12,Standard Class,AP-10720,Anne Pryor,Home Office,United States,Los Angeles,California,90032,West,TEC-PH-10002496,Technology,Phones,Cisco SPA301,249.584,2,0.2,31.198
9978,US-2013-103674,2013-07-12,2013-11-12,Standard Class,AP-10720,Anne Pryor,Home Office,United States,Los Angeles,California,90032,West,OFF-FA-10003467,Office Supplies,Fasteners,"Alliance Big Bands Rubber Bands, 12/Pack",13.86,7,0.0,0.0
9979,US-2013-103674,2013-07-12,2013-11-12,Standard Class,AP-10720,Anne Pryor,Home Office,United States,Los Angeles,California,90032,West,OFF-BI-10003727,Office Supplies,Binders,Avery Durable Slant Ring Binders With Label Holder,13.376,4,0.2,4.6816
9980,US-2013-103674,2013-07-12,2013-11-12,Standard Class,AP-10720,Anne Pryor,Home Office,United States,Los Angeles,California,90032,West,OFF-BI-10002026,Office Supplies,Binders,Ibico Recycled Linen-Style Covers,437.472,14,0.2,153.1152
9981,US-2012-151435,2012-06-09,2012-09-09,Second Class,SW-20455,Shaun Weien,Consumer,United States,Lafayette,Louisiana,70506,South,FUR-TA-10001039,Furniture,Tables,KI Adjustable-Height Table,85.98,1,0.0,22.3548
9982,CA-2014-163566,2014-04-08,2014-07-08,First Class,TB-21055,Ted Butterfield,Consumer,United States,Fairfield,Ohio,45014,East,OFF-LA-10004484,Office Supplies,Labels,Avery 476,16.52,5,0.2,5.369
9994,CA-2014-119914,2014-05-05,2014-10-05,Second Class,CC-12220,Chris Cortes,Consumer,United States,Westminster,California,92683,West,OFF-AP-10002684,Office Supplies,Appliances,"Acco 7-Outlet Masterpiece Power Center, Wihtout Fax/Phone Line Protection",243.16,2,0.0,72.948
